instruccion,referencia,base,solo_llm,hibrido
"Perfil del postulante: procede de un colegio público de área urbana (UGEL SAN ROMÁN); promedio de secundaria con desempeño satisfactorio; mayor fortaleza en Comunicación y menor en Ciencia y Tecnología; postulaciones anteriores: 0; preparación preuniversitaria: cepreuna previo; área de interés: ingenierías. Probabilidades estimadas de ingreso: EDUCACIÓN SECUNDARIA DE LA ESPECIALIDAD DE MATEMÁTICA, FÍSICA, COMPUTACIÓN E INFORMÁTICA 42.2 %; ARQUITECTURA Y URBANISMO 36.7 %; INGENIERÍA AGRONÓMICA 36.7 %. Genera una ruta educativa personalizada.","Ruta educativa sugerida. Primera opción recomendada: EDUCACIÓN SECUNDARIA DE LA ESPECIALIDAD DE MATEMÁTICA, FÍSICA, COMPUTACIÓN E INFORMÁTICA, con la mayor probabilidad estimada de ingreso (42.2 %). Alternativas: ARQUITECTURA Y URBANISMO (36.7 %) y INGENIERÍA AGRONÓMICA (36.7 %). Tu fortaleza en Comunicación es coherente con estas opciones. Para mejorar tus posibilidades, refuerza Ciencia y Tecnología antes del examen. Estas probabilidades son estimaciones orientativas basadas en postulantes con perfiles similares, no una garantía de resultado.","Basándome en el perfil y las probabilidades proporcionados, puedo generar una ruta educativa personalizada para que tu postulante pueda aprovechar al máximo sus posibilidades de ingresar a la carrera de Ingeniería en Computación e Informática.

1. **Preparación Preuniversitaria**: 
   - **Cepreuna Previa**: Esta es una excelente base para comenzar su preparación universitaria. La CEPRENA es un programa de formación continua diseñado para ayudar a los estudiantes a superar dificultades en matemáticas y ciencias naturales.
   
2. **Matemáticas**:
   - **Ingles**: Es importante tener buenos conocimientos de inglés ya que muchas empresas requieren competencias en este idioma. Los cursos de inglés pueden ser muy beneficiosos.
   - **Matemáticas Básicas**: Una buena base en matemáticas te permitirá manejar mejor las matem","Ruta educativa sugerida. Primera opción recomendada: INGENIERÍA AGRONÓMICA, con la mayor probabilidad estimada de ingreso (17.6 %). Alternativas: INGENIERÍA GEOLÓGICA (15.2 %) y EDUCACIÓN SECUNDARIA DE LA ESPECIALIDAD DE MATEMÁTICA, FÍSICA, COMPUTACIÓN E INFORMÁTICA (13.2 %). Tu fortaleza en Comunicación es coherente con estas opciones. Para mejorar tus posibilidades, refuerza Ciencia y Tecnología antes del examen. Estas probabilidades son estimaciones orientativas basadas en postulantes con perfiles similares, no una garantía de resultado.","Ruta educativa sugerida. Primera opción recomendada: EDUCACIÓN SECUNDARIA DE LA ESPECIALIDAD DE MATEMÁTICA, FÍSICA, COMPUTACIÓN E INFORMÁTICA, con la mayor probabilidad estimada de ingreso (42.2 %). Alternativas: ARQUITECTURA Y URBANISMO (36.7 %) y INGENIERÍA AGRONÓMICA (36.7 %). Tu fortaleza en Comunicación es coherente con estas opciones. Para mejorar tus posibilidades, refuerza Ciencia y Tecnología antes del examen. Estas probabilidades son estimaciones orientativas basadas en postulantes con perfiles similares, no una garantía de resultado."
Perfil del postulante: procede de un colegio privado de área urbana (UGEL CUSCO); promedio de secundaria con desempeño satisfactorio; mayor fortaleza en Ciencias Sociales y menor en Matemática; postulaciones anteriores: 1; preparación preuniversitaria: ninguna; área de interés: ingenierías. Probabilidades estimadas de ingreso: INGENIERÍA GEOLÓGICA 11.0 %; INGENIERÍA TOPOGRÁFICA Y AGRIMENSURA 9.2 %; INGENIERÍA AGRONÓMICA 8.9 %. Genera una ruta educativa personalizada.,"Ruta educativa sugerida. Primera opción recomendada: INGENIERÍA GEOLÓGICA, con la mayor probabilidad estimada de ingreso (11.0 %). Alternativas: INGENIERÍA TOPOGRÁFICA Y AGRIMENSURA (9.2 %) y INGENIERÍA AGRONÓMICA (8.9 %). Tu fortaleza en Ciencias Sociales es coherente con estas opciones. Para mejorar tus posibilidades, refuerza Matemática antes del examen y considera una preparación preuniversitaria estructurada. Estas probabilidades son estimaciones orientativas basadas en postulantes con perfiles similares, no una garantía de resultado.","Basándome en el perfil proporcionado, aquí tienes una ruta educativa personalizada para que tu postulante pueda aprovechar al máximo sus posibilidades:

1. **Reforzar conocimientos en Ciencias Sociales**: Considerando que es su fortaleza, puedes enfocar más tiempo en materias relacionadas con esta área. Esto podría incluir matemáticas aplicadas, estadística, economía o ciencias políticas.

2. **Prepararse para los exámenes universitarios**: Si aún no ha realizado preparación preuniversitaria, considera opciones como libros de texto, tutoriales online o cursos de prep. 

3. **Practicar matemáticas**: Ya sea por medio de ejercicios prácticos, problemas de cálculo o álgebra, necesitarás practicar para mejorar tus habilidades en este campo.

4. **Formación práctica en geología y topografía agrícola**: Para ingresar","Ruta educativa sugerida. Primera opción recomendada: INGENIERÍA AGRONÓMICA, con la mayor probabilidad estimada de ingreso (26.8 %). Alternativas: INGENIERÍA GEOLÓGICA (25.9 %) y EDUCACIÓN SECUNDARIA DE LA ESPECIALIDAD DE MATEMÁTICA, FÍSICA, COMPUTACIÓN E INFORMÁTICA (23.4 %). Tu fortaleza en Ciencias Sociales es coherente con estas opciones. Para mejorar tus posibilidades, refuerza Matemática antes del examen y considera una preparación preuniversitaria estructurada. Estas probabilidades son estimaciones orientativas basadas en postulantes con perfiles similares, no una garantía de resultado.","Ruta educativa sugerida. Primera opción recomendada: INGENIERÍA GEOLÓGICA, con la mayor probabilidad estimada de ingreso (11.0 %). Alternativas: INGENIERÍA TOPOGRÁFICA Y AGRIMENSURA (9.2 %) y INGENIERÍA AGRONÓMICA (8.9 %). Tu fortaleza en Ciencias Sociales es coherente con estas opciones. Para mejorar tus posibilidades, refuerza Matemática antes del examen y considera una preparación preuniversitaria estructurada. Estas probabilidades son estimaciones orientativas basadas en postulantes con perfiles similares, no una garantía de resultado."
Perfil del postulante: procede de un colegio público de área urbana (UGEL LAMPA); promedio de secundaria con desempeño satisfactorio; mayor fortaleza en Ciencia y Tecnología y menor en Matemática; postulaciones anteriores: 0; preparación preuniversitaria: cepreuna; área de interés: sociales. Probabilidades estimadas de ingreso: TRABAJO SOCIAL 5.1 %; SOCIOLOGÍA 5.1 %; EDUCACIÓN INICIAL 4.8 %. Genera una ruta educativa personalizada.,"Ruta educativa sugerida. Primera opción recomendada: TRABAJO SOCIAL, con la mayor probabilidad estimada de ingreso (5.1 %). Alternativas: SOCIOLOGÍA (5.1 %) y EDUCACIÓN INICIAL (4.8 %). Tu fortaleza en Ciencia y Tecnología es coherente con estas opciones. Para mejorar tus posibilidades, refuerza Matemática antes del examen. Estas probabilidades son estimaciones orientativas basadas en postulantes con perfiles similares, no una garantía de resultado.","Basándome en el perfil proporcionado, aquí tienes una ruta educativa personalizada para que tu postulante pueda aprovechar sus fortalezas y potencial:

1. **Primera Semana**: 
   - **Matemáticas**: Comienza con los fundamentos matemáticos. Utiliza recursos como libros de texto, tutoriales en línea o aplicaciones móviles.
   - **Ciencias y Tecnología**: Aprende sobre ciencia básica y tecnología aplicada. Considera cursos online o seminarios presenciales.

2. **Segunda Semana**:
   - **Educación Social**: Comienza con temas básicos de educación social. Utiliza recursos como libros de texto, videos educativos o conferencias en línea.
   - **Tecnología Educativa**: Comienza con herramientas digitales y plataformas educativas. Considera cursos en línea gratuitos o pagados.

3. **Tercera Semana**","Ruta educativa sugerida. Primera opción recomendada: SOCIOLOGÍA, con la mayor probabilidad estimada de ingreso (17.6 %). Alternativas: TRABAJO SOCIAL (15.2 %) y CIENCIAS CONTABLES (13.2 %). Tu fortaleza en Ciencia y Tecnología es coherente con estas opciones. Para mejorar tus posibilidades, refuerza Matemática antes del examen. Estas probabilidades son estimaciones orientativas basadas en postulantes con perfiles similares, no una garantía de resultado.","Ruta educativa sugerida. Primera opción recomendada: TRABAJO SOCIAL, con la mayor probabilidad estimada de ingreso (5.1 %). Alternativas: SOCIOLOGÍA (5.1 %) y EDUCACIÓN INICIAL (4.8 %). Tu fortaleza en Ciencia y Tecnología es coherente con estas opciones. Para mejorar tus posibilidades, refuerza Matemática antes del examen. Estas probabilidades son estimaciones orientativas basadas en postulantes con perfiles similares, no una garantía de resultado."
Perfil del postulante: procede de un colegio público de área rural (UGEL MELGAR); promedio de secundaria con desempeño satisfactorio; mayor fortaleza en Ciencia y Tecnología y menor en Ciencias Sociales; postulaciones anteriores: 0; preparación preuniversitaria: autoestudio; área de interés: ingenierías. Probabilidades estimadas de ingreso: INGENIERÍA AGRONÓMICA 15.2 %; INGENIERÍA TOPOGRÁFICA Y AGRIMENSURA 13.2 %; INGENIERÍA MECÁNICA ELÉCTRICA 12.3 %. Genera una ruta educativa personalizada.,"Ruta educativa sugerida. Primera opción recomendada: INGENIERÍA AGRONÓMICA, con la mayor probabilidad estimada de ingreso (15.2 %). Alternativas: INGENIERÍA TOPOGRÁFICA Y AGRIMENSURA (13.2 %) y INGENIERÍA MECÁNICA ELÉCTRICA (12.3 %). Tu fortaleza en Ciencia y Tecnología es coherente con estas opciones. Para mejorar tus posibilidades, refuerza Ciencias Sociales antes del examen. Estas probabilidades son estimaciones orientativas basadas en postulantes con perfiles similares, no una garantía de resultado.","Basándome en el perfil y las probabilidades proporcionados, aquí tienes una ruta educativa personalizada para que tu postulante pueda aprovechar al máximo sus posibilidades:

1. **Primera Semana**: 
   - **Iniciación Académica**: Comienza con los fundamentos de la matemática básica y ciencias naturales.
   - **Primeros Pasos en Ciencias Técnicas**: Inicia con asignaturas como Física, Química o Biología.

2. **Segunda Semana**:
   - **Matemáticas Básicas**: Continúa con Matemáticas, especialmente Álgebra y Geometría.
   - **Ciencias Técnicas**: Introduce más profundidad en áreas específicas como Ingeniería Agronómica, Topografía y Agromensura.

3. **Tercera Semana**:
   - **Ingles**: Comienza a dominar el inglés básico","Ruta educativa sugerida. Primera opción recomendada: INGENIERÍA AGRONÓMICA, con la mayor probabilidad estimada de ingreso (17.6 %). Alternativas: INGENIERÍA GEOLÓGICA (15.2 %) y EDUCACIÓN SECUNDARIA DE LA ESPECIALIDAD DE MATEMÁTICA, FÍSICA, COMPUTACIÓN E INFORMÁTICA (13.2 %). Tu fortaleza en Ciencia y Tecnología es coherente con estas opciones. Para mejorar tus posibilidades, refuerza Ciencias Sociales antes del examen. Estas probabilidades son estimaciones orientativas basadas en postulantes con perfiles similares, no una garantía de resultado.","Ruta educativa sugerida. Primera opción recomendada: INGENIERÍA AGRONÓMICA, con la mayor probabilidad estimada de ingreso (15.2 %). Alternativas: INGENIERÍA TOPOGRÁFICA Y AGRIMENSURA (13.2 %) y INGENIERÍA MECÁNICA ELÉCTRICA (12.3 %). Tu fortaleza en Ciencia y Tecnología es coherente con estas opciones. Para mejorar tus posibilidades, refuerza Ciencias Sociales antes del examen. Estas probabilidades son estimaciones orientativas basadas en postulantes con perfiles similares, no una garantía de resultado."
Perfil del postulante: procede de un colegio público de área rural (UGEL MELGAR); promedio de secundaria con desempeño satisfactorio; mayor fortaleza en Ciencia y Tecnología y menor en Matemática; postulaciones anteriores: 0; preparación preuniversitaria: academia particular; área de interés: sociales. Probabilidades estimadas de ingreso: TRABAJO SOCIAL 7.3 %; SOCIOLOGÍA 7.3 %; ADMINISTRACIÓN 5.8 %. Genera una ruta educativa personalizada.,"Ruta educativa sugerida. Primera opción recomendada: TRABAJO SOCIAL, con la mayor probabilidad estimada de ingreso (7.3 %). Alternativas: SOCIOLOGÍA (7.3 %) y ADMINISTRACIÓN (5.8 %). Tu fortaleza en Ciencia y Tecnología es coherente con estas opciones. Para mejorar tus posibilidades, refuerza Matemática antes del examen. Estas probabilidades son estimaciones orientativas basadas en postulantes con perfiles similares, no una garantía de resultado.","Basándome en el perfil proporcionado, puedo generar una ruta educativa para este postulante que se adapte mejor a sus fortalezas y debilidades:

1. **Primera Semana**: Inicia su camino universitario en la UNEP (Universidad Nacional del Altiplano). Comienza con los cursos de matemáticas básicas y ciencias naturales.

2. **Segunda Semana**: Continúa con los mismos cursos pero incluye también clases de física y química. Aprovecha la oportunidad de profundizar en temas relacionados con su fortaleza en Ciencia y Tecnología.

3. **Tercera Semana**: Se enfoca en la matemática. Utiliza recursos adicionales como tutoriales online o libros complementarios para mejorar sus habilidades en esta materia.

4. **Cuarta Semana**: Finalmente, se concentra en las asignaturas sociales. Esta es su área de mayor fort","Ruta educativa sugerida. Primera opción recomendada: SOCIOLOGÍA, con la mayor probabilidad estimada de ingreso (17.6 %). Alternativas: TRABAJO SOCIAL (15.2 %) y ADMINISTRACIÓN (13.2 %). Tu fortaleza en Ciencia y Tecnología es coherente con estas opciones. Para mejorar tus posibilidades, refuerza Matemática antes del examen. Estas probabilidades son estimaciones orientativas basadas en postulantes con perfiles similares, no una garantía de resultado.","Ruta educativa sugerida. Primera opción recomendada: TRABAJO SOCIAL, con la mayor probabilidad estimada de ingreso (7.3 %). Alternativas: SOCIOLOGÍA (7.3 %) y ADMINISTRACIÓN (5.8 %). Tu fortaleza en Ciencia y Tecnología es coherente con estas opciones. Para mejorar tus posibilidades, refuerza Matemática antes del examen. Estas probabilidades son estimaciones orientativas basadas en postulantes con perfiles similares, no una garantía de resultado."
Perfil del postulante: procede de un colegio público de área urbana (UGEL SAN ROMÁN); promedio de secundaria con desempeño satisfactorio; mayor fortaleza en Ciencias Sociales y menor en Inglés; postulaciones anteriores: 0; preparación preuniversitaria: autoestudio; área de interés: sociales. Probabilidades estimadas de ingreso: SOCIOLOGÍA 20.2 %; CIENCIAS CONTABLES 17.6 %; TRABAJO SOCIAL 17.6 %. Genera una ruta educativa personalizada.,"Ruta educativa sugerida. Primera opción recomendada: SOCIOLOGÍA, con la mayor probabilidad estimada de ingreso (20.2 %). Alternativas: CIENCIAS CONTABLES (17.6 %) y TRABAJO SOCIAL (17.6 %). Tu fortaleza en Ciencias Sociales es coherente con estas opciones. Para mejorar tus posibilidades, refuerza Inglés antes del examen. Estas probabilidades son estimaciones orientativas basadas en postulantes con perfiles similares, no una garantía de resultado.","Basándome en el perfil proporcionado, aquí tienes una ruta educativa personalizada para que tu postulante pueda aprovechar sus fortalezas y potencial:

1. **Primera Semana**: 
   - **Iniciación al Estudiar**: Comienza con los fundamentos de la educación universitaria. Esto incluye matemáticas básicas, inglés básico y ciencias sociales.
   
2. **Segunda Semana**:
   - **Matemáticas Básicas**: Aprende los conceptos más importantes de álgebra y trigonometría. Es importante porque es fundamental para muchas áreas de estudio.
   - **Ingles Básico**: Comience con lecciones de gramática básica y vocabulario. También puede considerar tomar clases particulares o utilizar aplicaciones educativas gratuitas.

3. **Tercera Semana**:
   - **Ciencias Sociales**: Continúa con materias como historia, geografía y política","Ruta educativa sugerida. Primera opción recomendada: SOCIOLOGÍA, con la mayor probabilidad estimada de ingreso (17.6 %). Alternativas: CIENCIAS CONTABLES (15.2 %) y TRABAJO SOCIAL (13.2 %). Tu fortaleza en Ciencias Sociales es coherente con estas opciones. Para mejorar tus posibilidades, refuerza Inglés antes del examen. Estas probabilidades son estimaciones orientativas basadas en postulantes con perfiles similares, no una garantía de resultado.","Ruta educativa sugerida. Primera opción recomendada: SOCIOLOGÍA, con la mayor probabilidad estimada de ingreso (20.2 %). Alternativas: CIENCIAS CONTABLES (17.6 %) y TRABAJO SOCIAL (17.6 %). Tu fortaleza en Ciencias Sociales es coherente con estas opciones. Para mejorar tus posibilidades, refuerza Inglés antes del examen. Estas probabilidades son estimaciones orientativas basadas en postulantes con perfiles similares, no una garantía de resultado."
Perfil del postulante: procede de un colegio público de área urbana (UGEL PUNO); promedio de secundaria con desempeño satisfactorio; mayor fortaleza en Ciencias Sociales y menor en Inglés; postulaciones anteriores: 0; preparación preuniversitaria: academia particular; área de interés: sociales. Probabilidades estimadas de ingreso: SOCIOLOGÍA 12.3 %; TRABAJO SOCIAL 11.0 %; ADMINISTRACIÓN 8.9 %. Genera una ruta educativa personalizada.,"Ruta educativa sugerida. Primera opción recomendada: SOCIOLOGÍA, con la mayor probabilidad estimada de ingreso (12.3 %). Alternativas: TRABAJO SOCIAL (11.0 %) y ADMINISTRACIÓN (8.9 %). Tu fortaleza en Ciencias Sociales es coherente con estas opciones. Para mejorar tus posibilidades, refuerza Inglés antes del examen. Estas probabilidades son estimaciones orientativas basadas en postulantes con perfiles similares, no una garantía de resultado.","Basándome en el perfil proporcionado, aquí tienes una ruta educativa personalizada para que tu postulante pueda aprovechar al máximo sus habilidades y fortalezas:

1. **Primera Semana**: 
   - **Iniciación Académica**: Comienza con los primeros semestres de la carrera de Administración.
   - **Primeros Temas**: Enseñanza de matemáticas básicas, estadística e introducción a la administración.

2. **Segunda Semana**:
   - **Matemáticas Básicas**: Continúa con los temas de matemáticas, especialmente algebra y trigonometría.
   - **Estadística**: Aprende sobre estadísticas y cómo utilizarlas en la administración.

3. **Tercera Semana**:
   - **Introducción a la Administración**: Comienza con conceptos generales de gestión empresarial y organización.
   - **Trabajo","Ruta educativa sugerida. Primera opción recomendada: SOCIOLOGÍA, con la mayor probabilidad estimada de ingreso (17.6 %). Alternativas: ADMINISTRACIÓN (13.2 %) y EDUCACIÓN FÍSICA (13.2 %). Tu fortaleza en Ciencias Sociales es coherente con estas opciones. Para mejorar tus posibilidades, refuerza Inglés antes del examen. Estas probabilidades son estimaciones orientativas basadas en postulantes con perfiles similares, no una garantía de resultado.","Ruta educativa sugerida. Primera opción recomendada: SOCIOLOGÍA, con la mayor probabilidad estimada de ingreso (12.3 %). Alternativas: TRABAJO SOCIAL (11.0 %) y ADMINISTRACIÓN (8.9 %). Tu fortaleza en Ciencias Sociales es coherente con estas opciones. Para mejorar tus posibilidades, refuerza Inglés antes del examen. Estas probabilidades son estimaciones orientativas basadas en postulantes con perfiles similares, no una garantía de resultado."
Perfil del postulante: procede de un colegio público de área urbana (UGEL HUANCANÉ); promedio de secundaria con desempeño satisfactorio; mayor fortaleza en Ciencias Sociales y menor en Matemática; postulaciones anteriores: 0; preparación preuniversitaria: nan; área de interés: ingenierías. Probabilidades estimadas de ingreso: INGENIERÍA AGRONÓMICA 12.3 %; INGENIERÍA TOPOGRÁFICA Y AGRIMENSURA 12.3 %; INGENIERÍA GEOLÓGICA 8.9 %. Genera una ruta educativa personalizada.,"Ruta educativa sugerida. Primera opción recomendada: INGENIERÍA AGRONÓMICA, con la mayor probabilidad estimada de ingreso (12.3 %). Alternativas: INGENIERÍA TOPOGRÁFICA Y AGRIMENSURA (12.3 %) y INGENIERÍA GEOLÓGICA (8.9 %). Tu fortaleza en Ciencias Sociales es coherente con estas opciones. Para mejorar tus posibilidades, refuerza Matemática antes del examen. Estas probabilidades son estimaciones orientativas basadas en postulantes con perfiles similares, no una garantía de resultado.","Basándome en el perfil proporcionado, aquí tienes una ruta educativa personalizada para que tu postulante pueda tener más oportunidades de éxito:

1. **Reforzar conocimientos en Ciencias Sociales**: Considerando que es menos fuerte en esta materia, puedes enfocarte en revisar los temas clave de las asignaturas de Secundario, especialmente en áreas como Historia, Geografía, Economía y Política. También podrías considerar tomar cursos adicionales o participar en talleres sobre estos temas.

2. **Reforzar conocimientos en Matemáticas**: Si bien no es su fuerte, puedes seguir un programa de matemáticas avanzada durante tus vacaciones escolares. Esto puede incluir libros complementarios, tutoriales online o clases particulares si lo deseas.

3. **Preparación para Exámenes Universitarios**: Para mejorar tus posibilidades de ingresar a las carreras de Ingeniería Agron","Ruta educativa sugerida. Primera opción recomendada: INGENIERÍA AGRONÓMICA, con la mayor probabilidad estimada de ingreso (17.6 %). Alternativas: INGENIERÍA GEOLÓGICA (15.2 %) y EDUCACIÓN SECUNDARIA DE LA ESPECIALIDAD DE MATEMÁTICA, FÍSICA, COMPUTACIÓN E INFORMÁTICA (13.2 %). Tu fortaleza en Ciencias Sociales es coherente con estas opciones. Para mejorar tus posibilidades, refuerza Matemática antes del examen. Estas probabilidades son estimaciones orientativas basadas en postulantes con perfiles similares, no una garantía de resultado.","Ruta educativa sugerida. Primera opción recomendada: INGENIERÍA AGRONÓMICA, con la mayor probabilidad estimada de ingreso (12.3 %). Alternativas: INGENIERÍA TOPOGRÁFICA Y AGRIMENSURA (12.3 %) y INGENIERÍA GEOLÓGICA (8.9 %). Tu fortaleza en Ciencias Sociales es coherente con estas opciones. Para mejorar tus posibilidades, refuerza Matemática antes del examen. Estas probabilidades son estimaciones orientativas basadas en postulantes con perfiles similares, no una garantía de resultado."
Perfil del postulante: procede de un colegio público de área rural (UGEL SAN ROMÁN); promedio de secundaria con desempeño satisfactorio; mayor fortaleza en Matemática y menor en Inglés; postulaciones anteriores: 0; preparación preuniversitaria: academia particular; área de interés: sociales. Probabilidades estimadas de ingreso: SOCIOLOGÍA 2.9 %; TRABAJO SOCIAL 2.4 %; CIENCIAS CONTABLES 1.8 %. Genera una ruta educativa personalizada.,"Ruta educativa sugerida. Primera opción recomendada: SOCIOLOGÍA, con la mayor probabilidad estimada de ingreso (2.9 %). Alternativas: TRABAJO SOCIAL (2.4 %) y CIENCIAS CONTABLES (1.8 %). Tu fortaleza en Matemática es coherente con estas opciones. Para mejorar tus posibilidades, refuerza Inglés antes del examen. Estas probabilidades son estimaciones orientativas basadas en postulantes con perfiles similares, no una garantía de resultado.","Basándome en el perfil proporcionado, puedo generar una ruta educativa para que tu postulante pueda aprovechar sus fortalezas y potencialidades. Aquí te presento algunas sugerencias:

1. **Matemáticas**: Esta es su fortaleza. Considerando que ya ha demostrado un buen desempeño en esta materia, podrías considerar opciones como:
   - **Ingeniería Civil** o **Matemáticas Aplicadas**
   - **Ciencia de Datos** o **Análisis de Datos**

2. **Inglés**: Su rendimiento en este tema es más bajo. Para mejorar esto, puedes considerar:
   - **Lenguaje Ingles** o **Inglés para Profesionales**
   - **Educación Bilingüe** o **Interculturalidad**

3. **Social Science**: Este es su área de interés. Podría ser interesante considerar:
   - **Ps","Ruta educativa sugerida. Primera opción recomendada: SOCIOLOGÍA, con la mayor probabilidad estimada de ingreso (17.6 %). Alternativas: TRABAJO SOCIAL (15.2 %) y ADMINISTRACIÓN (13.2 %). Tu fortaleza en Matemática es coherente con estas opciones. Para mejorar tus posibilidades, refuerza Inglés antes del examen. Estas probabilidades son estimaciones orientativas basadas en postulantes con perfiles similares, no una garantía de resultado.","Ruta educativa sugerida. Primera opción recomendada: SOCIOLOGÍA, con la mayor probabilidad estimada de ingreso (2.9 %). Alternativas: TRABAJO SOCIAL (2.4 %) y CIENCIAS CONTABLES (1.8 %). Tu fortaleza en Matemática es coherente con estas opciones. Para mejorar tus posibilidades, refuerza Inglés antes del examen. Estas probabilidades son estimaciones orientativas basadas en postulantes con perfiles similares, no una garantía de resultado."
Perfil del postulante: procede de un colegio privado de área rural (UGEL PUNO); promedio de secundaria con desempeño satisfactorio; mayor fortaleza en Matemática y menor en Comunicación; postulaciones anteriores: 0; preparación preuniversitaria: nan; área de interés: ingenierías. Probabilidades estimadas de ingreso: INGENIERÍA TOPOGRÁFICA Y AGRIMENSURA 15.2 %; INGENIERÍA AGRONÓMICA 13.8 %; INGENIERÍA MECÁNICA ELÉCTRICA 12.3 %. Genera una ruta educativa personalizada.,"Ruta educativa sugerida. Primera opción recomendada: INGENIERÍA TOPOGRÁFICA Y AGRIMENSURA, con la mayor probabilidad estimada de ingreso (15.2 %). Alternativas: INGENIERÍA AGRONÓMICA (13.8 %) y INGENIERÍA MECÁNICA ELÉCTRICA (12.3 %). Tu fortaleza en Matemática es coherente con estas opciones. Para mejorar tus posibilidades, refuerza Comunicación antes del examen. Estas probabilidades son estimaciones orientativas basadas en postulantes con perfiles similares, no una garantía de resultado.","Basándome en el perfil y las probabilidades proporcionados, aquí tienes una ruta educativa personalizada para que tu postulante pueda tener más posibilidades de ingresar a las carreras elegidas:

1. **Matemáticas**: 
   - Continuar tus estudios en matemáticas durante los primeros años universitarios.
   - Considerar opciones como Ingeniería Topográfica o Agrimensura, ya que estas áreas requieren habilidades matemáticas avanzadas.

2. **Comunicación**:
   - Siempre es importante, especialmente si consideras las carreras de Ing. Mecánica Electrónica, donde la comunicación será crucial.
   - Considerar cursos adicionales en comunicaciones o ciencias sociales para complementar tus habilidades.

3. **Ing. Topográfico y Agrimensura**:
   - Esta carrera requiere fuertes habilidades en Geografía, Estadística e Informática.
   - Consider","Ruta educativa sugerida. Primera opción recomendada: INGENIERÍA AGRONÓMICA, con la mayor probabilidad estimada de ingreso (17.6 %). Alternativas: INGENIERÍA GEOLÓGICA (15.2 %) y EDUCACIÓN SECUNDARIA DE LA ESPECIALIDAD DE MATEMÁTICA, FÍSICA, COMPUTACIÓN E INFORMÁTICA (13.2 %). Tu fortaleza en Matemática es coherente con estas opciones. Para mejorar tus posibilidades, refuerza Comunicación antes del examen. Estas probabilidades son estimaciones orientativas basadas en postulantes con perfiles similares, no una garantía de resultado.","Ruta educativa sugerida. Primera opción recomendada: INGENIERÍA TOPOGRÁFICA Y AGRIMENSURA, con la mayor probabilidad estimada de ingreso (15.2 %). Alternativas: INGENIERÍA AGRONÓMICA (13.8 %) y INGENIERÍA MECÁNICA ELÉCTRICA (12.3 %). Tu fortaleza en Matemática es coherente con estas opciones. Para mejorar tus posibilidades, refuerza Comunicación antes del examen. Estas probabilidades son estimaciones orientativas basadas en postulantes con perfiles similares, no una garantía de resultado."
Perfil del postulante: procede de un colegio público de área rural (UGEL AZÁNGARO); promedio de secundaria con desempeño satisfactorio; mayor fortaleza en Matemática y menor en Ciencia y Tecnología; postulaciones anteriores: 0; preparación preuniversitaria: cepreuna; área de interés: sociales. Probabilidades estimadas de ingreso: SOCIOLOGÍA 8.9 %; TRABAJO SOCIAL 7.3 %; ADMINISTRACIÓN 5.8 %. Genera una ruta educativa personalizada.,"Ruta educativa sugerida. Primera opción recomendada: SOCIOLOGÍA, con la mayor probabilidad estimada de ingreso (8.9 %). Alternativas: TRABAJO SOCIAL (7.3 %) y ADMINISTRACIÓN (5.8 %). Tu fortaleza en Matemática es coherente con estas opciones. Para mejorar tus posibilidades, refuerza Ciencia y Tecnología antes del examen. Estas probabilidades son estimaciones orientativas basadas en postulantes con perfiles similares, no una garantía de resultado.","Basándome en el perfil proporcionado, puedo generar una ruta educativa para que tu postulante pueda aprovechar sus fortalezas y potencialidades. Aquí te presento algunas sugerencias:

1. **Matemáticas**: Esta es su fortaleza. Considerando que ya ha demostrado un buen desempeño en esta materia, podrías considerar opciones como:
   - **Sociedad Económica** o **Economía**: Estos campos pueden ser interesantes debido al fuerte dominio en matemáticas.
   - **Ciencias Sociales**: También podría ser interesante explorar áreas relacionadas con la economía y la sociedad.

2. **Ciencias y Tecnología**: Su rendimiento en este campo puede ser más limitado. En este caso, podrías considerar:
   - **Educación Superior**: Siempre es una buena opción si no hay otras posibilidades claras.
   - **Psicología Social**:","Ruta educativa sugerida. Primera opción recomendada: SOCIOLOGÍA, con la mayor probabilidad estimada de ingreso (17.6 %). Alternativas: TRABAJO SOCIAL (15.2 %) y ADMINISTRACIÓN (13.2 %). Tu fortaleza en Matemática es coherente con estas opciones. Para mejorar tus posibilidades, refuerza Ciencia y Tecnología antes del examen. Estas probabilidades son estimaciones orientativas basadas en postulantes con perfiles similares, no una garantía de resultado.","Ruta educativa sugerida. Primera opción recomendada: SOCIOLOGÍA, con la mayor probabilidad estimada de ingreso (8.9 %). Alternativas: TRABAJO SOCIAL (7.3 %) y ADMINISTRACIÓN (5.8 %). Tu fortaleza en Matemática es coherente con estas opciones. Para mejorar tus posibilidades, refuerza Ciencia y Tecnología antes del examen. Estas probabilidades son estimaciones orientativas basadas en postulantes con perfiles similares, no una garantía de resultado."
Perfil del postulante: procede de un colegio público de área rural (UGEL SAN ROMÁN); promedio de secundaria con desempeño satisfactorio; mayor fortaleza en Ciencias Sociales y menor en Matemática; postulaciones anteriores: 0; preparación preuniversitaria: ninguna; área de interés: biomédicas. Probabilidades estimadas de ingreso: BIOLOGÍA: PESQUERÍA 2.4 %; BIOLOGÍA: ECOLOGÍA 1.7 %; BIOLOGÍA: MICROBIOLOGÍA Y LABORATORIO CLÍNICO 0.9 %. Genera una ruta educativa personalizada.,"Ruta educativa sugerida. Primera opción recomendada: BIOLOGÍA: PESQUERÍA, con la mayor probabilidad estimada de ingreso (2.4 %). Alternativas: BIOLOGÍA: ECOLOGÍA (1.7 %) y BIOLOGÍA: MICROBIOLOGÍA Y LABORATORIO CLÍNICO (0.9 %). Tu fortaleza en Ciencias Sociales es coherente con estas opciones. Para mejorar tus posibilidades, refuerza Matemática antes del examen y considera una preparación preuniversitaria estructurada. Estas probabilidades son estimaciones orientativas basadas en postulantes con perfiles similares, no una garantía de resultado.","Basándome en el perfil proporcionado, aquí tienes una ruta educativa personalizada para que tu postulante pueda aprovechar sus fortalezas y potencial:

1. **Primera Semana**: 
   - **Matemáticas**:
     - Inicia con los fundamentos matemáticos básicos.
     - Utiliza recursos como libros de texto, tutoriales online y aplicaciones educativas.
     - Participa en actividades prácticas relacionadas con la matemática.

2. **Segunda Semana**:
   - **Ciencias Sociales**:
     - Comienza con lecciones sobre historia, geografía e identidad nacional.
     - Realiza proyectos de investigación sobre temas sociales relevantes.
     - Participa en talleres o seminarios sobre ética social.

3. **Tercera Semana**:
   - **Biomédica**:
     - Aprende sobre la salud pública, enfermedades y medicina","Ruta educativa sugerida. Primera opción recomendada: BIOLOGÍA: ECOLOGÍA, con la mayor probabilidad estimada de ingreso (17.6 %). Alternativas: BIOLOGÍA: PESQUERÍA (17.6 %) y NUTRICIÓN HUMANA (12.3 %). Tu fortaleza en Ciencias Sociales es coherente con estas opciones. Para mejorar tus posibilidades, refuerza Matemática antes del examen y considera una preparación preuniversitaria estructurada. Estas probabilidades son estimaciones orientativas basadas en postulantes con perfiles similares, no una garantía de resultado.","Ruta educativa sugerida. Primera opción recomendada: BIOLOGÍA: PESQUERÍA, con la mayor probabilidad estimada de ingreso (2.4 %). Alternativas: BIOLOGÍA: ECOLOGÍA (1.7 %) y BIOLOGÍA: MICROBIOLOGÍA Y LABORATORIO CLÍNICO (0.9 %). Tu fortaleza en Ciencias Sociales es coherente con estas opciones. Para mejorar tus posibilidades, refuerza Matemática antes del examen y considera una preparación preuniversitaria estructurada. Estas probabilidades son estimaciones orientativas basadas en postulantes con perfiles similares, no una garantía de resultado."
"Perfil del postulante: procede de un colegio público de área urbana (nan); promedio de secundaria con desempeño satisfactorio; mayor fortaleza en Ciencia y Tecnología y menor en Comunicación; postulaciones anteriores: 1; preparación preuniversitaria: academia particular; área de interés: ingenierías. Probabilidades estimadas de ingreso: INGENIERÍA TOPOGRÁFICA Y AGRIMENSURA 24.8 %; EDUCACIÓN SECUNDARIA DE LA ESPECIALIDAD DE MATEMÁTICA, FÍSICA, COMPUTACIÓN E INFORMÁTICA 17.6 %; INGENIERÍA GEOLÓGICA 17.6 %. Genera una ruta educativa personalizada.","Ruta educativa sugerida. Primera opción recomendada: INGENIERÍA TOPOGRÁFICA Y AGRIMENSURA, con la mayor probabilidad estimada de ingreso (24.8 %). Alternativas: EDUCACIÓN SECUNDARIA DE LA ESPECIALIDAD DE MATEMÁTICA, FÍSICA, COMPUTACIÓN E INFORMÁTICA (17.6 %) y INGENIERÍA GEOLÓGICA (17.6 %). Tu fortaleza en Ciencia y Tecnología es coherente con estas opciones. Para mejorar tus posibilidades, refuerza Comunicación antes del examen. Estas probabilidades son estimaciones orientativas basadas en postulantes con perfiles similares, no una garantía de resultado.","Basado en el perfil proporcionado, aquí tienes una ruta educativa personalizada para que tu postulante pueda aprovechar sus fortalezas y potencial:

1. **Preparación Académica**: 
   - **Matemáticas**: Continuar con matemáticas avanzadas en secundario o en preparatoria universitaria.
   - **Ciencias Naturales**: Incluir materias como física, química y biología en secundario o preparatoria.

2. **Pruebas de Admisión**:
   - **Ingeniería Topográfica y Agrimensura**: Considerar esta opción si se sienten más cómodos con ciencias naturales y geografía.
   - **Educación Secundaria de Matemática, Física, Computación e Informática**: Esta opción es buena si prefieren áreas técnicas y computacionales.
   - **Ingeniería Geológica**: Si tienen una fuerte base","Ruta educativa sugerida. Primera opción recomendada: INGENIERÍA AGRONÓMICA, con la mayor probabilidad estimada de ingreso (26.8 %). Alternativas: INGENIERÍA GEOLÓGICA (25.9 %) y EDUCACIÓN SECUNDARIA DE LA ESPECIALIDAD DE MATEMÁTICA, FÍSICA, COMPUTACIÓN E INFORMÁTICA (23.4 %). Tu fortaleza en Ciencia y Tecnología es coherente con estas opciones. Para mejorar tus posibilidades, refuerza Comunicación antes del examen. Estas probabilidades son estimaciones orientativas basadas en postulantes con perfiles similares, no una garantía de resultado.","Ruta educativa sugerida. Primera opción recomendada: INGENIERÍA TOPOGRÁFICA Y AGRIMENSURA, con la mayor probabilidad estimada de ingreso (24.8 %). Alternativas: EDUCACIÓN SECUNDARIA DE LA ESPECIALIDAD DE MATEMÁTICA, FÍSICA, COMPUTACIÓN E INFORMÁTICA (17.6 %) y INGENIERÍA GEOLÓGICA (17.6 %). Tu fortaleza en Ciencia y Tecnología es coherente con estas opciones. Para mejorar tus posibilidades, refuerza Comunicación antes del examen. Estas probabilidades son estimaciones orientativas basadas en postulantes con perfiles similares, no una garantía de resultado."
Perfil del postulante: procede de un colegio público de área rural (UGEL EL COLLAO); promedio de secundaria con desempeño satisfactorio; mayor fortaleza en Matemática y menor en Ciencia y Tecnología; postulaciones anteriores: 0; preparación preuniversitaria: autoestudio; área de interés: sociales. Probabilidades estimadas de ingreso: SOCIOLOGÍA 5.3 %; TRABAJO SOCIAL 5.1 %; ADMINISTRACIÓN 4.8 %. Genera una ruta educativa personalizada.,"Ruta educativa sugerida. Primera opción recomendada: SOCIOLOGÍA, con la mayor probabilidad estimada de ingreso (5.3 %). Alternativas: TRABAJO SOCIAL (5.1 %) y ADMINISTRACIÓN (4.8 %). Tu fortaleza en Matemática es coherente con estas opciones. Para mejorar tus posibilidades, refuerza Ciencia y Tecnología antes del examen. Estas probabilidades son estimaciones orientativas basadas en postulantes con perfiles similares, no una garantía de resultado.","Basándome en el perfil proporcionado, aquí tienes una ruta educativa personalizada para que tu postulante pueda aprovechar sus fortalezas y potencial:

1. **Matemáticas**: 
   - Continuar con matemáticas en secundario.
   - Considerar cursos avanzados como álgebra lineal, cálculo integral o teoría de números si es posible.

2. **Ciencias y Tecnología**:
   - Enseñanza media: considerar carreras en ingenierías o ciencias de la computación.
   - Postgrado: posiblemente se interesaría en áreas relacionadas con la tecnología digital o biotecnología.

3. **Social Science**:
   - Se podría considerar carreras en sociología o psicología.
   - Postgrado: posiblemente se interesaría en campos relacionados con la justicia social o desarrollo humano.

4. **Administración**:","Ruta educativa sugerida. Primera opción recomendada: SOCIOLOGÍA, con la mayor probabilidad estimada de ingreso (17.6 %). Alternativas: TRABAJO SOCIAL (15.2 %) y CIENCIAS CONTABLES (13.2 %). Tu fortaleza en Matemática es coherente con estas opciones. Para mejorar tus posibilidades, refuerza Ciencia y Tecnología antes del examen. Estas probabilidades son estimaciones orientativas basadas en postulantes con perfiles similares, no una garantía de resultado.","Ruta educativa sugerida. Primera opción recomendada: SOCIOLOGÍA, con la mayor probabilidad estimada de ingreso (5.3 %). Alternativas: TRABAJO SOCIAL (5.1 %) y ADMINISTRACIÓN (4.8 %). Tu fortaleza en Matemática es coherente con estas opciones. Para mejorar tus posibilidades, refuerza Ciencia y Tecnología antes del examen. Estas probabilidades son estimaciones orientativas basadas en postulantes con perfiles similares, no una garantía de resultado."
Perfil del postulante: procede de un colegio público de área urbana (UGEL PUNO); promedio de secundaria con desempeño satisfactorio; mayor fortaleza en Ciencia y Tecnología y menor en Matemática; postulaciones anteriores: 0; preparación preuniversitaria: nan; área de interés: ingenierías. Probabilidades estimadas de ingreso: INGENIERÍA AGRONÓMICA 5.1 %; INGENIERÍA TOPOGRÁFICA Y AGRIMENSURA 5.1 %; INGENIERÍA GEOLÓGICA 3.1 %. Genera una ruta educativa personalizada.,"Ruta educativa sugerida. Primera opción recomendada: INGENIERÍA AGRONÓMICA, con la mayor probabilidad estimada de ingreso (5.1 %). Alternativas: INGENIERÍA TOPOGRÁFICA Y AGRIMENSURA (5.1 %) y INGENIERÍA GEOLÓGICA (3.1 %). Tu fortaleza en Ciencia y Tecnología es coherente con estas opciones. Para mejorar tus posibilidades, refuerza Matemática antes del examen. Estas probabilidades son estimaciones orientativas basadas en postulantes con perfiles similares, no una garantía de resultado.","Basándome en el perfil proporcionado, aquí tienes una ruta educativa personalizada para que tu postulante pueda tener más oportunidades de éxito:

1. **Reforzar conocimientos en Ciencias y Tecnología**: 
   - Continuar estudiando matemáticas avanzadas si es necesario.
   - Considerar cursos adicionales en física o química para complementar sus habilidades.

2. **Prepararse para la Ingeniería Agronómica**:
   - Estudiar los fundamentos de la agronomía.
   - Comenzar a practicar en labores agrícolas o en empresas locales relacionadas al sector agrario.
   - Participar en proyectos prácticos sobre agricultura.

3. **Prepararse para la Ingeniería Topográfica y Agrimensuradora**:
   - Estudiar geografía e hidrología.
   - Practicar en labores topográficas como dib","Ruta educativa sugerida. Primera opción recomendada: INGENIERÍA AGRONÓMICA, con la mayor probabilidad estimada de ingreso (17.6 %). Alternativas: INGENIERÍA GEOLÓGICA (15.2 %) y EDUCACIÓN SECUNDARIA DE LA ESPECIALIDAD DE MATEMÁTICA, FÍSICA, COMPUTACIÓN E INFORMÁTICA (13.2 %). Tu fortaleza en Ciencia y Tecnología es coherente con estas opciones. Para mejorar tus posibilidades, refuerza Matemática antes del examen. Estas probabilidades son estimaciones orientativas basadas en postulantes con perfiles similares, no una garantía de resultado.","Ruta educativa sugerida. Primera opción recomendada: INGENIERÍA AGRONÓMICA, con la mayor probabilidad estimada de ingreso (5.1 %). Alternativas: INGENIERÍA TOPOGRÁFICA Y AGRIMENSURA (5.1 %) y INGENIERÍA GEOLÓGICA (3.1 %). Tu fortaleza en Ciencia y Tecnología es coherente con estas opciones. Para mejorar tus posibilidades, refuerza Matemática antes del examen. Estas probabilidades son estimaciones orientativas basadas en postulantes con perfiles similares, no una garantía de resultado."
Perfil del postulante: procede de un colegio público de área urbana (UGEL SAN ROMÁN); promedio de secundaria con desempeño satisfactorio; mayor fortaleza en Comunicación y menor en Inglés; postulaciones anteriores: 0; preparación preuniversitaria: cepreuna; área de interés: sociales. Probabilidades estimadas de ingreso: TRABAJO SOCIAL 17.6 %; SOCIOLOGÍA 17.6 %; CIENCIAS CONTABLES 16.6 %. Genera una ruta educativa personalizada.,"Ruta educativa sugerida. Primera opción recomendada: TRABAJO SOCIAL, con la mayor probabilidad estimada de ingreso (17.6 %). Alternativas: SOCIOLOGÍA (17.6 %) y CIENCIAS CONTABLES (16.6 %). Tu fortaleza en Comunicación es coherente con estas opciones. Para mejorar tus posibilidades, refuerza Inglés antes del examen. Estas probabilidades son estimaciones orientativas basadas en postulantes con perfiles similares, no una garantía de resultado.","Basándome en el perfil proporcionado, puedo generar una ruta educativa para que tu postulante pueda aprovechar sus fortalezas y potencialidades. Aquí te presento algunas sugerencias:

1. **Comunicación**: 
   - Continuar con estudios en comunicación en una universidad pública o privada.
   - Considerar carreras como publicista, periodismo, comunicaciones empresariales o traducción.

2. **Inglés**:
   - Si aún no ha alcanzado su nivel deseado, considerar cursos adicionales en inglés.
   - Considerar carreras donde se requiera fluidez en inglés, como marketing internacional o educación continua.

3. **Social Work**:
   - Posteriormente al haberse formado en alguna carrera, considerar posibles oportunidades en el sector social.
   - Estudios en psicología social, derecho social o servicios sociales pueden ser interesantes.

4. **Cient","Ruta educativa sugerida. Primera opción recomendada: SOCIOLOGÍA, con la mayor probabilidad estimada de ingreso (17.6 %). Alternativas: TRABAJO SOCIAL (15.2 %) y CIENCIAS CONTABLES (13.2 %). Tu fortaleza en Comunicación es coherente con estas opciones. Para mejorar tus posibilidades, refuerza Inglés antes del examen. Estas probabilidades son estimaciones orientativas basadas en postulantes con perfiles similares, no una garantía de resultado.","Ruta educativa sugerida. Primera opción recomendada: TRABAJO SOCIAL, con la mayor probabilidad estimada de ingreso (17.6 %). Alternativas: SOCIOLOGÍA (17.6 %) y CIENCIAS CONTABLES (16.6 %). Tu fortaleza en Comunicación es coherente con estas opciones. Para mejorar tus posibilidades, refuerza Inglés antes del examen. Estas probabilidades son estimaciones orientativas basadas en postulantes con perfiles similares, no una garantía de resultado."
Perfil del postulante: procede de un colegio público de área urbana (UGEL MELGAR); promedio de secundaria con desempeño en proceso; mayor fortaleza en Ciencias Sociales y menor en Matemática; postulaciones anteriores: 0; preparación preuniversitaria: cepreuna; área de interés: sociales. Probabilidades estimadas de ingreso: TRABAJO SOCIAL 5.8 %; SOCIOLOGÍA 5.8 %; ADMINISTRACIÓN 4.8 %. Genera una ruta educativa personalizada.,"Ruta educativa sugerida. Primera opción recomendada: TRABAJO SOCIAL, con la mayor probabilidad estimada de ingreso (5.8 %). Alternativas: SOCIOLOGÍA (5.8 %) y ADMINISTRACIÓN (4.8 %). Tu fortaleza en Ciencias Sociales es coherente con estas opciones. Para mejorar tus posibilidades, refuerza Matemática antes del examen. Estas probabilidades son estimaciones orientativas basadas en postulantes con perfiles similares, no una garantía de resultado.","Basándome en el perfil proporcionado, puedo generar una ruta educativa para que tu postulante tenga más posibilidades de ingresar a los campos de estudio que menciona:

1. **Primera Semana**: 
   - **Matemáticas**:
     - **Clase de matemáticas avanzada**.
     - **Cursos adicionales en matemáticas**.

2. **Segunda Semana**:
   - **Ciencias Sociales**:
     - **Clases de historia, geografía e idiomas**.
     - **Opciones adicionales como ciencia política o economía social**.

3. **Tercera Semana**:
   - **Educación Social**:
     - **Clases sobre derechos humanos, ética social y justicia social**.
     - **Opciones adicionales como educación ambiental o desarrollo sostenible**.

4. **Cuarta Semana**:
   - **Educación Económ","Ruta educativa sugerida. Primera opción recomendada: SOCIOLOGÍA, con la mayor probabilidad estimada de ingreso (17.6 %). Alternativas: TRABAJO SOCIAL (15.2 %) y ADMINISTRACIÓN (13.2 %). Tu fortaleza en Ciencias Sociales es coherente con estas opciones. Para mejorar tus posibilidades, refuerza Matemática antes del examen. Estas probabilidades son estimaciones orientativas basadas en postulantes con perfiles similares, no una garantía de resultado.","Ruta educativa sugerida. Primera opción recomendada: TRABAJO SOCIAL, con la mayor probabilidad estimada de ingreso (5.8 %). Alternativas: SOCIOLOGÍA (5.8 %) y ADMINISTRACIÓN (4.8 %). Tu fortaleza en Ciencias Sociales es coherente con estas opciones. Para mejorar tus posibilidades, refuerza Matemática antes del examen. Estas probabilidades son estimaciones orientativas basadas en postulantes con perfiles similares, no una garantía de resultado."
"Perfil del postulante: procede de un colegio público de área urbana (UGEL SAN ROMÁN); promedio de secundaria con desempeño satisfactorio; mayor fortaleza en Comunicación y menor en Ciencia y Tecnología; postulaciones anteriores: 0; preparación preuniversitaria: cepreuna; área de interés: ingenierías. Probabilidades estimadas de ingreso: INGENIERÍA AGRONÓMICA 31.1 %; INGENIERÍA TOPOGRÁFICA Y AGRIMENSURA 30.7 %; EDUCACIÓN SECUNDARIA DE LA ESPECIALIDAD DE MATEMÁTICA, FÍSICA, COMPUTACIÓN E INFORMÁTICA 27.9 %. Genera una ruta educativa personalizada.","Ruta educativa sugerida. Primera opción recomendada: INGENIERÍA AGRONÓMICA, con la mayor probabilidad estimada de ingreso (31.1 %). Alternativas: INGENIERÍA TOPOGRÁFICA Y AGRIMENSURA (30.7 %) y EDUCACIÓN SECUNDARIA DE LA ESPECIALIDAD DE MATEMÁTICA, FÍSICA, COMPUTACIÓN E INFORMÁTICA (27.9 %). Tu fortaleza en Comunicación es coherente con estas opciones. Para mejorar tus posibilidades, refuerza Ciencia y Tecnología antes del examen. Estas probabilidades son estimaciones orientativas basadas en postulantes con perfiles similares, no una garantía de resultado.","Basado en el perfil proporcionado, aquí tienes una ruta educativa personalizada para que tu postulante pueda aprovechar sus fortalezas y potencial:

1. **Comenzar su educación universitaria**: Inicia su carrera universitaria en la Ingeniería Agronómica. Esta opción es la más probable debido al 31.1% de probabilidad de ingreso.

2. **Continuar en la Ingeniería Agronómica**: Si no puede ingresar a esta carrera, considera la posibilidad de continuar en la Ingeniería Topográfica y Agrimensura. Esta opción tiene un 30.7% de probabilidad de ingreso.

3. **Ingresar a la Educación Secundaria de la Especialidad de Matemáticas, Físicas, Computación e Informática**: Este es un tercero opción con un 27.9% de probabilidad de ingreso.

4. **","Ruta educativa sugerida. Primera opción recomendada: INGENIERÍA AGRONÓMICA, con la mayor probabilidad estimada de ingreso (17.6 %). Alternativas: INGENIERÍA GEOLÓGICA (15.2 %) y EDUCACIÓN SECUNDARIA DE LA ESPECIALIDAD DE MATEMÁTICA, FÍSICA, COMPUTACIÓN E INFORMÁTICA (13.2 %). Tu fortaleza en Comunicación es coherente con estas opciones. Para mejorar tus posibilidades, refuerza Ciencia y Tecnología antes del examen. Estas probabilidades son estimaciones orientativas basadas en postulantes con perfiles similares, no una garantía de resultado.","Ruta educativa sugerida. Primera opción recomendada: INGENIERÍA AGRONÓMICA, con la mayor probabilidad estimada de ingreso (31.1 %). Alternativas: INGENIERÍA TOPOGRÁFICA Y AGRIMENSURA (30.7 %) y EDUCACIÓN SECUNDARIA DE LA ESPECIALIDAD DE MATEMÁTICA, FÍSICA, COMPUTACIÓN E INFORMÁTICA (27.9 %). Tu fortaleza en Comunicación es coherente con estas opciones. Para mejorar tus posibilidades, refuerza Ciencia y Tecnología antes del examen. Estas probabilidades son estimaciones orientativas basadas en postulantes con perfiles similares, no una garantía de resultado."
Perfil del postulante: procede de un colegio público de área urbana (UGEL SAN ROMÁN); promedio de secundaria con desempeño satisfactorio; mayor fortaleza en Matemática y menor en Inglés; postulaciones anteriores: 0; preparación preuniversitaria: cepreuna; área de interés: biomédicas. Probabilidades estimadas de ingreso: BIOLOGÍA: PESQUERÍA 42.2 %; BIOLOGÍA: ECOLOGÍA 36.0 %; ODONTOLOGÍA 31.1 %. Genera una ruta educativa personalizada.,"Ruta educativa sugerida. Primera opción recomendada: BIOLOGÍA: PESQUERÍA, con la mayor probabilidad estimada de ingreso (42.2 %). Alternativas: BIOLOGÍA: ECOLOGÍA (36.0 %) y ODONTOLOGÍA (31.1 %). Tu fortaleza en Matemática es coherente con estas opciones. Para mejorar tus posibilidades, refuerza Inglés antes del examen. Estas probabilidades son estimaciones orientativas basadas en postulantes con perfiles similares, no una garantía de resultado.","Basándome en el perfil proporcionado, puedo generar una ruta educativa para que tu postulante tenga más posibilidades de ingresar a la carrera de Biología - Pescaría o Ecología. Aquí te presento algunas sugerencias:

1. **Matemáticas**: Asegúrate de mantener un buen desempeño en matemáticas durante tus años de preparatoria. Esto es crucial ya que muchas carreras universitarias requieren conocimientos avanzados en este campo.

2. **Inglés**: Siempre mantén un buen nivel de inglés. Es importante porque muchos programas universitarios tienen requerimientos mínimos en esta materia.

3. **Preparación Preuniversitaria**: Continúa con tu preparación preuniversitaria. La CEPRENA puede ser muy útil para ti. Además, considera participar en concursos como los de la FENACO o la FEPADE si tienes oportunidad.","Ruta educativa sugerida. Primera opción recomendada: BIOLOGÍA: PESQUERÍA, con la mayor probabilidad estimada de ingreso (17.6 %). Alternativas: BIOLOGÍA: ECOLOGÍA (13.2 %) y MEDICINA VETERINARIA Y ZOOTECNIA (8.9 %). Tu fortaleza en Matemática es coherente con estas opciones. Para mejorar tus posibilidades, refuerza Inglés antes del examen. Estas probabilidades son estimaciones orientativas basadas en postulantes con perfiles similares, no una garantía de resultado.","Ruta educativa sugerida. Primera opción recomendada: BIOLOGÍA: PESQUERÍA, con la mayor probabilidad estimada de ingreso (42.2 %). Alternativas: BIOLOGÍA: ECOLOGÍA (36.0 %) y ODONTOLOGÍA (31.1 %). Tu fortaleza en Matemática es coherente con estas opciones. Para mejorar tus posibilidades, refuerza Inglés antes del examen. Estas probabilidades son estimaciones orientativas basadas en postulantes con perfiles similares, no una garantía de resultado."
Perfil del postulante: procede de un colegio público de área urbana (UGEL SAN ROMÁN); promedio de secundaria con desempeño en proceso; mayor fortaleza en Ciencia y Tecnología y menor en Matemática; postulaciones anteriores: 0; preparación preuniversitaria: nan; área de interés: ingenierías. Probabilidades estimadas de ingreso: INGENIERÍA AGRONÓMICA 5.8 %; INGENIERÍA GEOLÓGICA 5.3 %; INGENIERÍA ECONÓMICA 5.1 %. Genera una ruta educativa personalizada.,"Ruta educativa sugerida. Primera opción recomendada: INGENIERÍA AGRONÓMICA, con la mayor probabilidad estimada de ingreso (5.8 %). Alternativas: INGENIERÍA GEOLÓGICA (5.3 %) y INGENIERÍA ECONÓMICA (5.1 %). Tu fortaleza en Ciencia y Tecnología es coherente con estas opciones. Para mejorar tus posibilidades, refuerza Matemática antes del examen. Estas probabilidades son estimaciones orientativas basadas en postulantes con perfiles similares, no una garantía de resultado.","Basándome en el perfil proporcionado, aquí tienes una ruta educativa personalizada para que tu postulante pueda tener más posibilidades de ingresar a las carreras elegidas:

1. **Preparación Académica**:
   - **Matemáticas**: Comienza con los fundamentos matemáticos desde cero. Utiliza recursos como libros de texto, aplicaciones educativas en línea o tutoriales.
   - **Ciencias y Tecnología**: En este campo, puedes comenzar con asignaturas relacionadas a ciencia y tecnología en secundario. Considera cursos en línea o programas de certificación temprano.

2. **Pruebas de Admisión**:
   - **Ingeniería Agronómica**: Esta carrera requiere conocimientos avanzados en biología, química y física. Investiga sobre cómo se evalúa estos aspectos en tus estudios universitarios.
   - **Ingeniería Geológica","Ruta educativa sugerida. Primera opción recomendada: INGENIERÍA AGRONÓMICA, con la mayor probabilidad estimada de ingreso (12.3 %). Alternativas: INGENIERÍA GEOLÓGICA (12.3 %) y EDUCACIÓN SECUNDARIA DE LA ESPECIALIDAD DE MATEMÁTICA, FÍSICA, COMPUTACIÓN E INFORMÁTICA (9.2 %). Tu fortaleza en Ciencia y Tecnología es coherente con estas opciones. Para mejorar tus posibilidades, refuerza Matemática antes del examen. Estas probabilidades son estimaciones orientativas basadas en postulantes con perfiles similares, no una garantía de resultado.","Ruta educativa sugerida. Primera opción recomendada: INGENIERÍA AGRONÓMICA, con la mayor probabilidad estimada de ingreso (5.8 %). Alternativas: INGENIERÍA GEOLÓGICA (5.3 %) y INGENIERÍA ECONÓMICA (5.1 %). Tu fortaleza en Ciencia y Tecnología es coherente con estas opciones. Para mejorar tus posibilidades, refuerza Matemática antes del examen. Estas probabilidades son estimaciones orientativas basadas en postulantes con perfiles similares, no una garantía de resultado."
Perfil del postulante: procede de un colegio privado de área urbana (UGEL SAN ROMÁN); promedio de secundaria con desempeño en proceso; mayor fortaleza en Ciencia y Tecnología y menor en Matemática; postulaciones anteriores: 0; preparación preuniversitaria: ninguna; área de interés: sociales. Probabilidades estimadas de ingreso: ADMINISTRACIÓN 1.7 %; CIENCIAS CONTABLES 1.7 %; EDUCACIÓN FÍSICA 1.7 %. Genera una ruta educativa personalizada.,"Ruta educativa sugerida. Primera opción recomendada: ADMINISTRACIÓN, con la mayor probabilidad estimada de ingreso (1.7 %). Alternativas: CIENCIAS CONTABLES (1.7 %) y EDUCACIÓN FÍSICA (1.7 %). Tu fortaleza en Ciencia y Tecnología es coherente con estas opciones. Para mejorar tus posibilidades, refuerza Matemática antes del examen y considera una preparación preuniversitaria estructurada. Estas probabilidades son estimaciones orientativas basadas en postulantes con perfiles similares, no una garantía de resultado.","Basándome en el perfil proporcionado, aquí tienes una ruta educativa personalizada para que tu postulante pueda aprovechar sus fortalezas y potencial:

1. **Primera Semana**: 
   - **Matemáticas**: Comienza con los fundamentos matemáticos. Utiliza recursos como libros de texto, tutoriales en línea o aplicaciones móviles.
   - **Ciencias y Tecnología**: Aprende sobre ciencia básica y tecnología aplicada. Considera cursos online o seminarios presenciales.

2. **Segunda Semana**:
   - **Educación Social**: Comienza con temas básicos de sociología, economía social y ética. Recursos pueden ser libros, videos educativos o conferencias en línea.

3. **Tercera Semana**:
   - **Administración**: Comienza con conceptos básicos de gestión empresarial y administración pública. Considera cursos en línea gratuitos o","Ruta educativa sugerida. Primera opción recomendada: SOCIOLOGÍA, con la mayor probabilidad estimada de ingreso (17.6 %). Alternativas: ADMINISTRACIÓN (13.2 %) y EDUCACIÓN FÍSICA (13.2 %). Tu fortaleza en Ciencia y Tecnología es coherente con estas opciones. Para mejorar tus posibilidades, refuerza Matemática antes del examen y considera una preparación preuniversitaria estructurada. Estas probabilidades son estimaciones orientativas basadas en postulantes con perfiles similares, no una garantía de resultado.","Ruta educativa sugerida. Primera opción recomendada: ADMINISTRACIÓN, con la mayor probabilidad estimada de ingreso (1.7 %). Alternativas: CIENCIAS CONTABLES (1.7 %) y EDUCACIÓN FÍSICA (1.7 %). Tu fortaleza en Ciencia y Tecnología es coherente con estas opciones. Para mejorar tus posibilidades, refuerza Matemática antes del examen y considera una preparación preuniversitaria estructurada. Estas probabilidades son estimaciones orientativas basadas en postulantes con perfiles similares, no una garantía de resultado."
Perfil del postulante: procede de un colegio público de área rural (UGEL SANDIA); promedio de secundaria con desempeño satisfactorio; mayor fortaleza en Comunicación y menor en Matemática; postulaciones anteriores: 0; preparación preuniversitaria: academia particular; área de interés: sociales. Probabilidades estimadas de ingreso: CIENCIAS CONTABLES 5.8 %; SOCIOLOGÍA 5.8 %; TRABAJO SOCIAL 5.8 %. Genera una ruta educativa personalizada.,"Ruta educativa sugerida. Primera opción recomendada: CIENCIAS CONTABLES, con la mayor probabilidad estimada de ingreso (5.8 %). Alternativas: SOCIOLOGÍA (5.8 %) y TRABAJO SOCIAL (5.8 %). Tu fortaleza en Comunicación es coherente con estas opciones. Para mejorar tus posibilidades, refuerza Matemática antes del examen. Estas probabilidades son estimaciones orientativas basadas en postulantes con perfiles similares, no una garantía de resultado.","Basándome en el perfil proporcionado, puedo generar una ruta educativa para que tu postulante pueda aprovechar sus fortalezas y potencialidades. Aquí te presento algunas sugerencias:

1. **Comenzar con los fundamentos**: Aunque su desempeño en matemáticas es limitado, puede comenzar con cursos básicos de matemáticas para consolidar sus habilidades. Esto podría incluir matemáticas para administradores o álgebra básica.

2. **Incorporar Comunicación en todas las materias**: Como su mayor fortaleza, puedes enfocarte en materias donde se requiera comunicación extrema. Por ejemplo, podría considerarse Ciencias Contables, donde la comunicación será fundamental para entender conceptos complejos.

3. **Introducción al Trabajo Social**: Siempre hay un mercado laboral fuerte en este campo. La Socología también podría ser interesante, ya que permite profundizar en","Ruta educativa sugerida. Primera opción recomendada: SOCIOLOGÍA, con la mayor probabilidad estimada de ingreso (17.6 %). Alternativas: TRABAJO SOCIAL (15.2 %) y ADMINISTRACIÓN (13.2 %). Tu fortaleza en Comunicación es coherente con estas opciones. Para mejorar tus posibilidades, refuerza Matemática antes del examen. Estas probabilidades son estimaciones orientativas basadas en postulantes con perfiles similares, no una garantía de resultado.","Ruta educativa sugerida. Primera opción recomendada: CIENCIAS CONTABLES, con la mayor probabilidad estimada de ingreso (5.8 %). Alternativas: SOCIOLOGÍA (5.8 %) y TRABAJO SOCIAL (5.8 %). Tu fortaleza en Comunicación es coherente con estas opciones. Para mejorar tus posibilidades, refuerza Matemática antes del examen. Estas probabilidades son estimaciones orientativas basadas en postulantes con perfiles similares, no una garantía de resultado."
Perfil del postulante: procede de un colegio público de área rural (UGEL HUANCANÉ); promedio de secundaria con desempeño satisfactorio; mayor fortaleza en Ciencia y Tecnología y menor en Matemática; postulaciones anteriores: 0; preparación preuniversitaria: ninguna; área de interés: ingenierías. Probabilidades estimadas de ingreso: INGENIERÍA AGRONÓMICA 5.8 %; INGENIERÍA TOPOGRÁFICA Y AGRIMENSURA 5.8 %; INGENIERÍA GEOLÓGICA 5.1 %. Genera una ruta educativa personalizada.,"Ruta educativa sugerida. Primera opción recomendada: INGENIERÍA AGRONÓMICA, con la mayor probabilidad estimada de ingreso (5.8 %). Alternativas: INGENIERÍA TOPOGRÁFICA Y AGRIMENSURA (5.8 %) y INGENIERÍA GEOLÓGICA (5.1 %). Tu fortaleza en Ciencia y Tecnología es coherente con estas opciones. Para mejorar tus posibilidades, refuerza Matemática antes del examen y considera una preparación preuniversitaria estructurada. Estas probabilidades son estimaciones orientativas basadas en postulantes con perfiles similares, no una garantía de resultado.","Basándome en el perfil proporcionado, aquí tienes una ruta educativa personalizada para que tu postulante pueda aprovechar al máximo sus posibilidades:

1. **Reforzar conocimientos en Ciencias y Tecnología**: 
   - Continuar con los estudios en Secundario para profundizar en materias como Física, Química y Computación.
   - Considerar cursos adicionales en áreas relacionadas a Ingeniería Agronómica o Geográfica.

2. **Prepararse para la matemáticas**:
   - Si aún no ha tomado clases de matemáticas avanzadas, considerar opciones como matemáticas aplicadas a la ingeniería o física.
   - En caso de que ya tenga cierto nivel, buscar tutorías o grupos de estudio para mejorar habilidades en álgebra, trigonometría y cálculo.

3. **Formación Profesional**:
   - Posteriormente","Ruta educativa sugerida. Primera opción recomendada: INGENIERÍA AGRONÓMICA, con la mayor probabilidad estimada de ingreso (17.6 %). Alternativas: INGENIERÍA GEOLÓGICA (15.2 %) y EDUCACIÓN SECUNDARIA DE LA ESPECIALIDAD DE MATEMÁTICA, FÍSICA, COMPUTACIÓN E INFORMÁTICA (13.2 %). Tu fortaleza en Ciencia y Tecnología es coherente con estas opciones. Para mejorar tus posibilidades, refuerza Matemática antes del examen y considera una preparación preuniversitaria estructurada. Estas probabilidades son estimaciones orientativas basadas en postulantes con perfiles similares, no una garantía de resultado.","Ruta educativa sugerida. Primera opción recomendada: INGENIERÍA AGRONÓMICA, con la mayor probabilidad estimada de ingreso (5.8 %). Alternativas: INGENIERÍA TOPOGRÁFICA Y AGRIMENSURA (5.8 %) y INGENIERÍA GEOLÓGICA (5.1 %). Tu fortaleza en Ciencia y Tecnología es coherente con estas opciones. Para mejorar tus posibilidades, refuerza Matemática antes del examen y considera una preparación preuniversitaria estructurada. Estas probabilidades son estimaciones orientativas basadas en postulantes con perfiles similares, no una garantía de resultado."
Perfil del postulante: procede de un colegio público de área urbana (UGEL SAN ROMÁN); promedio de secundaria con desempeño satisfactorio; mayor fortaleza en Matemática y menor en Inglés; postulaciones anteriores: 0; preparación preuniversitaria: academia particular; área de interés: sociales. Probabilidades estimadas de ingreso: ADMINISTRACIÓN 5.8 %; CIENCIAS CONTABLES 5.8 %; TRABAJO SOCIAL 5.8 %. Genera una ruta educativa personalizada.,"Ruta educativa sugerida. Primera opción recomendada: ADMINISTRACIÓN, con la mayor probabilidad estimada de ingreso (5.8 %). Alternativas: CIENCIAS CONTABLES (5.8 %) y TRABAJO SOCIAL (5.8 %). Tu fortaleza en Matemática es coherente con estas opciones. Para mejorar tus posibilidades, refuerza Inglés antes del examen. Estas probabilidades son estimaciones orientativas basadas en postulantes con perfiles similares, no una garantía de resultado.","Basándome en el perfil proporcionado, puedo generar una ruta educativa para que tu postulante pueda aprovechar sus fortalezas y potencialidades. Aquí te presento algunas sugerencias:

1. **Matemáticas**: Esta es su fortaleza. Para profundizar en esta materia, podrías considerar opciones como:
   - **Licenciatura en Ciencias Económicas o Administrativas**.
   - **Ingeniería en Sistemas de Información**.

2. **Inglés**: Su rendimiento en este área es más bajo. Considerando su fortaleza matemática, podría ser beneficioso incluir:
   - **Lenguaje Ingles en la Preparatoria Académica**.
   - **Cursos de inglés avanzados en línea**.

3. **Social Work**: Este es su área de interés. Podría considerar:
   - **Licenciatura en Trabajo Social**.
   - **","Ruta educativa sugerida. Primera opción recomendada: SOCIOLOGÍA, con la mayor probabilidad estimada de ingreso (17.6 %). Alternativas: ADMINISTRACIÓN (13.2 %) y EDUCACIÓN FÍSICA (13.2 %). Tu fortaleza en Matemática es coherente con estas opciones. Para mejorar tus posibilidades, refuerza Inglés antes del examen. Estas probabilidades son estimaciones orientativas basadas en postulantes con perfiles similares, no una garantía de resultado.","Ruta educativa sugerida. Primera opción recomendada: ADMINISTRACIÓN, con la mayor probabilidad estimada de ingreso (5.8 %). Alternativas: CIENCIAS CONTABLES (5.8 %) y TRABAJO SOCIAL (5.8 %). Tu fortaleza en Matemática es coherente con estas opciones. Para mejorar tus posibilidades, refuerza Inglés antes del examen. Estas probabilidades son estimaciones orientativas basadas en postulantes con perfiles similares, no una garantía de resultado."
Perfil del postulante: procede de un colegio público de área urbana (UGEL EL COLLAO); promedio de secundaria con desempeño satisfactorio; mayor fortaleza en Matemática y menor en Inglés; postulaciones anteriores: 0; preparación preuniversitaria: academia particular; área de interés: biomédicas. Probabilidades estimadas de ingreso: BIOLOGÍA: PESQUERÍA 46.3 %; BIOLOGÍA: ECOLOGÍA 42.2 %; MEDICINA VETERINARIA Y ZOOTECNIA 41.7 %. Genera una ruta educativa personalizada.,"Ruta educativa sugerida. Primera opción recomendada: BIOLOGÍA: PESQUERÍA, con la mayor probabilidad estimada de ingreso (46.3 %). Alternativas: BIOLOGÍA: ECOLOGÍA (42.2 %) y MEDICINA VETERINARIA Y ZOOTECNIA (41.7 %). Tu fortaleza en Matemática es coherente con estas opciones. Para mejorar tus posibilidades, refuerza Inglés antes del examen. Estas probabilidades son estimaciones orientativas basadas en postulantes con perfiles similares, no una garantía de resultado.","Basándome en el perfil proporcionado, aquí tienes una ruta educativa personalizada para que tu postulante pueda aprovechar al máximo sus posibilidades:

1. **Matemáticas**: 
   - Continuar con matemáticas en la universidad.
   - Considerar opciones como ingeniería o ciencias de la computación si es interesante.

2. **Inglés**:
   - Siempre mantenerse actualizado en inglés.
   - Considerar cursos adicionales en inglés si no ha logrado alcanzar los niveles necesarios.

3. **Biomédica**:
   - Enseñanza superior en medicina veterinaria o zootecnia.
   - Considerar carreras relacionadas como biología molecular, genética, bioquímica, etc., dependiendo de su fortaleza en esta materia.

4. **Preparación Preuniversitaria**:
   - Mantenerse activos en línea para seguir","Ruta educativa sugerida. Primera opción recomendada: BIOLOGÍA: PESQUERÍA, con la mayor probabilidad estimada de ingreso (17.6 %). Alternativas: BIOLOGÍA: ECOLOGÍA (13.2 %) y MEDICINA VETERINARIA Y ZOOTECNIA (8.9 %). Tu fortaleza en Matemática es coherente con estas opciones. Para mejorar tus posibilidades, refuerza Inglés antes del examen. Estas probabilidades son estimaciones orientativas basadas en postulantes con perfiles similares, no una garantía de resultado.","Ruta educativa sugerida. Primera opción recomendada: BIOLOGÍA: PESQUERÍA, con la mayor probabilidad estimada de ingreso (46.3 %). Alternativas: BIOLOGÍA: ECOLOGÍA (42.2 %) y MEDICINA VETERINARIA Y ZOOTECNIA (41.7 %). Tu fortaleza en Matemática es coherente con estas opciones. Para mejorar tus posibilidades, refuerza Inglés antes del examen. Estas probabilidades son estimaciones orientativas basadas en postulantes con perfiles similares, no una garantía de resultado."
"Perfil del postulante: procede de un colegio público de área rural (UGEL YUNGUYO); promedio de secundaria con desempeño satisfactorio; mayor fortaleza en Ciencias Sociales y menor en Ciencia y Tecnología; postulaciones anteriores: 0; preparación preuniversitaria: cepreuna; área de interés: ingenierías. Probabilidades estimadas de ingreso: INGENIERÍA GEOLÓGICA 18.2 %; EDUCACIÓN SECUNDARIA DE LA ESPECIALIDAD DE MATEMÁTICA, FÍSICA, COMPUTACIÓN E INFORMÁTICA 17.6 %; INGENIERÍA AGRONÓMICA 17.6 %. Genera una ruta educativa personalizada.","Ruta educativa sugerida. Primera opción recomendada: INGENIERÍA GEOLÓGICA, con la mayor probabilidad estimada de ingreso (18.2 %). Alternativas: EDUCACIÓN SECUNDARIA DE LA ESPECIALIDAD DE MATEMÁTICA, FÍSICA, COMPUTACIÓN E INFORMÁTICA (17.6 %) y INGENIERÍA AGRONÓMICA (17.6 %). Tu fortaleza en Ciencias Sociales es coherente con estas opciones. Para mejorar tus posibilidades, refuerza Ciencia y Tecnología antes del examen. Estas probabilidades son estimaciones orientativas basadas en postulantes con perfiles similares, no una garantía de resultado.","Basándome en el perfil proporcionado, puedo generar una ruta educativa para que tu postulante tenga más posibilidades de ingresar a las carreras elegidas.

1. **Primera Semana**: 
   - **Matemáticas** y **Física**: Comenzarán con los primeros semestres de matemáticas y física. Estas materias son fundamentales para todas las carreras seleccionadas.
   
2. **Segunda Semana**:
   - **Ciencias Sociales**: Continuarán sus estudios en ciencias sociales. Esta es una fuerte fortaleza del postulante, por lo que podrían considerar opciones como Ingeniería Social o Geografía.
   
3. **Tercera Semana**:
   - **Ingles**: Inician su aprendizaje del inglés, ya que será útil para comunicarse en universidad y entender mejor los materiales académicos.
   
4. **Cuarta","Ruta educativa sugerida. Primera opción recomendada: INGENIERÍA AGRONÓMICA, con la mayor probabilidad estimada de ingreso (17.6 %). Alternativas: INGENIERÍA GEOLÓGICA (15.2 %) y EDUCACIÓN SECUNDARIA DE LA ESPECIALIDAD DE MATEMÁTICA, FÍSICA, COMPUTACIÓN E INFORMÁTICA (13.2 %). Tu fortaleza en Ciencias Sociales es coherente con estas opciones. Para mejorar tus posibilidades, refuerza Ciencia y Tecnología antes del examen. Estas probabilidades son estimaciones orientativas basadas en postulantes con perfiles similares, no una garantía de resultado.","Ruta educativa sugerida. Primera opción recomendada: INGENIERÍA GEOLÓGICA, con la mayor probabilidad estimada de ingreso (18.2 %). Alternativas: EDUCACIÓN SECUNDARIA DE LA ESPECIALIDAD DE MATEMÁTICA, FÍSICA, COMPUTACIÓN E INFORMÁTICA (17.6 %) y INGENIERÍA AGRONÓMICA (17.6 %). Tu fortaleza en Ciencias Sociales es coherente con estas opciones. Para mejorar tus posibilidades, refuerza Ciencia y Tecnología antes del examen. Estas probabilidades son estimaciones orientativas basadas en postulantes con perfiles similares, no una garantía de resultado."
Perfil del postulante: procede de un colegio público de área urbana (nan); promedio de secundaria con desempeño satisfactorio; mayor fortaleza en Ciencias Sociales y menor en Ciencia y Tecnología; postulaciones anteriores: 2; preparación preuniversitaria: academia particular; área de interés: biomédicas. Probabilidades estimadas de ingreso: BIOLOGÍA: PESQUERÍA 17.6 %; BIOLOGÍA: ECOLOGÍA 12.3 %; ODONTOLOGÍA 10.5 %. Genera una ruta educativa personalizada.,"Ruta educativa sugerida. Primera opción recomendada: BIOLOGÍA: PESQUERÍA, con la mayor probabilidad estimada de ingreso (17.6 %). Alternativas: BIOLOGÍA: ECOLOGÍA (12.3 %) y ODONTOLOGÍA (10.5 %). Tu fortaleza en Ciencias Sociales es coherente con estas opciones. Para mejorar tus posibilidades, refuerza Ciencia y Tecnología antes del examen. Estas probabilidades son estimaciones orientativas basadas en postulantes con perfiles similares, no una garantía de resultado.","Basándome en el perfil proporcionado, puedo generar una ruta educativa para que tu postulante tenga más posibilidades de ingresar a la carrera de Biología - Pescaría o Ecología. Aquí te presento algunas sugerencias:

1. **Preparación Académica**: 
   - Asegúrate de revisar los libros de texto de biología y ciencias sociales.
   - Realiza ejercicios prácticos sobre temas como ecología y bioquímica.

2. **Práctica Laboral**:
   - Considera participar en talleres o seminarios relacionados a la industria pescanegra.
   - Si es posible, realiza voluntariado en áreas relacionadas al medio ambiente.

3. **Extracurricular**:
   - Participa en clubes o organizaciones que trabajen en temas ambientales.
   - Formatea tus habilidades en comunicación y liderazgo.","Ruta educativa sugerida. Primera opción recomendada: BIOLOGÍA: ECOLOGÍA, con la mayor probabilidad estimada de ingreso (17.6 %). Alternativas: BIOLOGÍA: PESQUERÍA (17.6 %) y NUTRICIÓN HUMANA (13.2 %). Tu fortaleza en Ciencias Sociales es coherente con estas opciones. Para mejorar tus posibilidades, refuerza Ciencia y Tecnología antes del examen. Estas probabilidades son estimaciones orientativas basadas en postulantes con perfiles similares, no una garantía de resultado.","Ruta educativa sugerida. Primera opción recomendada: BIOLOGÍA: PESQUERÍA, con la mayor probabilidad estimada de ingreso (17.6 %). Alternativas: BIOLOGÍA: ECOLOGÍA (12.3 %) y ODONTOLOGÍA (10.5 %). Tu fortaleza en Ciencias Sociales es coherente con estas opciones. Para mejorar tus posibilidades, refuerza Ciencia y Tecnología antes del examen. Estas probabilidades son estimaciones orientativas basadas en postulantes con perfiles similares, no una garantía de resultado."
Perfil del postulante: procede de un colegio público de área urbana (UGEL PUNO); promedio de secundaria con desempeño satisfactorio; mayor fortaleza en Ciencias Sociales y menor en Matemática; postulaciones anteriores: 0; preparación preuniversitaria: cepreuna previo; área de interés: sociales. Probabilidades estimadas de ingreso: SOCIOLOGÍA 20.2 %; TRABAJO SOCIAL 17.6 %; CIENCIAS CONTABLES 12.3 %. Genera una ruta educativa personalizada.,"Ruta educativa sugerida. Primera opción recomendada: SOCIOLOGÍA, con la mayor probabilidad estimada de ingreso (20.2 %). Alternativas: TRABAJO SOCIAL (17.6 %) y CIENCIAS CONTABLES (12.3 %). Tu fortaleza en Ciencias Sociales es coherente con estas opciones. Para mejorar tus posibilidades, refuerza Matemática antes del examen. Estas probabilidades son estimaciones orientativas basadas en postulantes con perfiles similares, no una garantía de resultado.","Basado en el perfil proporcionado, aquí tienes una ruta educativa personalizada para que tu postulante pueda aprovechar sus fortalezas y potencial:

1. **Primera Semana**: 
   - **Matemáticas**:
     - Inicia con los fundamentos matemáticos básicos.
     - Utiliza recursos como libros de texto, tutoriales online o aplicaciones educativas.
     - Participa en actividades prácticas relacionadas con la matemática.

2. **Segunda Semana**:
   - **Ciencias Sociales**:
     - Comienza con lecciones sobre historia, geografía y cultura local.
     - Realiza proyectos de investigación sobre temas interesantes para tienda.
     - Participa en talleres o seminarios sobre temas sociales relevantes.

3. **Tercera Semana**:
   - **Iniciación al Trabajo Social**:
     - Aprende sobre diferentes tipos de trabajo social","Ruta educativa sugerida. Primera opción recomendada: SOCIOLOGÍA, con la mayor probabilidad estimada de ingreso (17.6 %). Alternativas: TRABAJO SOCIAL (15.2 %) y ADMINISTRACIÓN (13.2 %). Tu fortaleza en Ciencias Sociales es coherente con estas opciones. Para mejorar tus posibilidades, refuerza Matemática antes del examen. Estas probabilidades son estimaciones orientativas basadas en postulantes con perfiles similares, no una garantía de resultado.","Ruta educativa sugerida. Primera opción recomendada: SOCIOLOGÍA, con la mayor probabilidad estimada de ingreso (20.2 %). Alternativas: TRABAJO SOCIAL (17.6 %) y CIENCIAS CONTABLES (12.3 %). Tu fortaleza en Ciencias Sociales es coherente con estas opciones. Para mejorar tus posibilidades, refuerza Matemática antes del examen. Estas probabilidades son estimaciones orientativas basadas en postulantes con perfiles similares, no una garantía de resultado."
Perfil del postulante: procede de un colegio público de área nan (UGEL SAN ROMÁN); promedio de secundaria con desempeño satisfactorio; mayor fortaleza en Comunicación y menor en Matemática; postulaciones anteriores: 0; preparación preuniversitaria: autoestudio; área de interés: ingenierías. Probabilidades estimadas de ingreso: INGENIERÍA AGRONÓMICA 8.9 %; INGENIERÍA ECONÓMICA 8.9 %; INGENIERÍA GEOLÓGICA 7.3 %. Genera una ruta educativa personalizada.,"Ruta educativa sugerida. Primera opción recomendada: INGENIERÍA AGRONÓMICA, con la mayor probabilidad estimada de ingreso (8.9 %). Alternativas: INGENIERÍA ECONÓMICA (8.9 %) y INGENIERÍA GEOLÓGICA (7.3 %). Tu fortaleza en Comunicación es coherente con estas opciones. Para mejorar tus posibilidades, refuerza Matemática antes del examen. Estas probabilidades son estimaciones orientativas basadas en postulantes con perfiles similares, no una garantía de resultado.","Basándome en el perfil proporcionado, aquí tienes una ruta educativa personalizada para que tu postulante pueda aprovechar al máximo sus habilidades y fortalezas:

1. **Comenzar su preparación universitaria**: 
   - **Primera Semana**: Iniciar su preparación en línea o en casa, utilizando recursos como libros electrónicos, tutoriales en línea y videos explicativos.
   - **Segunda Semana**: Realizar un curso básico de matemáticas si aún no lo han hecho. Esto puede ser útil ya que es una de las áreas donde se le considera menos fuerte.

2. **Iniciarse en la Ingeniería Agronómica**:
   - **Primeros Meses**: Enfocarse en materias relacionadas con la agricultura y la producción agrícola. Estudiar los fundamentos de la ciencia agrícola, la biología y la química aplicada","Ruta educativa sugerida. Primera opción recomendada: INGENIERÍA AGRONÓMICA, con la mayor probabilidad estimada de ingreso (17.6 %). Alternativas: INGENIERÍA GEOLÓGICA (15.2 %) y EDUCACIÓN SECUNDARIA DE LA ESPECIALIDAD DE MATEMÁTICA, FÍSICA, COMPUTACIÓN E INFORMÁTICA (13.2 %). Tu fortaleza en Comunicación es coherente con estas opciones. Para mejorar tus posibilidades, refuerza Matemática antes del examen. Estas probabilidades son estimaciones orientativas basadas en postulantes con perfiles similares, no una garantía de resultado.","Ruta educativa sugerida. Primera opción recomendada: INGENIERÍA AGRONÓMICA, con la mayor probabilidad estimada de ingreso (8.9 %). Alternativas: INGENIERÍA ECONÓMICA (8.9 %) y INGENIERÍA GEOLÓGICA (7.3 %). Tu fortaleza en Comunicación es coherente con estas opciones. Para mejorar tus posibilidades, refuerza Matemática antes del examen. Estas probabilidades son estimaciones orientativas basadas en postulantes con perfiles similares, no una garantía de resultado."
Perfil del postulante: procede de un colegio público de área rural (UGEL MELGAR); promedio de secundaria con desempeño satisfactorio; mayor fortaleza en Comunicación y menor en Ciencia y Tecnología; postulaciones anteriores: 1; preparación preuniversitaria: academia particular; área de interés: sociales. Probabilidades estimadas de ingreso: TRABAJO SOCIAL 15.2 %; SOCIOLOGÍA 15.2 %; CIENCIAS CONTABLES 12.3 %. Genera una ruta educativa personalizada.,"Ruta educativa sugerida. Primera opción recomendada: TRABAJO SOCIAL, con la mayor probabilidad estimada de ingreso (15.2 %). Alternativas: SOCIOLOGÍA (15.2 %) y CIENCIAS CONTABLES (12.3 %). Tu fortaleza en Comunicación es coherente con estas opciones. Para mejorar tus posibilidades, refuerza Ciencia y Tecnología antes del examen. Estas probabilidades son estimaciones orientativas basadas en postulantes con perfiles similares, no una garantía de resultado.","Basándome en el perfil proporcionado, puedo generar una ruta educativa para que tu postulante pueda aprovechar sus fortalezas y potencialidades:

1. **Comenzar su educación universitaria**: Considerando que ya ha demostrado un buen desempeño en la comunicación, podría considerarse una buena opción comenzar su carrera universitaria en una carrera relacionada con esta disciplina. Por ejemplo, podría optar por estudiar Ciencias Sociales o Psicología.

2. **Formación en Comunicación Social**: Siempre se ha destacado en este campo, podrías considerar cursar una Licenciatura en Comunicación Social. Esta carrera te permitirá profundizar en temas como relaciones públicas, publicidad, medios de comunicación, entre otros.

3. **Iniciativas prácticas**: Aunque no hay información específica sobre experiencias laborales previas, puedes considerar participar en proyectos de voluntariado","Ruta educativa sugerida. Primera opción recomendada: SOCIOLOGÍA, con la mayor probabilidad estimada de ingreso (26.8 %). Alternativas: TRABAJO SOCIAL (25.9 %) y ADMINISTRACIÓN (17.6 %). Tu fortaleza en Comunicación es coherente con estas opciones. Para mejorar tus posibilidades, refuerza Ciencia y Tecnología antes del examen. Estas probabilidades son estimaciones orientativas basadas en postulantes con perfiles similares, no una garantía de resultado.","Ruta educativa sugerida. Primera opción recomendada: TRABAJO SOCIAL, con la mayor probabilidad estimada de ingreso (15.2 %). Alternativas: SOCIOLOGÍA (15.2 %) y CIENCIAS CONTABLES (12.3 %). Tu fortaleza en Comunicación es coherente con estas opciones. Para mejorar tus posibilidades, refuerza Ciencia y Tecnología antes del examen. Estas probabilidades son estimaciones orientativas basadas en postulantes con perfiles similares, no una garantía de resultado."
Perfil del postulante: procede de un colegio público de área rural (UGEL CANAS); promedio de secundaria con desempeño satisfactorio; mayor fortaleza en Ciencia y Tecnología y menor en Matemática; postulaciones anteriores: 0; preparación preuniversitaria: cepreuna; área de interés: sociales. Probabilidades estimadas de ingreso: TRABAJO SOCIAL 2.9 %; SOCIOLOGÍA 2.9 %; ADMINISTRACIÓN 1.7 %. Genera una ruta educativa personalizada.,"Ruta educativa sugerida. Primera opción recomendada: TRABAJO SOCIAL, con la mayor probabilidad estimada de ingreso (2.9 %). Alternativas: SOCIOLOGÍA (2.9 %) y ADMINISTRACIÓN (1.7 %). Tu fortaleza en Ciencia y Tecnología es coherente con estas opciones. Para mejorar tus posibilidades, refuerza Matemática antes del examen. Estas probabilidades son estimaciones orientativas basadas en postulantes con perfiles similares, no una garantía de resultado.","Basándome en el perfil proporcionado, puedo generar una ruta educativa para este postulante que se adapte mejor a sus habilidades y intereses:

1. **Primera Semana**: Inicia su camino universitario en el Trabajo Social. Esta carrera es ideal para aquellos que buscan empleos en áreas como la justicia social, servicios sociales, y gestión de conflictos. La combinación de ciencias sociales y humanidades puede ser muy beneficiosa para este postulante.

2. **Segunda Semana**: Posteriormente, considerando su fortaleza en Ciencia y Tecnología, podría optar por entrar al Preparatory Course for University Studies (PCUS) o CEPRENA. Este curso le permitirá profundizar en temas científicos y tecnológicos, lo cual puede ser beneficioso para futuras carreras en ingeniería o ciencias de la computación.

3. **Tercera Semana**:","Ruta educativa sugerida. Primera opción recomendada: SOCIOLOGÍA, con la mayor probabilidad estimada de ingreso (17.6 %). Alternativas: TRABAJO SOCIAL (15.2 %) y CIENCIAS CONTABLES (13.2 %). Tu fortaleza en Ciencia y Tecnología es coherente con estas opciones. Para mejorar tus posibilidades, refuerza Matemática antes del examen. Estas probabilidades son estimaciones orientativas basadas en postulantes con perfiles similares, no una garantía de resultado.","Ruta educativa sugerida. Primera opción recomendada: TRABAJO SOCIAL, con la mayor probabilidad estimada de ingreso (2.9 %). Alternativas: SOCIOLOGÍA (2.9 %) y ADMINISTRACIÓN (1.7 %). Tu fortaleza en Ciencia y Tecnología es coherente con estas opciones. Para mejorar tus posibilidades, refuerza Matemática antes del examen. Estas probabilidades son estimaciones orientativas basadas en postulantes con perfiles similares, no una garantía de resultado."
Perfil del postulante: procede de un colegio público de área rural (UGEL EL COLLAO); promedio de secundaria con desempeño satisfactorio; mayor fortaleza en Comunicación y menor en Ciencia y Tecnología; postulaciones anteriores: 0; preparación preuniversitaria: cepreuna; área de interés: sociales. Probabilidades estimadas de ingreso: SOCIOLOGÍA 17.6 %; TRABAJO SOCIAL 15.2 %; CIENCIAS CONTABLES 11.0 %. Genera una ruta educativa personalizada.,"Ruta educativa sugerida. Primera opción recomendada: SOCIOLOGÍA, con la mayor probabilidad estimada de ingreso (17.6 %). Alternativas: TRABAJO SOCIAL (15.2 %) y CIENCIAS CONTABLES (11.0 %). Tu fortaleza en Comunicación es coherente con estas opciones. Para mejorar tus posibilidades, refuerza Ciencia y Tecnología antes del examen. Estas probabilidades son estimaciones orientativas basadas en postulantes con perfiles similares, no una garantía de resultado.","Basándome en el perfil proporcionado, puedo generar una ruta educativa para que tu postulante pueda aprovechar sus fortalezas y potencialidades. Aquí te presento algunas sugerencias:

1. **Comenzar con los fundamentos**: Aunque tu postulante tiene cierta fortaleza en Comunicación, es importante comenzar con los fundamentos de la carrera de SocioLOGÍA. Esto puede incluir materias como ""Introducción al Estudio Social"", ""Principios de la Investigación Social"" o ""Análisis de Datos"".

2. **Incorporar habilidades comunicativas**: La comunicación será fundamental en cualquier campo social. Por lo tanto, podrías considerar materias relacionadas con la comunicación interpersonal, como ""Comunicación Colectiva"" o ""Liderazgo Empático"". 

3. **Reforzar conocimientos básicos en Ciencia y Tecnología**: Siempre es útil tener","Ruta educativa sugerida. Primera opción recomendada: SOCIOLOGÍA, con la mayor probabilidad estimada de ingreso (17.6 %). Alternativas: TRABAJO SOCIAL (15.2 %) y CIENCIAS CONTABLES (13.2 %). Tu fortaleza en Comunicación es coherente con estas opciones. Para mejorar tus posibilidades, refuerza Ciencia y Tecnología antes del examen. Estas probabilidades son estimaciones orientativas basadas en postulantes con perfiles similares, no una garantía de resultado.","Ruta educativa sugerida. Primera opción recomendada: SOCIOLOGÍA, con la mayor probabilidad estimada de ingreso (17.6 %). Alternativas: TRABAJO SOCIAL (15.2 %) y CIENCIAS CONTABLES (11.0 %). Tu fortaleza en Comunicación es coherente con estas opciones. Para mejorar tus posibilidades, refuerza Ciencia y Tecnología antes del examen. Estas probabilidades son estimaciones orientativas basadas en postulantes con perfiles similares, no una garantía de resultado."
Perfil del postulante: procede de un colegio público de área urbana (UGEL PUNO); promedio de secundaria con desempeño satisfactorio; mayor fortaleza en Comunicación y menor en Ciencia y Tecnología; postulaciones anteriores: 0; preparación preuniversitaria: cepreuna; área de interés: sociales. Probabilidades estimadas de ingreso: SOCIOLOGÍA 20.2 %; TRABAJO SOCIAL 17.6 %; ADMINISTRACIÓN 15.2 %. Genera una ruta educativa personalizada.,"Ruta educativa sugerida. Primera opción recomendada: SOCIOLOGÍA, con la mayor probabilidad estimada de ingreso (20.2 %). Alternativas: TRABAJO SOCIAL (17.6 %) y ADMINISTRACIÓN (15.2 %). Tu fortaleza en Comunicación es coherente con estas opciones. Para mejorar tus posibilidades, refuerza Ciencia y Tecnología antes del examen. Estas probabilidades son estimaciones orientativas basadas en postulantes con perfiles similares, no una garantía de resultado.","Basándome en el perfil proporcionado, aquí tienes una ruta educativa personalizada para que tu postulante pueda aprovechar al máximo sus habilidades y fortalezas:

1. **Primera Semana**: 
   - **Comenzar** con los primeros semestres de la carrera de Administración.
   - **Reconocimiento de Fortalezas**: Aprender sobre cómo manejar mejor la comunicación para mejorar su desempeño en este campo.

2. **Segunda Semana**:
   - **Continuar con la carrera de Administración**: Continuar con los cursos de administración para profundizar en sus habilidades en gestión y liderazgo.
   - **Introducción a la Sociales**: Iniciar con los primeros semestres de la carrera de Sociología para entender mejor los temas sociales y políticos.

3. **Tercera Semana**:
   - **Primer Trimestre de la carrera de","Ruta educativa sugerida. Primera opción recomendada: SOCIOLOGÍA, con la mayor probabilidad estimada de ingreso (17.6 %). Alternativas: TRABAJO SOCIAL (15.2 %) y CIENCIAS CONTABLES (13.2 %). Tu fortaleza en Comunicación es coherente con estas opciones. Para mejorar tus posibilidades, refuerza Ciencia y Tecnología antes del examen. Estas probabilidades son estimaciones orientativas basadas en postulantes con perfiles similares, no una garantía de resultado.","Ruta educativa sugerida. Primera opción recomendada: SOCIOLOGÍA, con la mayor probabilidad estimada de ingreso (20.2 %). Alternativas: TRABAJO SOCIAL (17.6 %) y ADMINISTRACIÓN (15.2 %). Tu fortaleza en Comunicación es coherente con estas opciones. Para mejorar tus posibilidades, refuerza Ciencia y Tecnología antes del examen. Estas probabilidades son estimaciones orientativas basadas en postulantes con perfiles similares, no una garantía de resultado."
Perfil del postulante: procede de un colegio público de área urbana (UGEL CHUCUITO); promedio de secundaria con desempeño satisfactorio; mayor fortaleza en Matemática y menor en Ciencias Sociales; postulaciones anteriores: 2; preparación preuniversitaria: autoestudio; área de interés: biomédicas. Probabilidades estimadas de ingreso: BIOLOGÍA: PESQUERÍA 12.3 %; BIOLOGÍA: ECOLOGÍA 11.0 %; NUTRICIÓN HUMANA 7.3 %. Genera una ruta educativa personalizada.,"Ruta educativa sugerida. Primera opción recomendada: BIOLOGÍA: PESQUERÍA, con la mayor probabilidad estimada de ingreso (12.3 %). Alternativas: BIOLOGÍA: ECOLOGÍA (11.0 %) y NUTRICIÓN HUMANA (7.3 %). Tu fortaleza en Matemática es coherente con estas opciones. Para mejorar tus posibilidades, refuerza Ciencias Sociales antes del examen. Estas probabilidades son estimaciones orientativas basadas en postulantes con perfiles similares, no una garantía de resultado.","Basándome en el perfil proporcionado, puedo generar una ruta educativa para que tu postulante tenga más posibilidades de ingresar a la carrera de Biomédica en la UGEL CHUCUITO.

1. **Matemáticas**: 
   - Continuar con los cursos de matemáticas en secundario.
   - Considerar opciones adicionales como matemáticas avanzadas o física, ya que estas materias son fundamentales para futuros estudios en medicina.
   
2. **Ciencias Sociales**:
   - Asegurarse de que haya suficiente tiempo dedicado a esta materia en la preparación preuniversitaria.
   - Considerar opciones complementarias como historia, geografía o ciencias políticas si se consideran relevantes para futuras carreras.

3. **Biomédica**:
   - Enseñanza superior: 
     - Preparación para exámenes universitarios.","Ruta educativa sugerida. Primera opción recomendada: BIOLOGÍA: ECOLOGÍA, con la mayor probabilidad estimada de ingreso (17.6 %). Alternativas: BIOLOGÍA: PESQUERÍA (17.6 %) y NUTRICIÓN HUMANA (13.2 %). Tu fortaleza en Matemática es coherente con estas opciones. Para mejorar tus posibilidades, refuerza Ciencias Sociales antes del examen. Estas probabilidades son estimaciones orientativas basadas en postulantes con perfiles similares, no una garantía de resultado.","Ruta educativa sugerida. Primera opción recomendada: BIOLOGÍA: PESQUERÍA, con la mayor probabilidad estimada de ingreso (12.3 %). Alternativas: BIOLOGÍA: ECOLOGÍA (11.0 %) y NUTRICIÓN HUMANA (7.3 %). Tu fortaleza en Matemática es coherente con estas opciones. Para mejorar tus posibilidades, refuerza Ciencias Sociales antes del examen. Estas probabilidades son estimaciones orientativas basadas en postulantes con perfiles similares, no una garantía de resultado."
Perfil del postulante: procede de un colegio público de área rural (UGEL SANDIA); promedio de secundaria con desempeño satisfactorio; mayor fortaleza en Comunicación y menor en Ciencia y Tecnología; postulaciones anteriores: 0; preparación preuniversitaria: academia particular; área de interés: sociales. Probabilidades estimadas de ingreso: SOCIOLOGÍA 15.2 %; TRABAJO SOCIAL 12.3 %; EDUCACIÓN FÍSICA 11.0 %. Genera una ruta educativa personalizada.,"Ruta educativa sugerida. Primera opción recomendada: SOCIOLOGÍA, con la mayor probabilidad estimada de ingreso (15.2 %). Alternativas: TRABAJO SOCIAL (12.3 %) y EDUCACIÓN FÍSICA (11.0 %). Tu fortaleza en Comunicación es coherente con estas opciones. Para mejorar tus posibilidades, refuerza Ciencia y Tecnología antes del examen. Estas probabilidades son estimaciones orientativas basadas en postulantes con perfiles similares, no una garantía de resultado.","Basándome en el perfil proporcionado, puedo generar una ruta educativa para que tu postulante pueda aprovechar sus fortalezas y potencialidades. Aquí te presento algunas sugerencias:

1. **Comenzar con los fundamentos**: Aunque tu postulante tiene cierto desempeño en Comunicación, es importante comenzar con los aspectos básicos de la carrera universitaria. Esto podría incluir matemáticas, lógica y pensamiento crítico.

2. **Iniciar con la SocioLOGÍA**: Esta carrera puede ser muy interesante para alguien con fortalezas en Comunicación. La SocioLOGÍA aborda temas como la justicia social, la política, la economía y la sociedad, lo cual puede ser relevante para su área de interés.

3. **Continuar con Trabajo Social**: Siempre hay demanda de profesionales en este campo. El Trabajo Social se","Ruta educativa sugerida. Primera opción recomendada: SOCIOLOGÍA, con la mayor probabilidad estimada de ingreso (17.6 %). Alternativas: TRABAJO SOCIAL (15.2 %) y ADMINISTRACIÓN (13.2 %). Tu fortaleza en Comunicación es coherente con estas opciones. Para mejorar tus posibilidades, refuerza Ciencia y Tecnología antes del examen. Estas probabilidades son estimaciones orientativas basadas en postulantes con perfiles similares, no una garantía de resultado.","Ruta educativa sugerida. Primera opción recomendada: SOCIOLOGÍA, con la mayor probabilidad estimada de ingreso (15.2 %). Alternativas: TRABAJO SOCIAL (12.3 %) y EDUCACIÓN FÍSICA (11.0 %). Tu fortaleza en Comunicación es coherente con estas opciones. Para mejorar tus posibilidades, refuerza Ciencia y Tecnología antes del examen. Estas probabilidades son estimaciones orientativas basadas en postulantes con perfiles similares, no una garantía de resultado."
Perfil del postulante: procede de un colegio público de área rural (UGEL HUANCANÉ); promedio de secundaria con desempeño satisfactorio; mayor fortaleza en Comunicación y menor en Ciencias Sociales; postulaciones anteriores: 0; preparación preuniversitaria: cepreuna previo; área de interés: sociales. Probabilidades estimadas de ingreso: TRABAJO SOCIAL 8.9 %; SOCIOLOGÍA 8.9 %; ADMINISTRACIÓN 5.8 %. Genera una ruta educativa personalizada.,"Ruta educativa sugerida. Primera opción recomendada: TRABAJO SOCIAL, con la mayor probabilidad estimada de ingreso (8.9 %). Alternativas: SOCIOLOGÍA (8.9 %) y ADMINISTRACIÓN (5.8 %). Tu fortaleza en Comunicación es coherente con estas opciones. Para mejorar tus posibilidades, refuerza Ciencias Sociales antes del examen. Estas probabilidades son estimaciones orientativas basadas en postulantes con perfiles similares, no una garantía de resultado.","Basándome en el perfil proporcionado, aquí tienes una ruta educativa personalizada para que tu postulante pueda aprovechar sus fortalezas y potencial:

1. **Comenzar su educación universitaria**: Considerando que ya ha realizado la preparación preuniversitaria CEPRENA previa, puedes sugerirle comenzar su carrera universitaria en una carrera relacionada con los temas que le gustan más, como Comunicación o Administración.

2. **Iniciar en Comunicación Social**: Siempre se ha destacado en Comunicación, podrías sugerirle empezar su carrera en una Facultad de Comunicación o Publicidad. Esto podría ser una buena opción porque te permitirá utilizar tus habilidades comunicativas de manera efectiva.

3. **Adquirir conocimientos en Administración**: Aunque no es su fuerte, si consideramos que tiene cierto nivel en esta materia, podrías suger","Ruta educativa sugerida. Primera opción recomendada: SOCIOLOGÍA, con la mayor probabilidad estimada de ingreso (17.6 %). Alternativas: TRABAJO SOCIAL (15.2 %) y ADMINISTRACIÓN (13.2 %). Tu fortaleza en Comunicación es coherente con estas opciones. Para mejorar tus posibilidades, refuerza Ciencias Sociales antes del examen. Estas probabilidades son estimaciones orientativas basadas en postulantes con perfiles similares, no una garantía de resultado.","Ruta educativa sugerida. Primera opción recomendada: TRABAJO SOCIAL, con la mayor probabilidad estimada de ingreso (8.9 %). Alternativas: SOCIOLOGÍA (8.9 %) y ADMINISTRACIÓN (5.8 %). Tu fortaleza en Comunicación es coherente con estas opciones. Para mejorar tus posibilidades, refuerza Ciencias Sociales antes del examen. Estas probabilidades son estimaciones orientativas basadas en postulantes con perfiles similares, no una garantía de resultado."
Perfil del postulante: procede de un colegio público de área urbana (UGEL PUNO); promedio de secundaria con desempeño satisfactorio; mayor fortaleza en Ciencia y Tecnología y menor en Matemática; postulaciones anteriores: 0; preparación preuniversitaria: cepreuna previo; área de interés: sociales. Probabilidades estimadas de ingreso: SOCIOLOGÍA 17.6 %; TRABAJO SOCIAL 16.6 %; CIENCIAS CONTABLES 13.2 %. Genera una ruta educativa personalizada.,"Ruta educativa sugerida. Primera opción recomendada: SOCIOLOGÍA, con la mayor probabilidad estimada de ingreso (17.6 %). Alternativas: TRABAJO SOCIAL (16.6 %) y CIENCIAS CONTABLES (13.2 %). Tu fortaleza en Ciencia y Tecnología es coherente con estas opciones. Para mejorar tus posibilidades, refuerza Matemática antes del examen. Estas probabilidades son estimaciones orientativas basadas en postulantes con perfiles similares, no una garantía de resultado.","Basándome en el perfil proporcionado, aquí tienes una ruta educativa personalizada para que tu postulante pueda aprovechar sus fortalezas y potencial:

1. **Primera Semana**: 
   - **Matemáticas**: Comienza con los fundamentos matemáticos. Utiliza recursos como libros de texto, tutoriales en línea o aplicaciones móviles.
   - **Ciencias Sociales**: Aprende sobre temas relacionados al campo de estudio social. Esto puede incluir historia local, cultura punita, economía, etc.

2. **Segunda Semana**:
   - **Ciencias Naturales**: Comience con ciencias básicas como química o física. Recuerda que estos son áreas donde puedes tener una ventaja competitiva debido a tus fortalezas en Ciencia y Tecnología.
   - **Historia Local**: Investiga sobre la historia de Puno y su región. Este tema es interesante","Ruta educativa sugerida. Primera opción recomendada: SOCIOLOGÍA, con la mayor probabilidad estimada de ingreso (17.6 %). Alternativas: TRABAJO SOCIAL (15.2 %) y CIENCIAS CONTABLES (13.2 %). Tu fortaleza en Ciencia y Tecnología es coherente con estas opciones. Para mejorar tus posibilidades, refuerza Matemática antes del examen. Estas probabilidades son estimaciones orientativas basadas en postulantes con perfiles similares, no una garantía de resultado.","Ruta educativa sugerida. Primera opción recomendada: SOCIOLOGÍA, con la mayor probabilidad estimada de ingreso (17.6 %). Alternativas: TRABAJO SOCIAL (16.6 %) y CIENCIAS CONTABLES (13.2 %). Tu fortaleza en Ciencia y Tecnología es coherente con estas opciones. Para mejorar tus posibilidades, refuerza Matemática antes del examen. Estas probabilidades son estimaciones orientativas basadas en postulantes con perfiles similares, no una garantía de resultado."
Perfil del postulante: procede de un colegio público de área urbana (UGEL PUNO); promedio de secundaria con desempeño satisfactorio; mayor fortaleza en Matemática y menor en Comunicación; postulaciones anteriores: 0; preparación preuniversitaria: cepreuna previo; área de interés: sociales. Probabilidades estimadas de ingreso: SOCIOLOGÍA 8.9 %; TRABAJO SOCIAL 7.3 %; ADMINISTRACIÓN 5.8 %. Genera una ruta educativa personalizada.,"Ruta educativa sugerida. Primera opción recomendada: SOCIOLOGÍA, con la mayor probabilidad estimada de ingreso (8.9 %). Alternativas: TRABAJO SOCIAL (7.3 %) y ADMINISTRACIÓN (5.8 %). Tu fortaleza en Matemática es coherente con estas opciones. Para mejorar tus posibilidades, refuerza Comunicación antes del examen. Estas probabilidades son estimaciones orientativas basadas en postulantes con perfiles similares, no una garantía de resultado.","Basándome en el perfil proporcionado, aquí tienes una ruta educativa personalizada para que tu postulante pueda aprovechar sus fortalezas y potencial:

1. **Matemáticas**: 
   - Continuar con matemáticas en la universidad.
   - Considerar carreras como Economía, Ciencias Económicas o Administración donde se utilizan frecuentemente estos conocimientos.

2. **Comunicación**:
   - Enseñanza Media: Se puede considerar la carrera de Educación Básica o Pedagogía si es de su agrado.
   - Postgrado en Lenguaje o Comunicación Social para profundizar en este campo.

3. **Social Science**:
   - Trabajo Social: Esta opción podría ser muy interesante ya que combina tus fortalezas en Matemáticas y Comunicación con un área de interés social.
   - Otra opción sería la carrera de Psicología Social o","Ruta educativa sugerida. Primera opción recomendada: SOCIOLOGÍA, con la mayor probabilidad estimada de ingreso (17.6 %). Alternativas: TRABAJO SOCIAL (15.2 %) y CIENCIAS CONTABLES (13.2 %). Tu fortaleza en Matemática es coherente con estas opciones. Para mejorar tus posibilidades, refuerza Comunicación antes del examen. Estas probabilidades son estimaciones orientativas basadas en postulantes con perfiles similares, no una garantía de resultado.","Ruta educativa sugerida. Primera opción recomendada: SOCIOLOGÍA, con la mayor probabilidad estimada de ingreso (8.9 %). Alternativas: TRABAJO SOCIAL (7.3 %) y ADMINISTRACIÓN (5.8 %). Tu fortaleza en Matemática es coherente con estas opciones. Para mejorar tus posibilidades, refuerza Comunicación antes del examen. Estas probabilidades son estimaciones orientativas basadas en postulantes con perfiles similares, no una garantía de resultado."
Perfil del postulante: procede de un colegio público de área urbana (UGEL AZÁNGARO); promedio de secundaria con desempeño satisfactorio; mayor fortaleza en Ciencia y Tecnología y menor en Inglés; postulaciones anteriores: 0; preparación preuniversitaria: ninguna; área de interés: sociales. Probabilidades estimadas de ingreso: ADMINISTRACIÓN 13.2 %; EDUCACIÓN FÍSICA 13.2 %; SOCIOLOGÍA 13.2 %. Genera una ruta educativa personalizada.,"Ruta educativa sugerida. Primera opción recomendada: ADMINISTRACIÓN, con la mayor probabilidad estimada de ingreso (13.2 %). Alternativas: EDUCACIÓN FÍSICA (13.2 %) y SOCIOLOGÍA (13.2 %). Tu fortaleza en Ciencia y Tecnología es coherente con estas opciones. Para mejorar tus posibilidades, refuerza Inglés antes del examen y considera una preparación preuniversitaria estructurada. Estas probabilidades son estimaciones orientativas basadas en postulantes con perfiles similares, no una garantía de resultado.","Basándome en el perfil proporcionado, aquí tienes una ruta educativa personalizada para que tu postulante pueda aprovechar sus fortalezas y potencial:

1. **Primera Semana Académica**: 
   - **Matemáticas**: Comienza con los fundamentos matemáticos importantes para futuras carreras como Administración o Educación Física.
   - **Inglés**: Aprende inglés básico para facilitar comunicaciones y entender documentos técnicos.

2. **Segunda Semana Académica**:
   - **Ciencias Sociales**: Comience con materias relacionadas al área de interés social, como Historia, Geografía o Filosofía.
   - **Tecnología**: Comience con asignaturas tecnológicas relevantes para futuras carreras como Administración o Educación Física.

3. **Tercera Semana Académica**:
   - **Educación Física**: Com","Ruta educativa sugerida. Primera opción recomendada: SOCIOLOGÍA, con la mayor probabilidad estimada de ingreso (17.6 %). Alternativas: CIENCIAS CONTABLES (15.2 %) y TRABAJO SOCIAL (13.2 %). Tu fortaleza en Ciencia y Tecnología es coherente con estas opciones. Para mejorar tus posibilidades, refuerza Inglés antes del examen y considera una preparación preuniversitaria estructurada. Estas probabilidades son estimaciones orientativas basadas en postulantes con perfiles similares, no una garantía de resultado.","Ruta educativa sugerida. Primera opción recomendada: ADMINISTRACIÓN, con la mayor probabilidad estimada de ingreso (13.2 %). Alternativas: EDUCACIÓN FÍSICA (13.2 %) y SOCIOLOGÍA (13.2 %). Tu fortaleza en Ciencia y Tecnología es coherente con estas opciones. Para mejorar tus posibilidades, refuerza Inglés antes del examen y considera una preparación preuniversitaria estructurada. Estas probabilidades son estimaciones orientativas basadas en postulantes con perfiles similares, no una garantía de resultado."
Perfil del postulante: procede de un colegio público de área urbana (UGEL SAN ROMÁN); promedio de secundaria con desempeño satisfactorio; mayor fortaleza en Comunicación y menor en Ciencia y Tecnología; postulaciones anteriores: 1; preparación preuniversitaria: cepreuna previo; área de interés: sociales. Probabilidades estimadas de ingreso: SOCIOLOGÍA 31.1 %; TRABAJO SOCIAL 30.7 %; CIENCIAS CONTABLES 26.8 %. Genera una ruta educativa personalizada.,"Ruta educativa sugerida. Primera opción recomendada: SOCIOLOGÍA, con la mayor probabilidad estimada de ingreso (31.1 %). Alternativas: TRABAJO SOCIAL (30.7 %) y CIENCIAS CONTABLES (26.8 %). Tu fortaleza en Comunicación es coherente con estas opciones. Para mejorar tus posibilidades, refuerza Ciencia y Tecnología antes del examen. Estas probabilidades son estimaciones orientativas basadas en postulantes con perfiles similares, no una garantía de resultado.","Basándome en el perfil proporcionado, puedo generar una ruta educativa para que tu postulante pueda aprovechar sus fortalezas y potencialidades. Aquí te presento algunas sugerencias:

1. **Comenzar con los primeros años universitarios**: Para comenzar, es importante que tu postulante se familiarice con la estructura académica de la carrera de SocioLOGIA. Esto puede incluir:
   - **Primer año**: Incluir materias como ""Introducción al Estudio Social"", ""Análisis Sociológico"" o ""Estudios Sociales"".
   - **Segundo año**: Considerar materias como ""Teoría Política"", ""Ciencia Política"" o ""Política Internacional"".

2. **Reforzar su fortaleza en Comunicación**: Aunque tiene menos fortaleza en ciencia y tecnología, puedes considerar:
   - **Tercer año**: Incorporar materias relacionadas","Ruta educativa sugerida. Primera opción recomendada: SOCIOLOGÍA, con la mayor probabilidad estimada de ingreso (26.8 %). Alternativas: TRABAJO SOCIAL (25.9 %) y CIENCIAS CONTABLES (20.7 %). Tu fortaleza en Comunicación es coherente con estas opciones. Para mejorar tus posibilidades, refuerza Ciencia y Tecnología antes del examen. Estas probabilidades son estimaciones orientativas basadas en postulantes con perfiles similares, no una garantía de resultado.","Ruta educativa sugerida. Primera opción recomendada: SOCIOLOGÍA, con la mayor probabilidad estimada de ingreso (31.1 %). Alternativas: TRABAJO SOCIAL (30.7 %) y CIENCIAS CONTABLES (26.8 %). Tu fortaleza en Comunicación es coherente con estas opciones. Para mejorar tus posibilidades, refuerza Ciencia y Tecnología antes del examen. Estas probabilidades son estimaciones orientativas basadas en postulantes con perfiles similares, no una garantía de resultado."
Perfil del postulante: procede de un colegio público de área rural (UGEL AZÁNGARO); promedio de secundaria con desempeño satisfactorio; mayor fortaleza en Ciencias Sociales y menor en Matemática; postulaciones anteriores: 0; preparación preuniversitaria: nan; área de interés: biomédicas. Probabilidades estimadas de ingreso: BIOLOGÍA: PESQUERÍA 8.9 %; BIOLOGÍA: ECOLOGÍA 5.8 %; ODONTOLOGÍA 4.8 %. Genera una ruta educativa personalizada.,"Ruta educativa sugerida. Primera opción recomendada: BIOLOGÍA: PESQUERÍA, con la mayor probabilidad estimada de ingreso (8.9 %). Alternativas: BIOLOGÍA: ECOLOGÍA (5.8 %) y ODONTOLOGÍA (4.8 %). Tu fortaleza en Ciencias Sociales es coherente con estas opciones. Para mejorar tus posibilidades, refuerza Matemática antes del examen. Estas probabilidades son estimaciones orientativas basadas en postulantes con perfiles similares, no una garantía de resultado.","Basándome en el perfil proporcionado, aquí tienes una ruta educativa personalizada para que tu postulante pueda aprovechar al máximo sus posibilidades:

1. **Preparación Académica**:
   - **Matemáticas**: Asegúrate de revisar los conceptos básicos de matemáticas, especialmente aquellos relacionados con la ciencia social. Considera tomar cursos adicionales o tutorías si es necesario.
   - **Ciencias Sociales**: Mantén un buen desempeño en este campo ya que es una de tus fortalezas. Busca recursos como libros, videos u online para complementar tus estudios.

2. **Pruebas de Admisión**:
   - **Biomédicas**: Siempre mantén un buen desempeño en todas las materias. Considera tomar simulacros de exámenes universitarios para familiarizarte con el formato y las preguntas típicas.","Ruta educativa sugerida. Primera opción recomendada: BIOLOGÍA: ECOLOGÍA, con la mayor probabilidad estimada de ingreso (17.6 %). Alternativas: BIOLOGÍA: PESQUERÍA (17.6 %) y NUTRICIÓN HUMANA (12.3 %). Tu fortaleza en Ciencias Sociales es coherente con estas opciones. Para mejorar tus posibilidades, refuerza Matemática antes del examen. Estas probabilidades son estimaciones orientativas basadas en postulantes con perfiles similares, no una garantía de resultado.","Ruta educativa sugerida. Primera opción recomendada: BIOLOGÍA: PESQUERÍA, con la mayor probabilidad estimada de ingreso (8.9 %). Alternativas: BIOLOGÍA: ECOLOGÍA (5.8 %) y ODONTOLOGÍA (4.8 %). Tu fortaleza en Ciencias Sociales es coherente con estas opciones. Para mejorar tus posibilidades, refuerza Matemática antes del examen. Estas probabilidades son estimaciones orientativas basadas en postulantes con perfiles similares, no una garantía de resultado."
"Perfil del postulante: procede de un colegio público de área urbana (UGEL PUNO); promedio de secundaria con desempeño satisfactorio; mayor fortaleza en Ciencia y Tecnología y menor en Matemática; postulaciones anteriores: 0; preparación preuniversitaria: cepreuna; área de interés: ingenierías. Probabilidades estimadas de ingreso: INGENIERÍA AGRONÓMICA 12.3 %; EDUCACIÓN SECUNDARIA DE LA ESPECIALIDAD DE MATEMÁTICA, FÍSICA, COMPUTACIÓN E INFORMÁTICA 11.0 %; INGENIERÍA ECONÓMICA 11.0 %. Genera una ruta educativa personalizada.","Ruta educativa sugerida. Primera opción recomendada: INGENIERÍA AGRONÓMICA, con la mayor probabilidad estimada de ingreso (12.3 %). Alternativas: EDUCACIÓN SECUNDARIA DE LA ESPECIALIDAD DE MATEMÁTICA, FÍSICA, COMPUTACIÓN E INFORMÁTICA (11.0 %) y INGENIERÍA ECONÓMICA (11.0 %). Tu fortaleza en Ciencia y Tecnología es coherente con estas opciones. Para mejorar tus posibilidades, refuerza Matemática antes del examen. Estas probabilidades son estimaciones orientativas basadas en postulantes con perfiles similares, no una garantía de resultado.","Basándome en el perfil y las probabilidades proporcionados, aquí tienes una ruta educativa personalizada para que tu postulante pueda aprovechar al máximo sus posibilidades:

1. **Primera Semana**: 
   - **Matemáticas**: Comienza con los fundamentos matemáticos. Utiliza recursos como libros de texto, tutoriales en línea o aplicaciones móviles para revisar conceptos básicos.
   - **Ciencias Naturales**: Envióte a través de cursos online sobre biología, química o física. Estudia temas relacionados a tus intereses.

2. **Segunda Semana**:
   - **Ingles**: Inicia clases de inglés. Usa plataformas como Duolingo o Rosetta Stone para practicar diariamente.
   - **Ingeniería Agronómica**: Siempre mantén un enfoque práctico en tus estudios. Busca oportun","Ruta educativa sugerida. Primera opción recomendada: INGENIERÍA AGRONÓMICA, con la mayor probabilidad estimada de ingreso (17.6 %). Alternativas: INGENIERÍA GEOLÓGICA (15.2 %) y EDUCACIÓN SECUNDARIA DE LA ESPECIALIDAD DE MATEMÁTICA, FÍSICA, COMPUTACIÓN E INFORMÁTICA (13.2 %). Tu fortaleza en Ciencia y Tecnología es coherente con estas opciones. Para mejorar tus posibilidades, refuerza Matemática antes del examen. Estas probabilidades son estimaciones orientativas basadas en postulantes con perfiles similares, no una garantía de resultado.","Ruta educativa sugerida. Primera opción recomendada: INGENIERÍA AGRONÓMICA, con la mayor probabilidad estimada de ingreso (12.3 %). Alternativas: EDUCACIÓN SECUNDARIA DE LA ESPECIALIDAD DE MATEMÁTICA, FÍSICA, COMPUTACIÓN E INFORMÁTICA (11.0 %) y INGENIERÍA ECONÓMICA (11.0 %). Tu fortaleza en Ciencia y Tecnología es coherente con estas opciones. Para mejorar tus posibilidades, refuerza Matemática antes del examen. Estas probabilidades son estimaciones orientativas basadas en postulantes con perfiles similares, no una garantía de resultado."
Perfil del postulante: procede de un colegio público de área urbana (UGEL SAN ROMÁN); promedio de secundaria con desempeño satisfactorio; mayor fortaleza en Ciencias Sociales y menor en Inglés; postulaciones anteriores: 0; preparación preuniversitaria: academia particular; área de interés: sociales. Probabilidades estimadas de ingreso: TRABAJO SOCIAL 5.8 %; SOCIOLOGÍA 5.8 %; ADMINISTRACIÓN 5.1 %. Genera una ruta educativa personalizada.,"Ruta educativa sugerida. Primera opción recomendada: TRABAJO SOCIAL, con la mayor probabilidad estimada de ingreso (5.8 %). Alternativas: SOCIOLOGÍA (5.8 %) y ADMINISTRACIÓN (5.1 %). Tu fortaleza en Ciencias Sociales es coherente con estas opciones. Para mejorar tus posibilidades, refuerza Inglés antes del examen. Estas probabilidades son estimaciones orientativas basadas en postulantes con perfiles similares, no una garantía de resultado.","Basándome en el perfil proporcionado, puedo generar una ruta educativa para que tu postulante tenga más posibilidades de éxito en sus aspiraciones universitarias.

1. **Primera Semana**: 
   - **Iniciales de Preparación Académica**:
     - **Matemáticas**: Comienza con los fundamentos matemáticos necesarios para futuras asignaturas.
     - **Lenguaje**: Aprende inglés básico para facilitar la comunicación en clase.
     - **Ciencias Sociales**: Comience con temas básicos de historia, geografía y política local.

2. **Segunda Semana**:
   - **Continúa con Matemáticas**:
     - **Algebra y Geometría**: Estudie estos temas importantes para futuras carreras.
     - **Probabilidad y Estadística**: Para futuros estudios en áreas relacionadas al trabajo social o administración.

3. **T","Ruta educativa sugerida. Primera opción recomendada: SOCIOLOGÍA, con la mayor probabilidad estimada de ingreso (17.6 %). Alternativas: ADMINISTRACIÓN (13.2 %) y EDUCACIÓN FÍSICA (13.2 %). Tu fortaleza en Ciencias Sociales es coherente con estas opciones. Para mejorar tus posibilidades, refuerza Inglés antes del examen. Estas probabilidades son estimaciones orientativas basadas en postulantes con perfiles similares, no una garantía de resultado.","Ruta educativa sugerida. Primera opción recomendada: TRABAJO SOCIAL, con la mayor probabilidad estimada de ingreso (5.8 %). Alternativas: SOCIOLOGÍA (5.8 %) y ADMINISTRACIÓN (5.1 %). Tu fortaleza en Ciencias Sociales es coherente con estas opciones. Para mejorar tus posibilidades, refuerza Inglés antes del examen. Estas probabilidades son estimaciones orientativas basadas en postulantes con perfiles similares, no una garantía de resultado."
"Perfil del postulante: procede de un colegio público de área urbana (UGEL PUNO); promedio de secundaria con desempeño satisfactorio; mayor fortaleza en Ciencia y Tecnología y menor en Inglés; postulaciones anteriores: 0; preparación preuniversitaria: cepreuna previo; área de interés: ingenierías. Probabilidades estimadas de ingreso: INGENIERÍA AGRONÓMICA 2.4 %; INGENIERÍA GEOLÓGICA 2.4 %; EDUCACIÓN SECUNDARIA DE LA ESPECIALIDAD DE MATEMÁTICA, FÍSICA, COMPUTACIÓN E INFORMÁTICA 1.7 %. Genera una ruta educativa personalizada.","Ruta educativa sugerida. Primera opción recomendada: INGENIERÍA AGRONÓMICA, con la mayor probabilidad estimada de ingreso (2.4 %). Alternativas: INGENIERÍA GEOLÓGICA (2.4 %) y EDUCACIÓN SECUNDARIA DE LA ESPECIALIDAD DE MATEMÁTICA, FÍSICA, COMPUTACIÓN E INFORMÁTICA (1.7 %). Tu fortaleza en Ciencia y Tecnología es coherente con estas opciones. Para mejorar tus posibilidades, refuerza Inglés antes del examen. Estas probabilidades son estimaciones orientativas basadas en postulantes con perfiles similares, no una garantía de resultado.","Basándome en el perfil y las probabilidades proporcionados, aquí tienes una ruta educativa personalizada para que tu postulante pueda aprovechar al máximo sus posibilidades:

1. **Preparación Preuniversitaria**: 
   - Continuar con la preparación preuniversitaria vigente.
   - Considerar opciones adicionales como los cursos de inglés o matemáticas avanzadas si aún no han sido completados.

2. **Ingeniería Agronómica**:
   - Si se considera esta opción, es importante comenzar con los primeros semestres de la carrera ya que puede haber cambios significativos en los requisitos durante el curso de pregrado.
   - Mantenerse actualizado sobre las últimas tendencias en agricultura y tecnología agrícola.

3. **Ingeniería Geológica**:
   - Esta carrera también requiere un buen conocimiento de ciencias naturales y podría ser interes","Ruta educativa sugerida. Primera opción recomendada: INGENIERÍA AGRONÓMICA, con la mayor probabilidad estimada de ingreso (17.6 %). Alternativas: INGENIERÍA GEOLÓGICA (15.2 %) y EDUCACIÓN SECUNDARIA DE LA ESPECIALIDAD DE MATEMÁTICA, FÍSICA, COMPUTACIÓN E INFORMÁTICA (13.2 %). Tu fortaleza en Ciencia y Tecnología es coherente con estas opciones. Para mejorar tus posibilidades, refuerza Inglés antes del examen. Estas probabilidades son estimaciones orientativas basadas en postulantes con perfiles similares, no una garantía de resultado.","Ruta educativa sugerida. Primera opción recomendada: INGENIERÍA AGRONÓMICA, con la mayor probabilidad estimada de ingreso (2.4 %). Alternativas: INGENIERÍA GEOLÓGICA (2.4 %) y EDUCACIÓN SECUNDARIA DE LA ESPECIALIDAD DE MATEMÁTICA, FÍSICA, COMPUTACIÓN E INFORMÁTICA (1.7 %). Tu fortaleza en Ciencia y Tecnología es coherente con estas opciones. Para mejorar tus posibilidades, refuerza Inglés antes del examen. Estas probabilidades son estimaciones orientativas basadas en postulantes con perfiles similares, no una garantía de resultado."
Perfil del postulante: procede de un colegio público de área urbana (UGEL SAN ROMÁN); promedio de secundaria con desempeño satisfactorio; mayor fortaleza en Ciencia y Tecnología y menor en Comunicación; postulaciones anteriores: 0; preparación preuniversitaria: autoestudio; área de interés: sociales. Probabilidades estimadas de ingreso: SOCIOLOGÍA 12.3 %; ADMINISTRACIÓN 8.9 %; EDUCACIÓN FÍSICA 8.9 %. Genera una ruta educativa personalizada.,"Ruta educativa sugerida. Primera opción recomendada: SOCIOLOGÍA, con la mayor probabilidad estimada de ingreso (12.3 %). Alternativas: ADMINISTRACIÓN (8.9 %) y EDUCACIÓN FÍSICA (8.9 %). Tu fortaleza en Ciencia y Tecnología es coherente con estas opciones. Para mejorar tus posibilidades, refuerza Comunicación antes del examen. Estas probabilidades son estimaciones orientativas basadas en postulantes con perfiles similares, no una garantía de resultado.","Basándome en el perfil proporcionado, aquí tienes una ruta educativa personalizada para que tu postulante pueda aprovechar sus fortalezas y potencial:

1. **Primera Semana**: 
   - **Iniciación Académica**: Inicia su carrera universitaria con un curso introductorio sobre los fundamentos de la educación superior.
   - **Primeros Pasos**: Participa en actividades extracurriculares relacionadas con la ciencia y tecnología para fomentar su fortaleza en este campo.

2. **Segunda Semana**:
   - **Matemáticas y Estadística**: Aprende matemáticas avanzadas y estadísticas para complementar su conocimiento en Ciencia y Tecnología.
   - **Comunicación**: Realiza cursos o actividades que mejoren su habilidad en comunicación, especialmente en relación al área social.

3. **Tercera Semana**:
   - **Educación Social","Ruta educativa sugerida. Primera opción recomendada: SOCIOLOGÍA, con la mayor probabilidad estimada de ingreso (17.6 %). Alternativas: TRABAJO SOCIAL (15.2 %) y CIENCIAS CONTABLES (13.2 %). Tu fortaleza en Ciencia y Tecnología es coherente con estas opciones. Para mejorar tus posibilidades, refuerza Comunicación antes del examen. Estas probabilidades son estimaciones orientativas basadas en postulantes con perfiles similares, no una garantía de resultado.","Ruta educativa sugerida. Primera opción recomendada: SOCIOLOGÍA, con la mayor probabilidad estimada de ingreso (12.3 %). Alternativas: ADMINISTRACIÓN (8.9 %) y EDUCACIÓN FÍSICA (8.9 %). Tu fortaleza en Ciencia y Tecnología es coherente con estas opciones. Para mejorar tus posibilidades, refuerza Comunicación antes del examen. Estas probabilidades son estimaciones orientativas basadas en postulantes con perfiles similares, no una garantía de resultado."
Perfil del postulante: procede de un colegio público de área urbana (UGEL PUNO); promedio de secundaria con desempeño satisfactorio; mayor fortaleza en Ciencia y Tecnología y menor en Comunicación; postulaciones anteriores: 0; preparación preuniversitaria: cepreuna previo; área de interés: biomédicas. Probabilidades estimadas de ingreso: BIOLOGÍA: PESQUERÍA 16.6 %; BIOLOGÍA: ECOLOGÍA 10.5 %; MEDICINA VETERINARIA Y ZOOTECNIA 7.3 %. Genera una ruta educativa personalizada.,"Ruta educativa sugerida. Primera opción recomendada: BIOLOGÍA: PESQUERÍA, con la mayor probabilidad estimada de ingreso (16.6 %). Alternativas: BIOLOGÍA: ECOLOGÍA (10.5 %) y MEDICINA VETERINARIA Y ZOOTECNIA (7.3 %). Tu fortaleza en Ciencia y Tecnología es coherente con estas opciones. Para mejorar tus posibilidades, refuerza Comunicación antes del examen. Estas probabilidades son estimaciones orientativas basadas en postulantes con perfiles similares, no una garantía de resultado.","Basándome en el perfil y las probabilidades proporcionados, aquí tienes una ruta educativa personalizada para que tu postulante pueda aprovechar al máximo sus posibilidades:

1. **Preparación Preuniversitaria**:
   - Continuar con la preparación preuniversitaria vigente.
   - Considerar opciones adicionales como los cursos de inglés o matemáticas avanzadas si no han sido incluidos.

2. **Matemáticas y Física**:
   - Estudiar estos temas intensivamente ya que son fundamentales para todas las carreras en medicina veterinaria y zootecnia.
   - Considerar cursos adicionales en química si es posible.

3. **Biomédica**:
   - Aprender sobre la biología molecular, genética y bioinformática.
   - Investigar cómo se pueden aplicar estas áreas en la carrera de medicina veterinaria y zootecnia","Ruta educativa sugerida. Primera opción recomendada: BIOLOGÍA: ECOLOGÍA, con la mayor probabilidad estimada de ingreso (17.6 %). Alternativas: BIOLOGÍA: PESQUERÍA (17.6 %) y NUTRICIÓN HUMANA (12.3 %). Tu fortaleza en Ciencia y Tecnología es coherente con estas opciones. Para mejorar tus posibilidades, refuerza Comunicación antes del examen. Estas probabilidades son estimaciones orientativas basadas en postulantes con perfiles similares, no una garantía de resultado.","Ruta educativa sugerida. Primera opción recomendada: BIOLOGÍA: PESQUERÍA, con la mayor probabilidad estimada de ingreso (16.6 %). Alternativas: BIOLOGÍA: ECOLOGÍA (10.5 %) y MEDICINA VETERINARIA Y ZOOTECNIA (7.3 %). Tu fortaleza en Ciencia y Tecnología es coherente con estas opciones. Para mejorar tus posibilidades, refuerza Comunicación antes del examen. Estas probabilidades son estimaciones orientativas basadas en postulantes con perfiles similares, no una garantía de resultado."
Perfil del postulante: procede de un colegio privado de área urbana (UGEL PUNO); promedio de secundaria con desempeño satisfactorio; mayor fortaleza en Matemática y menor en Ciencia y Tecnología; postulaciones anteriores: 0; preparación preuniversitaria: cepreuna; área de interés: biomédicas. Probabilidades estimadas de ingreso: BIOLOGÍA: PESQUERÍA 26.8 %; BIOLOGÍA: ECOLOGÍA 18.2 %; ODONTOLOGÍA 13.2 %. Genera una ruta educativa personalizada.,"Ruta educativa sugerida. Primera opción recomendada: BIOLOGÍA: PESQUERÍA, con la mayor probabilidad estimada de ingreso (26.8 %). Alternativas: BIOLOGÍA: ECOLOGÍA (18.2 %) y ODONTOLOGÍA (13.2 %). Tu fortaleza en Matemática es coherente con estas opciones. Para mejorar tus posibilidades, refuerza Ciencia y Tecnología antes del examen. Estas probabilidades son estimaciones orientativas basadas en postulantes con perfiles similares, no una garantía de resultado.","Basándome en el perfil proporcionado, aquí tienes una ruta educativa personalizada para que tu postulante pueda tener más posibilidades de ingresar a la carrera de Biología:

1. **Matemáticas**: Continúa tus estudios matemáticos en línea o en un centro de formación especializado. Considera cursos adicionales como ""Matemáticas Aplicadas"" o ""Álgebra Lineal"".

2. **Ciencias Naturales**: Aprende sobre biología celular, genética, química orgánica y bioquímica. Los cursos de ""Biotecnología"", ""Genética Molecular"" y ""Química Orgánica"" pueden ser muy útiles.

3. **Tecnología**: Siempre es útil tener una base sólida en ciencias de la computación y programación. Considera cursos de ""Programación Básica"" o ""Introducción a los Sistemas Operativos"".","Ruta educativa sugerida. Primera opción recomendada: BIOLOGÍA: ECOLOGÍA, con la mayor probabilidad estimada de ingreso (17.6 %). Alternativas: BIOLOGÍA: PESQUERÍA (17.6 %) y NUTRICIÓN HUMANA (12.3 %). Tu fortaleza en Matemática es coherente con estas opciones. Para mejorar tus posibilidades, refuerza Ciencia y Tecnología antes del examen. Estas probabilidades son estimaciones orientativas basadas en postulantes con perfiles similares, no una garantía de resultado.","Ruta educativa sugerida. Primera opción recomendada: BIOLOGÍA: PESQUERÍA, con la mayor probabilidad estimada de ingreso (26.8 %). Alternativas: BIOLOGÍA: ECOLOGÍA (18.2 %) y ODONTOLOGÍA (13.2 %). Tu fortaleza en Matemática es coherente con estas opciones. Para mejorar tus posibilidades, refuerza Ciencia y Tecnología antes del examen. Estas probabilidades son estimaciones orientativas basadas en postulantes con perfiles similares, no una garantía de resultado."
"Perfil del postulante: procede de un colegio público de área urbana (UGEL CARABAYA); promedio de secundaria con desempeño satisfactorio; mayor fortaleza en Matemática y menor en Comunicación; postulaciones anteriores: 0; preparación preuniversitaria: cepreuna; área de interés: ingenierías. Probabilidades estimadas de ingreso: INGENIERÍA GEOLÓGICA 23.4 %; EDUCACIÓN SECUNDARIA DE LA ESPECIALIDAD DE MATEMÁTICA, FÍSICA, COMPUTACIÓN E INFORMÁTICA 17.6 %; INGENIERÍA AGRONÓMICA 17.6 %. Genera una ruta educativa personalizada.","Ruta educativa sugerida. Primera opción recomendada: INGENIERÍA GEOLÓGICA, con la mayor probabilidad estimada de ingreso (23.4 %). Alternativas: EDUCACIÓN SECUNDARIA DE LA ESPECIALIDAD DE MATEMÁTICA, FÍSICA, COMPUTACIÓN E INFORMÁTICA (17.6 %) y INGENIERÍA AGRONÓMICA (17.6 %). Tu fortaleza en Matemática es coherente con estas opciones. Para mejorar tus posibilidades, refuerza Comunicación antes del examen. Estas probabilidades son estimaciones orientativas basadas en postulantes con perfiles similares, no una garantía de resultado.","Basándome en el perfil y las probabilidades proporcionados, aquí tienes una ruta educativa personalizada para que tu postulante pueda aprovechar al máximo sus posibilidades:

1. **Matemáticas**: 
   - Continuar con matemáticas en la preparatoria.
   - Considerar opciones como matemáticas aplicadas o física avanzada si es posible.

2. **Comunicación**:
   - Siempre mantenerse fuerte en esta materia, ya sea mediante cursos adicionales o prácticas.
   - Considerar carreras donde se requiera comunicación, como ingeniería agronómica o educación secundaria.

3. **Ing. Geología**:
   - En este caso, sería importante seguir estudiando geografía y química, ya que son fundamentos importantes para la geología.
   - Considerar también ciencias de la tierra o geofísica, aunque no sean directamente necesarios para la carrera","Ruta educativa sugerida. Primera opción recomendada: INGENIERÍA AGRONÓMICA, con la mayor probabilidad estimada de ingreso (17.6 %). Alternativas: INGENIERÍA GEOLÓGICA (15.2 %) y EDUCACIÓN SECUNDARIA DE LA ESPECIALIDAD DE MATEMÁTICA, FÍSICA, COMPUTACIÓN E INFORMÁTICA (13.2 %). Tu fortaleza en Matemática es coherente con estas opciones. Para mejorar tus posibilidades, refuerza Comunicación antes del examen. Estas probabilidades son estimaciones orientativas basadas en postulantes con perfiles similares, no una garantía de resultado.","Ruta educativa sugerida. Primera opción recomendada: INGENIERÍA GEOLÓGICA, con la mayor probabilidad estimada de ingreso (23.4 %). Alternativas: EDUCACIÓN SECUNDARIA DE LA ESPECIALIDAD DE MATEMÁTICA, FÍSICA, COMPUTACIÓN E INFORMÁTICA (17.6 %) y INGENIERÍA AGRONÓMICA (17.6 %). Tu fortaleza en Matemática es coherente con estas opciones. Para mejorar tus posibilidades, refuerza Comunicación antes del examen. Estas probabilidades son estimaciones orientativas basadas en postulantes con perfiles similares, no una garantía de resultado."
Perfil del postulante: procede de un colegio privado de área urbana (UGEL PUNO); promedio de secundaria con desempeño satisfactorio; mayor fortaleza en Ciencias Sociales y menor en Comunicación; postulaciones anteriores: 1; preparación preuniversitaria: cepreuna previo; área de interés: biomédicas. Probabilidades estimadas de ingreso: BIOLOGÍA: PESQUERÍA 10.5 %; BIOLOGÍA: ECOLOGÍA 7.3 %; BIOLOGÍA: MICROBIOLOGÍA Y LABORATORIO CLÍNICO 5.1 %. Genera una ruta educativa personalizada.,"Ruta educativa sugerida. Primera opción recomendada: BIOLOGÍA: PESQUERÍA, con la mayor probabilidad estimada de ingreso (10.5 %). Alternativas: BIOLOGÍA: ECOLOGÍA (7.3 %) y BIOLOGÍA: MICROBIOLOGÍA Y LABORATORIO CLÍNICO (5.1 %). Tu fortaleza en Ciencias Sociales es coherente con estas opciones. Para mejorar tus posibilidades, refuerza Comunicación antes del examen. Estas probabilidades son estimaciones orientativas basadas en postulantes con perfiles similares, no una garantía de resultado.","Basándome en el perfil proporcionado, puedo generar una ruta educativa para que tu postulante tenga más posibilidades de ingresar a la carrera de Biología en la UGEL Puno.

1. **Preparación Preuniversitaria**: 
   - Continuar con los estudios de preparación preuniversitaria si aún no lo ha hecho.
   - Considerar opciones como ""Cepreuna"" o ""CEPRES"", ya que estos programas pueden ofrecer información relevante sobre la carrera de Biología.

2. **Matrícula Universitaria**:
   - Iniciar la matrícula universitaria en la UGEL Puno.
   - Estudiar durante dos años para obtener el título de Licenciatura en Biología.

3. **Primer Anillo de Cursos**:
   - En primer año, concentrarse en materias relacionadas con la biología básica, como química","Ruta educativa sugerida. Primera opción recomendada: BIOLOGÍA: ECOLOGÍA, con la mayor probabilidad estimada de ingreso (26.8 %). Alternativas: BIOLOGÍA: PESQUERÍA (26.8 %) y NUTRICIÓN HUMANA (17.6 %). Tu fortaleza en Ciencias Sociales es coherente con estas opciones. Para mejorar tus posibilidades, refuerza Comunicación antes del examen. Estas probabilidades son estimaciones orientativas basadas en postulantes con perfiles similares, no una garantía de resultado.","Ruta educativa sugerida. Primera opción recomendada: BIOLOGÍA: PESQUERÍA, con la mayor probabilidad estimada de ingreso (10.5 %). Alternativas: BIOLOGÍA: ECOLOGÍA (7.3 %) y BIOLOGÍA: MICROBIOLOGÍA Y LABORATORIO CLÍNICO (5.1 %). Tu fortaleza en Ciencias Sociales es coherente con estas opciones. Para mejorar tus posibilidades, refuerza Comunicación antes del examen. Estas probabilidades son estimaciones orientativas basadas en postulantes con perfiles similares, no una garantía de resultado."
Perfil del postulante: procede de un colegio público de área rural (UGEL CARABAYA); promedio de secundaria con desempeño satisfactorio; mayor fortaleza en Ciencias Sociales y menor en Ciencia y Tecnología; postulaciones anteriores: 0; preparación preuniversitaria: ninguna; área de interés: sociales. Probabilidades estimadas de ingreso: SOCIOLOGÍA 12.3 %; TRABAJO SOCIAL 10.5 %; ADMINISTRACIÓN 8.9 %. Genera una ruta educativa personalizada.,"Ruta educativa sugerida. Primera opción recomendada: SOCIOLOGÍA, con la mayor probabilidad estimada de ingreso (12.3 %). Alternativas: TRABAJO SOCIAL (10.5 %) y ADMINISTRACIÓN (8.9 %). Tu fortaleza en Ciencias Sociales es coherente con estas opciones. Para mejorar tus posibilidades, refuerza Ciencia y Tecnología antes del examen y considera una preparación preuniversitaria estructurada. Estas probabilidades son estimaciones orientativas basadas en postulantes con perfiles similares, no una garantía de resultado.","Basándome en el perfil proporcionado, aquí tienes una ruta educativa personalizada para que tu postulante pueda aprovechar sus fortalezas y potencial:

1. **Primera Semana**: 
   - **Iniciación al Estudio**: Comienza con los fundamentos de la educación superior. Seleccionarán materias básicas como Matemáticas, Lengua, Historia, Geografía y Física.
   
2. **Segunda Semana**:
   - **Ciencias Sociales**: Aprovechará su fortaleza en este campo para profundizar en temas relacionados con la sociedad, cultura, política y economía. Podría considerar cursos como ""Política Social"", ""Cultura Popular"" o ""Sociedad Moderna"".
   
3. **Tercera Semana**:
   - **Ciencias de la Vida**: Utilice su desempeño en ciencias naturales para explorar áreas como Bi","Ruta educativa sugerida. Primera opción recomendada: SOCIOLOGÍA, con la mayor probabilidad estimada de ingreso (17.6 %). Alternativas: ADMINISTRACIÓN (13.2 %) y EDUCACIÓN FÍSICA (13.2 %). Tu fortaleza en Ciencias Sociales es coherente con estas opciones. Para mejorar tus posibilidades, refuerza Ciencia y Tecnología antes del examen y considera una preparación preuniversitaria estructurada. Estas probabilidades son estimaciones orientativas basadas en postulantes con perfiles similares, no una garantía de resultado.","Ruta educativa sugerida. Primera opción recomendada: SOCIOLOGÍA, con la mayor probabilidad estimada de ingreso (12.3 %). Alternativas: TRABAJO SOCIAL (10.5 %) y ADMINISTRACIÓN (8.9 %). Tu fortaleza en Ciencias Sociales es coherente con estas opciones. Para mejorar tus posibilidades, refuerza Ciencia y Tecnología antes del examen y considera una preparación preuniversitaria estructurada. Estas probabilidades son estimaciones orientativas basadas en postulantes con perfiles similares, no una garantía de resultado."
"Perfil del postulante: procede de un colegio público de área urbana (UGEL SAN ROMÁN); promedio de secundaria con desempeño satisfactorio; mayor fortaleza en Comunicación y menor en Matemática; postulaciones anteriores: 0; preparación preuniversitaria: cepreuna; área de interés: ingenierías. Probabilidades estimadas de ingreso: INGENIERÍA TOPOGRÁFICA Y AGRIMENSURA 31.6 %; EDUCACIÓN SECUNDARIA DE LA ESPECIALIDAD DE MATEMÁTICA, FÍSICA, COMPUTACIÓN E INFORMÁTICA 31.1 %; INGENIERÍA MECÁNICA ELÉCTRICA 31.1 %. Genera una ruta educativa personalizada.","Ruta educativa sugerida. Primera opción recomendada: INGENIERÍA TOPOGRÁFICA Y AGRIMENSURA, con la mayor probabilidad estimada de ingreso (31.6 %). Alternativas: EDUCACIÓN SECUNDARIA DE LA ESPECIALIDAD DE MATEMÁTICA, FÍSICA, COMPUTACIÓN E INFORMÁTICA (31.1 %) y INGENIERÍA MECÁNICA ELÉCTRICA (31.1 %). Tu fortaleza en Comunicación es coherente con estas opciones. Para mejorar tus posibilidades, refuerza Matemática antes del examen. Estas probabilidades son estimaciones orientativas basadas en postulantes con perfiles similares, no una garantía de resultado.","Basándome en el perfil proporcionado, puedo generar una ruta educativa para que tu postulante pueda aprovechar sus fortalezas y potencialidades. Aquí te presento algunas sugerencias:

1. **Comenzar su educación universitaria**: Siempre es importante comenzar con los estudios universitarios. Considerando tus probabilidades, podrías considerar entrar a la carrera de Ingeniería Topográfica o Agrimensura. Ambas carreras tienen una alta probabilidad de éxito debido a su fuerte demanda laboral.

2. **Matemáticas y Comunicación**: En este punto, deberías enfocarte en mejorar tus habilidades matemáticas. La carrera de Ingeniería Mecánica Electrónica también tiene una buena probabilidad de éxito si puedes superar tus dificultades en esta materia.

3. **Preparación para la matemática**: Para mejorar tus habilidades en Matemáticas, podr","Ruta educativa sugerida. Primera opción recomendada: INGENIERÍA AGRONÓMICA, con la mayor probabilidad estimada de ingreso (17.6 %). Alternativas: INGENIERÍA GEOLÓGICA (15.2 %) y EDUCACIÓN SECUNDARIA DE LA ESPECIALIDAD DE MATEMÁTICA, FÍSICA, COMPUTACIÓN E INFORMÁTICA (13.2 %). Tu fortaleza en Comunicación es coherente con estas opciones. Para mejorar tus posibilidades, refuerza Matemática antes del examen. Estas probabilidades son estimaciones orientativas basadas en postulantes con perfiles similares, no una garantía de resultado.","Ruta educativa sugerida. Primera opción recomendada: INGENIERÍA TOPOGRÁFICA Y AGRIMENSURA, con la mayor probabilidad estimada de ingreso (31.6 %). Alternativas: EDUCACIÓN SECUNDARIA DE LA ESPECIALIDAD DE MATEMÁTICA, FÍSICA, COMPUTACIÓN E INFORMÁTICA (31.1 %) y INGENIERÍA MECÁNICA ELÉCTRICA (31.1 %). Tu fortaleza en Comunicación es coherente con estas opciones. Para mejorar tus posibilidades, refuerza Matemática antes del examen. Estas probabilidades son estimaciones orientativas basadas en postulantes con perfiles similares, no una garantía de resultado."
Perfil del postulante: procede de un colegio privado de área urbana (UGEL SAN ROMÁN); promedio de secundaria con desempeño satisfactorio; mayor fortaleza en Ciencias Sociales y menor en Comunicación; postulaciones anteriores: 0; preparación preuniversitaria: ninguna; área de interés: biomédicas. Probabilidades estimadas de ingreso: BIOLOGÍA: PESQUERÍA 31.1 %; BIOLOGÍA: ECOLOGÍA 27.9 %; MEDICINA VETERINARIA Y ZOOTECNIA 23.4 %. Genera una ruta educativa personalizada.,"Ruta educativa sugerida. Primera opción recomendada: BIOLOGÍA: PESQUERÍA, con la mayor probabilidad estimada de ingreso (31.1 %). Alternativas: BIOLOGÍA: ECOLOGÍA (27.9 %) y MEDICINA VETERINARIA Y ZOOTECNIA (23.4 %). Tu fortaleza en Ciencias Sociales es coherente con estas opciones. Para mejorar tus posibilidades, refuerza Comunicación antes del examen y considera una preparación preuniversitaria estructurada. Estas probabilidades son estimaciones orientativas basadas en postulantes con perfiles similares, no una garantía de resultado.","Basándome en el perfil proporcionado, aquí tienes una ruta educativa personalizada para que tu postulante pueda tener más posibilidades de ingresar a la carrera de Medicina Veterinaria y Zootecnia:

1. **Preparación Académica**:
   - **Primera Semana**: Inicia con los fundamentos de la medicina veterinaria y zootecnía. Esto incluye materias como Fundamentos de Zoología, Fundamentos de Biología Animal, Fundamentos de Farmacología, entre otros.
   
2. **Segunda Semana**: En esta semana, se enfoca en la biología animal. Se pueden considerar cursos como Fundamentos de Zoología, Fundamentos de Ecología, Fundamentos de Genética, entre otros.

3. **Tercera Semana**: La semana finaliza con la biología molecular. Este curso puede ser relevante ya que es fundamental en la medicina veterinaria y zoot","Ruta educativa sugerida. Primera opción recomendada: BIOLOGÍA: ECOLOGÍA, con la mayor probabilidad estimada de ingreso (17.6 %). Alternativas: BIOLOGÍA: PESQUERÍA (17.6 %) y NUTRICIÓN HUMANA (12.3 %). Tu fortaleza en Ciencias Sociales es coherente con estas opciones. Para mejorar tus posibilidades, refuerza Comunicación antes del examen y considera una preparación preuniversitaria estructurada. Estas probabilidades son estimaciones orientativas basadas en postulantes con perfiles similares, no una garantía de resultado.","Ruta educativa sugerida. Primera opción recomendada: BIOLOGÍA: PESQUERÍA, con la mayor probabilidad estimada de ingreso (31.1 %). Alternativas: BIOLOGÍA: ECOLOGÍA (27.9 %) y MEDICINA VETERINARIA Y ZOOTECNIA (23.4 %). Tu fortaleza en Ciencias Sociales es coherente con estas opciones. Para mejorar tus posibilidades, refuerza Comunicación antes del examen y considera una preparación preuniversitaria estructurada. Estas probabilidades son estimaciones orientativas basadas en postulantes con perfiles similares, no una garantía de resultado."
Perfil del postulante: procede de un colegio público de área urbana (UGEL SAN ROMÁN); promedio de secundaria con desempeño satisfactorio; mayor fortaleza en Ciencia y Tecnología y menor en Comunicación; postulaciones anteriores: 0; preparación preuniversitaria: cepreuna; área de interés: sociales. Probabilidades estimadas de ingreso: SOCIOLOGÍA 20.7 %; ADMINISTRACIÓN 17.6 %; TRABAJO SOCIAL 17.6 %. Genera una ruta educativa personalizada.,"Ruta educativa sugerida. Primera opción recomendada: SOCIOLOGÍA, con la mayor probabilidad estimada de ingreso (20.7 %). Alternativas: ADMINISTRACIÓN (17.6 %) y TRABAJO SOCIAL (17.6 %). Tu fortaleza en Ciencia y Tecnología es coherente con estas opciones. Para mejorar tus posibilidades, refuerza Comunicación antes del examen. Estas probabilidades son estimaciones orientativas basadas en postulantes con perfiles similares, no una garantía de resultado.","Basándome en el perfil proporcionado, aquí tienes una ruta educativa personalizada para que tu postulante pueda aprovechar sus fortalezas y potencial:

1. **Primera Semana Académica**: 
   - **Matemáticas** y **Física**: Estudiarán estas materias porque son áreas fuertes y necesarias para futuras carreras como Administración o Trabajo Social.
   - **Ciencias Sociales**: Aprenderán sobre los temas sociales relevantes para su área de interés.

2. **Segunda Semana Académica**:
   - **Historia**: Para entender mejor la sociedad actual y cómo se ha desarrollado desde épocas pasadas.
   - **Geografía**: Para comprender mejor la ubicación geográfica de los países donde podrían trabajar en el futuro.

3. **Tercera Semana Académica**:
   - **Lengua Inglesa**: Es","Ruta educativa sugerida. Primera opción recomendada: SOCIOLOGÍA, con la mayor probabilidad estimada de ingreso (17.6 %). Alternativas: TRABAJO SOCIAL (15.2 %) y CIENCIAS CONTABLES (13.2 %). Tu fortaleza en Ciencia y Tecnología es coherente con estas opciones. Para mejorar tus posibilidades, refuerza Comunicación antes del examen. Estas probabilidades son estimaciones orientativas basadas en postulantes con perfiles similares, no una garantía de resultado.","Ruta educativa sugerida. Primera opción recomendada: SOCIOLOGÍA, con la mayor probabilidad estimada de ingreso (20.7 %). Alternativas: ADMINISTRACIÓN (17.6 %) y TRABAJO SOCIAL (17.6 %). Tu fortaleza en Ciencia y Tecnología es coherente con estas opciones. Para mejorar tus posibilidades, refuerza Comunicación antes del examen. Estas probabilidades son estimaciones orientativas basadas en postulantes con perfiles similares, no una garantía de resultado."
Perfil del postulante: procede de un colegio público de área urbana (UGEL PUNO); promedio de secundaria con desempeño satisfactorio; mayor fortaleza en Ciencias Sociales y menor en Matemática; postulaciones anteriores: 0; preparación preuniversitaria: nan; área de interés: sociales. Probabilidades estimadas de ingreso: SOCIOLOGÍA 8.9 %; CIENCIAS CONTABLES 5.8 %; EDUCACIÓN SECUNDARIA DE LA ESPECIALIDAD DE CIENCIAS SOCIALES 5.8 %. Genera una ruta educativa personalizada.,"Ruta educativa sugerida. Primera opción recomendada: SOCIOLOGÍA, con la mayor probabilidad estimada de ingreso (8.9 %). Alternativas: CIENCIAS CONTABLES (5.8 %) y EDUCACIÓN SECUNDARIA DE LA ESPECIALIDAD DE CIENCIAS SOCIALES (5.8 %). Tu fortaleza en Ciencias Sociales es coherente con estas opciones. Para mejorar tus posibilidades, refuerza Matemática antes del examen. Estas probabilidades son estimaciones orientativas basadas en postulantes con perfiles similares, no una garantía de resultado.","Basado en el perfil proporcionado, aquí tienes una ruta educativa personalizada para que tu postulante pueda aprovechar sus fortalezas y potencial:

1. **Primera Semana**: 
   - **Matemáticas**:
     - Comienza con los primeros niveles de matemáticas básicas.
     - Utiliza recursos como libros de texto, aplicaciones educativas o tutorías.
     - Participa en actividades prácticas relacionadas con la matemática.

2. **Segunda Semana**:
   - **Ciencias Sociales**:
     - Inicia con los temas más sencillos de las ciencias sociales.
     - Utiliza recursos multimedia como videos explicativos o juegos interactivos.
     - Realiza ejercicios prácticos sobre temas de interés para ti.

3. **Tercera Semana**:
   - **Educación Secundaria de la Especialidad de Ciencias Sociales**:","Ruta educativa sugerida. Primera opción recomendada: SOCIOLOGÍA, con la mayor probabilidad estimada de ingreso (17.6 %). Alternativas: CIENCIAS CONTABLES (15.2 %) y EDUCACIÓN FÍSICA (13.2 %). Tu fortaleza en Ciencias Sociales es coherente con estas opciones. Para mejorar tus posibilidades, refuerza Matemática antes del examen. Estas probabilidades son estimaciones orientativas basadas en postulantes con perfiles similares, no una garantía de resultado.","Ruta educativa sugerida. Primera opción recomendada: SOCIOLOGÍA, con la mayor probabilidad estimada de ingreso (8.9 %). Alternativas: CIENCIAS CONTABLES (5.8 %) y EDUCACIÓN SECUNDARIA DE LA ESPECIALIDAD DE CIENCIAS SOCIALES (5.8 %). Tu fortaleza en Ciencias Sociales es coherente con estas opciones. Para mejorar tus posibilidades, refuerza Matemática antes del examen. Estas probabilidades son estimaciones orientativas basadas en postulantes con perfiles similares, no una garantía de resultado."
Perfil del postulante: procede de un colegio privado de área urbana (UGEL SAN ROMÁN); promedio de secundaria con desempeño satisfactorio; mayor fortaleza en Comunicación y menor en Ciencia y Tecnología; postulaciones anteriores: 1; preparación preuniversitaria: academia particular; área de interés: biomédicas. Probabilidades estimadas de ingreso: BIOLOGÍA: PESQUERÍA 30.7 %; BIOLOGÍA: ECOLOGÍA 26.1 %; NUTRICIÓN HUMANA 23.4 %. Genera una ruta educativa personalizada.,"Ruta educativa sugerida. Primera opción recomendada: BIOLOGÍA: PESQUERÍA, con la mayor probabilidad estimada de ingreso (30.7 %). Alternativas: BIOLOGÍA: ECOLOGÍA (26.1 %) y NUTRICIÓN HUMANA (23.4 %). Tu fortaleza en Comunicación es coherente con estas opciones. Para mejorar tus posibilidades, refuerza Ciencia y Tecnología antes del examen. Estas probabilidades son estimaciones orientativas basadas en postulantes con perfiles similares, no una garantía de resultado.","Basándome en el perfil proporcionado, puedo generar una ruta educativa para que tu postulante tenga más posibilidades de ingresar a la carrera de Biología - Pescaría en la UGEL San Román.

1. **Primera Semana**: 
   - **Comenzamos con los fundamentos de la biología**. Esto incluirá materias como química básica, física y bioquímica.
   - **Primeros pasos en la pescaría**: Este será un aspecto importante ya que se trata de una disciplina práctica. Podemos comenzar con actividades de campo o laboratorios donde puedan practicar sus habilidades básicas.

2. **Segunda Semana**:
   - **Continuamos con la teoría avanzada**: En esta semana, podríamos introducir conceptos más complejos relacionados con la pescaría y la biología.
   - **","Ruta educativa sugerida. Primera opción recomendada: BIOLOGÍA: ECOLOGÍA, con la mayor probabilidad estimada de ingreso (26.8 %). Alternativas: BIOLOGÍA: PESQUERÍA (26.8 %) y NUTRICIÓN HUMANA (17.6 %). Tu fortaleza en Comunicación es coherente con estas opciones. Para mejorar tus posibilidades, refuerza Ciencia y Tecnología antes del examen. Estas probabilidades son estimaciones orientativas basadas en postulantes con perfiles similares, no una garantía de resultado.","Ruta educativa sugerida. Primera opción recomendada: BIOLOGÍA: PESQUERÍA, con la mayor probabilidad estimada de ingreso (30.7 %). Alternativas: BIOLOGÍA: ECOLOGÍA (26.1 %) y NUTRICIÓN HUMANA (23.4 %). Tu fortaleza en Comunicación es coherente con estas opciones. Para mejorar tus posibilidades, refuerza Ciencia y Tecnología antes del examen. Estas probabilidades son estimaciones orientativas basadas en postulantes con perfiles similares, no una garantía de resultado."
Perfil del postulante: procede de un colegio público de área urbana (UGEL PUNO); promedio de secundaria con desempeño satisfactorio; mayor fortaleza en Comunicación y menor en Ciencia y Tecnología; postulaciones anteriores: 0; preparación preuniversitaria: ninguna; área de interés: ingenierías. Probabilidades estimadas de ingreso: INGENIERÍA AGRONÓMICA 3.1 %; INGENIERÍA MECÁNICA ELÉCTRICA 3.1 %; INGENIERÍA TOPOGRÁFICA Y AGRIMENSURA 2.9 %. Genera una ruta educativa personalizada.,"Ruta educativa sugerida. Primera opción recomendada: INGENIERÍA AGRONÓMICA, con la mayor probabilidad estimada de ingreso (3.1 %). Alternativas: INGENIERÍA MECÁNICA ELÉCTRICA (3.1 %) y INGENIERÍA TOPOGRÁFICA Y AGRIMENSURA (2.9 %). Tu fortaleza en Comunicación es coherente con estas opciones. Para mejorar tus posibilidades, refuerza Ciencia y Tecnología antes del examen y considera una preparación preuniversitaria estructurada. Estas probabilidades son estimaciones orientativas basadas en postulantes con perfiles similares, no una garantía de resultado.","Basándome en el perfil y las probabilidades proporcionados, aquí tienes una ruta educativa personalizada para que tu postulante pueda tener más posibilidades de ingresar a las carreras elegidas:

1. **Comenzar con los fundamentos**: 
   - Enseñanza Media: Inicia en la enseñanza media para consolidar sus conocimientos básicos.
   - Matemáticas: Es importante revisar matemáticas desde cero ya que es fundamental para todas las ciencias.

2. **Iniciando en Ciencias Naturales**:
   - Física: Esta puede ser una buena opción inicial porque se complementa bien con la ingeniería agronómica.
   - Química: También podría ser interesante debido a su relevancia en la agricultura.

3. **Enseñanza Superior**:
   - Ingeniería Agrónoma: Siempre será una carrera fuerte, pero considera que solo tiene","Ruta educativa sugerida. Primera opción recomendada: INGENIERÍA AGRONÓMICA, con la mayor probabilidad estimada de ingreso (17.6 %). Alternativas: INGENIERÍA GEOLÓGICA (15.2 %) y EDUCACIÓN SECUNDARIA DE LA ESPECIALIDAD DE MATEMÁTICA, FÍSICA, COMPUTACIÓN E INFORMÁTICA (13.2 %). Tu fortaleza en Comunicación es coherente con estas opciones. Para mejorar tus posibilidades, refuerza Ciencia y Tecnología antes del examen y considera una preparación preuniversitaria estructurada. Estas probabilidades son estimaciones orientativas basadas en postulantes con perfiles similares, no una garantía de resultado.","Ruta educativa sugerida. Primera opción recomendada: INGENIERÍA AGRONÓMICA, con la mayor probabilidad estimada de ingreso (3.1 %). Alternativas: INGENIERÍA MECÁNICA ELÉCTRICA (3.1 %) y INGENIERÍA TOPOGRÁFICA Y AGRIMENSURA (2.9 %). Tu fortaleza en Comunicación es coherente con estas opciones. Para mejorar tus posibilidades, refuerza Ciencia y Tecnología antes del examen y considera una preparación preuniversitaria estructurada. Estas probabilidades son estimaciones orientativas basadas en postulantes con perfiles similares, no una garantía de resultado."
Perfil del postulante: procede de un colegio público de área urbana (UGEL PUNO); promedio de secundaria con desempeño satisfactorio; mayor fortaleza en Ciencias Sociales y menor en Ciencia y Tecnología; postulaciones anteriores: 0; preparación preuniversitaria: nan; área de interés: sociales. Probabilidades estimadas de ingreso: SOCIOLOGÍA 30.7 %; EDUCACIÓN FÍSICA 26.8 %; TRABAJO SOCIAL 26.8 %. Genera una ruta educativa personalizada.,"Ruta educativa sugerida. Primera opción recomendada: SOCIOLOGÍA, con la mayor probabilidad estimada de ingreso (30.7 %). Alternativas: EDUCACIÓN FÍSICA (26.8 %) y TRABAJO SOCIAL (26.8 %). Tu fortaleza en Ciencias Sociales es coherente con estas opciones. Para mejorar tus posibilidades, refuerza Ciencia y Tecnología antes del examen. Estas probabilidades son estimaciones orientativas basadas en postulantes con perfiles similares, no una garantía de resultado.","Basándome en el perfil proporcionado, aquí tienes una ruta educativa personalizada para que tu postulante pueda aprovechar sus fortalezas y potencial:

1. **Primera Semana**: 
   - **Iniciación al Estudio**: Comienza con los fundamentos de la educación universitaria. Selecciona materias básicas como Matemáticas, Lengua, Historia y Geografía.
   - **Primeros Contactos**: Inicia con asignaturas relacionadas con su área de interés, Social Science.

2. **Segunda Semana**:
   - **Matemáticas**: Asegúrate de dominar bien las matemáticas ya que son esenciales para muchas áreas de estudio.
   - **Lenguaje**: Continúa con lenguajes lingüísticos y literarios para mejorar su habilidad verbal.

3. **Tercera Semana**:
   - **Historia y Geografía**: Util","Ruta educativa sugerida. Primera opción recomendada: SOCIOLOGÍA, con la mayor probabilidad estimada de ingreso (17.6 %). Alternativas: CIENCIAS CONTABLES (15.2 %) y EDUCACIÓN FÍSICA (13.2 %). Tu fortaleza en Ciencias Sociales es coherente con estas opciones. Para mejorar tus posibilidades, refuerza Ciencia y Tecnología antes del examen. Estas probabilidades son estimaciones orientativas basadas en postulantes con perfiles similares, no una garantía de resultado.","Ruta educativa sugerida. Primera opción recomendada: SOCIOLOGÍA, con la mayor probabilidad estimada de ingreso (30.7 %). Alternativas: EDUCACIÓN FÍSICA (26.8 %) y TRABAJO SOCIAL (26.8 %). Tu fortaleza en Ciencias Sociales es coherente con estas opciones. Para mejorar tus posibilidades, refuerza Ciencia y Tecnología antes del examen. Estas probabilidades son estimaciones orientativas basadas en postulantes con perfiles similares, no una garantía de resultado."
Perfil del postulante: procede de un colegio público de área urbana (UGEL PUNO); promedio de secundaria con desempeño satisfactorio; mayor fortaleza en Matemática y menor en Inglés; postulaciones anteriores: 0; preparación preuniversitaria: academia particular; área de interés: biomédicas. Probabilidades estimadas de ingreso: BIOLOGÍA: PESQUERÍA 20.7 %; BIOLOGÍA: ECOLOGÍA 17.6 %; MEDICINA VETERINARIA Y ZOOTECNIA 15.2 %. Genera una ruta educativa personalizada.,"Ruta educativa sugerida. Primera opción recomendada: BIOLOGÍA: PESQUERÍA, con la mayor probabilidad estimada de ingreso (20.7 %). Alternativas: BIOLOGÍA: ECOLOGÍA (17.6 %) y MEDICINA VETERINARIA Y ZOOTECNIA (15.2 %). Tu fortaleza en Matemática es coherente con estas opciones. Para mejorar tus posibilidades, refuerza Inglés antes del examen. Estas probabilidades son estimaciones orientativas basadas en postulantes con perfiles similares, no una garantía de resultado.","Basándome en el perfil proporcionado, aquí tienes una ruta educativa personalizada para que tu postulante pueda tener más posibilidades de ingresar a la carrera de Medicina Veterinaria y Zootecnia:

1. **Matemáticas**: Asegúrate de mantener un buen desempeño en matemáticas durante tus años de preparatoria. La universidad requiere un alto nivel de habilidad en este campo.

2. **Inglés**: Siempre es importante mejorar tu inglés. Considera tomar clases adicionales o utilizar aplicaciones de aprendizaje en línea para practicar.

3. **Biomédica**: Comienza a estudiar temas relacionados con la medicina veterinaria desde temprano. Esto puede incluir ciencias biológicas, química y física.

4. **Preparación Preuniversitaria**: Continúa con tu preparación preuniversitaria. Considera opciones como tutorías","Ruta educativa sugerida. Primera opción recomendada: BIOLOGÍA: ECOLOGÍA, con la mayor probabilidad estimada de ingreso (17.6 %). Alternativas: BIOLOGÍA: PESQUERÍA (17.6 %) y NUTRICIÓN HUMANA (12.3 %). Tu fortaleza en Matemática es coherente con estas opciones. Para mejorar tus posibilidades, refuerza Inglés antes del examen. Estas probabilidades son estimaciones orientativas basadas en postulantes con perfiles similares, no una garantía de resultado.","Ruta educativa sugerida. Primera opción recomendada: BIOLOGÍA: PESQUERÍA, con la mayor probabilidad estimada de ingreso (20.7 %). Alternativas: BIOLOGÍA: ECOLOGÍA (17.6 %) y MEDICINA VETERINARIA Y ZOOTECNIA (15.2 %). Tu fortaleza en Matemática es coherente con estas opciones. Para mejorar tus posibilidades, refuerza Inglés antes del examen. Estas probabilidades son estimaciones orientativas basadas en postulantes con perfiles similares, no una garantía de resultado."
Perfil del postulante: procede de un colegio público de área rural (UGEL SANDIA); promedio de secundaria con desempeño satisfactorio; mayor fortaleza en Ciencia y Tecnología y menor en Comunicación; postulaciones anteriores: 0; preparación preuniversitaria: nan; área de interés: sociales. Probabilidades estimadas de ingreso: SOCIOLOGÍA 26.8 %; EDUCACIÓN FÍSICA 25.9 %; TRABAJO SOCIAL 24.6 %. Genera una ruta educativa personalizada.,"Ruta educativa sugerida. Primera opción recomendada: SOCIOLOGÍA, con la mayor probabilidad estimada de ingreso (26.8 %). Alternativas: EDUCACIÓN FÍSICA (25.9 %) y TRABAJO SOCIAL (24.6 %). Tu fortaleza en Ciencia y Tecnología es coherente con estas opciones. Para mejorar tus posibilidades, refuerza Comunicación antes del examen. Estas probabilidades son estimaciones orientativas basadas en postulantes con perfiles similares, no una garantía de resultado.","Basándome en el perfil proporcionado, aquí tienes una ruta educativa personalizada para que tu postulante pueda aprovechar sus fortalezas y potencial:

1. **Primera Semana**: 
   - **Iniciación al Estudio**: Inicia con los fundamentos de la educación universitaria. Selecciona materias básicas como Matemáticas, Lengua, Historia y Geografía.
   - **Comunicación**: Aunque no es su fuerte, puede comenzar con algunas clases de Comunicación para familiarizarse con el estilo de enseñanza.

2. **Segunda Semana**:
   - **Ciencias Sociales**: Comienza con materias relacionadas con la sociedad, como Cultura, Política o Economía. Esto ayudará a desarrollar habilidades de pensamiento crítico sobre temas sociales.
   - **Educación Física**: Siempre hay espacio para actividades físicas. Inicia","Ruta educativa sugerida. Primera opción recomendada: SOCIOLOGÍA, con la mayor probabilidad estimada de ingreso (17.6 %). Alternativas: EDUCACIÓN FÍSICA (15.2 %) y TRABAJO SOCIAL (13.2 %). Tu fortaleza en Ciencia y Tecnología es coherente con estas opciones. Para mejorar tus posibilidades, refuerza Comunicación antes del examen. Estas probabilidades son estimaciones orientativas basadas en postulantes con perfiles similares, no una garantía de resultado.","Ruta educativa sugerida. Primera opción recomendada: SOCIOLOGÍA, con la mayor probabilidad estimada de ingreso (26.8 %). Alternativas: EDUCACIÓN FÍSICA (25.9 %) y TRABAJO SOCIAL (24.6 %). Tu fortaleza en Ciencia y Tecnología es coherente con estas opciones. Para mejorar tus posibilidades, refuerza Comunicación antes del examen. Estas probabilidades son estimaciones orientativas basadas en postulantes con perfiles similares, no una garantía de resultado."
Perfil del postulante: procede de un colegio público de área urbana (UGEL PUNO); promedio de secundaria con desempeño satisfactorio; mayor fortaleza en Matemática y menor en Ciencia y Tecnología; postulaciones anteriores: 0; preparación preuniversitaria: nan; área de interés: sociales. Probabilidades estimadas de ingreso: SOCIOLOGÍA 11.0 %; EDUCACIÓN FÍSICA 7.3 %; TRABAJO SOCIAL 7.3 %. Genera una ruta educativa personalizada.,"Ruta educativa sugerida. Primera opción recomendada: SOCIOLOGÍA, con la mayor probabilidad estimada de ingreso (11.0 %). Alternativas: EDUCACIÓN FÍSICA (7.3 %) y TRABAJO SOCIAL (7.3 %). Tu fortaleza en Matemática es coherente con estas opciones. Para mejorar tus posibilidades, refuerza Ciencia y Tecnología antes del examen. Estas probabilidades son estimaciones orientativas basadas en postulantes con perfiles similares, no una garantía de resultado.","Basándome en el perfil proporcionado, aquí tienes una ruta educativa personalizada para que tu postulante pueda aprovechar sus fortalezas y potencial:

1. **Matemáticas**: 
   - Continuar con matemáticas en secundario.
   - Considerar opciones como ingeniería o ciencias de la computación si es interesado en STEM.

2. **Ciencia y Tecnología**:
   - Siempre mantenerse al día con los temas actuales en esta área.
   - Considerar carreras relacionadas como ingeniería de software, desarrollo web, o ciencias de la información.

3. **Social Science**:
   - Enriquecer su conocimiento social con cursos avanzados en áreas como psicología, sociología, o economía.
   - Considerar posibles carreras en estas áreas como investigadora social, analista de datos, o profesor/a de educación básica.

4. **Educación Física","Ruta educativa sugerida. Primera opción recomendada: SOCIOLOGÍA, con la mayor probabilidad estimada de ingreso (17.6 %). Alternativas: CIENCIAS CONTABLES (15.2 %) y EDUCACIÓN FÍSICA (13.2 %). Tu fortaleza en Matemática es coherente con estas opciones. Para mejorar tus posibilidades, refuerza Ciencia y Tecnología antes del examen. Estas probabilidades son estimaciones orientativas basadas en postulantes con perfiles similares, no una garantía de resultado.","Ruta educativa sugerida. Primera opción recomendada: SOCIOLOGÍA, con la mayor probabilidad estimada de ingreso (11.0 %). Alternativas: EDUCACIÓN FÍSICA (7.3 %) y TRABAJO SOCIAL (7.3 %). Tu fortaleza en Matemática es coherente con estas opciones. Para mejorar tus posibilidades, refuerza Ciencia y Tecnología antes del examen. Estas probabilidades son estimaciones orientativas basadas en postulantes con perfiles similares, no una garantía de resultado."
Perfil del postulante: procede de un colegio privado de área urbana (UGEL SAN ROMÁN); promedio de secundaria con desempeño satisfactorio; mayor fortaleza en Ciencias Sociales y menor en Inglés; postulaciones anteriores: 0; preparación preuniversitaria: autoestudio; área de interés: ingenierías. Probabilidades estimadas de ingreso: INGENIERÍA AGRONÓMICA 7.1 %; INGENIERÍA TOPOGRÁFICA Y AGRIMENSURA 7.1 %; INGENIERÍA GEOLÓGICA 5.1 %. Genera una ruta educativa personalizada.,"Ruta educativa sugerida. Primera opción recomendada: INGENIERÍA AGRONÓMICA, con la mayor probabilidad estimada de ingreso (7.1 %). Alternativas: INGENIERÍA TOPOGRÁFICA Y AGRIMENSURA (7.1 %) y INGENIERÍA GEOLÓGICA (5.1 %). Tu fortaleza en Ciencias Sociales es coherente con estas opciones. Para mejorar tus posibilidades, refuerza Inglés antes del examen. Estas probabilidades son estimaciones orientativas basadas en postulantes con perfiles similares, no una garantía de resultado.","Basándome en el perfil proporcionado, aquí tienes una ruta educativa personalizada para que tu postulante pueda tener más oportunidades de éxito:

1. **Reforzar conocimientos en Ciencias Sociales**: Considerando que es su fortaleza, puedes enfocar tus estudios en áreas relacionadas como Geografía, Historia o Economía. Esto te permitirá profundizar en temas importantes para futuras carreras en Ingenierías.

2. **Inglés**: Si aún no ha alcanzado niveles suficientes en inglés, considera tomar clases particulares o utilizar aplicaciones de aprendizaje en línea. La habilidad en inglés puede ser crucial en ciertas carreras como Ingeniería Agronómica.

3. **Preparación Preuniversitaria**: Continúa con tu autoestudio si lo deseas, pero también podrías considerar cursos adicionales en matemáticas avanzadas, física o química.","Ruta educativa sugerida. Primera opción recomendada: INGENIERÍA AGRONÓMICA, con la mayor probabilidad estimada de ingreso (17.6 %). Alternativas: INGENIERÍA GEOLÓGICA (15.2 %) y EDUCACIÓN SECUNDARIA DE LA ESPECIALIDAD DE MATEMÁTICA, FÍSICA, COMPUTACIÓN E INFORMÁTICA (13.2 %). Tu fortaleza en Ciencias Sociales es coherente con estas opciones. Para mejorar tus posibilidades, refuerza Inglés antes del examen. Estas probabilidades son estimaciones orientativas basadas en postulantes con perfiles similares, no una garantía de resultado.","Ruta educativa sugerida. Primera opción recomendada: INGENIERÍA AGRONÓMICA, con la mayor probabilidad estimada de ingreso (7.1 %). Alternativas: INGENIERÍA TOPOGRÁFICA Y AGRIMENSURA (7.1 %) y INGENIERÍA GEOLÓGICA (5.1 %). Tu fortaleza en Ciencias Sociales es coherente con estas opciones. Para mejorar tus posibilidades, refuerza Inglés antes del examen. Estas probabilidades son estimaciones orientativas basadas en postulantes con perfiles similares, no una garantía de resultado."
"Perfil del postulante: procede de un colegio público de área urbana (UGEL PUNO); promedio de secundaria con desempeño satisfactorio; mayor fortaleza en Ciencias Sociales y menor en Matemática; postulaciones anteriores: 0; preparación preuniversitaria: academia particular; área de interés: ingenierías. Probabilidades estimadas de ingreso: INGENIERÍA TOPOGRÁFICA Y AGRIMENSURA 26.8 %; INGENIERÍA AGRONÓMICA 25.9 %; EDUCACIÓN SECUNDARIA DE LA ESPECIALIDAD DE MATEMÁTICA, FÍSICA, COMPUTACIÓN E INFORMÁTICA 24.8 %. Genera una ruta educativa personalizada.","Ruta educativa sugerida. Primera opción recomendada: INGENIERÍA TOPOGRÁFICA Y AGRIMENSURA, con la mayor probabilidad estimada de ingreso (26.8 %). Alternativas: INGENIERÍA AGRONÓMICA (25.9 %) y EDUCACIÓN SECUNDARIA DE LA ESPECIALIDAD DE MATEMÁTICA, FÍSICA, COMPUTACIÓN E INFORMÁTICA (24.8 %). Tu fortaleza en Ciencias Sociales es coherente con estas opciones. Para mejorar tus posibilidades, refuerza Matemática antes del examen. Estas probabilidades son estimaciones orientativas basadas en postulantes con perfiles similares, no una garantía de resultado.","Basándome en el perfil proporcionado, puedo generar una ruta educativa para que tu postulante tenga más posibilidades de ingresar a sus áreas de interés.

1. **Primera Semana**: 
   - **Matemáticas**:
     - **Clase de matemáticas**.
     - **Primeros pasos en programación o computación básica**.
     - **Cursos de introducción a la física y a la química**.

2. **Segunda Semana**:
   - **Ciencias Sociales**:
     - **Libros sobre ciencia política, economía social**.
     - **Clases de historia regional y latinoamericana**.
     - **Clases de literatura social y ambiental**.

3. **Tercera Semana**:
   - **Ingles**:
     - **Clases de inglés básico**.
     - **Primeros pasos en idiomas extranjeros","Ruta educativa sugerida. Primera opción recomendada: INGENIERÍA AGRONÓMICA, con la mayor probabilidad estimada de ingreso (17.6 %). Alternativas: INGENIERÍA GEOLÓGICA (15.2 %) y EDUCACIÓN SECUNDARIA DE LA ESPECIALIDAD DE MATEMÁTICA, FÍSICA, COMPUTACIÓN E INFORMÁTICA (13.2 %). Tu fortaleza en Ciencias Sociales es coherente con estas opciones. Para mejorar tus posibilidades, refuerza Matemática antes del examen. Estas probabilidades son estimaciones orientativas basadas en postulantes con perfiles similares, no una garantía de resultado.","Ruta educativa sugerida. Primera opción recomendada: INGENIERÍA TOPOGRÁFICA Y AGRIMENSURA, con la mayor probabilidad estimada de ingreso (26.8 %). Alternativas: INGENIERÍA AGRONÓMICA (25.9 %) y EDUCACIÓN SECUNDARIA DE LA ESPECIALIDAD DE MATEMÁTICA, FÍSICA, COMPUTACIÓN E INFORMÁTICA (24.8 %). Tu fortaleza en Ciencias Sociales es coherente con estas opciones. Para mejorar tus posibilidades, refuerza Matemática antes del examen. Estas probabilidades son estimaciones orientativas basadas en postulantes con perfiles similares, no una garantía de resultado."
"Perfil del postulante: procede de un colegio público de área urbana (UGEL SAN ROMÁN); promedio de secundaria con desempeño en proceso; mayor fortaleza en Ciencias Sociales y menor en Ciencia y Tecnología; postulaciones anteriores: 0; preparación preuniversitaria: autoestudio; área de interés: ingenierías. Probabilidades estimadas de ingreso: INGENIERÍA AGRONÓMICA 2.4 %; EDUCACIÓN SECUNDARIA DE LA ESPECIALIDAD DE MATEMÁTICA, FÍSICA, COMPUTACIÓN E INFORMÁTICA 1.7 %; INGENIERÍA ECONÓMICA 1.7 %. Genera una ruta educativa personalizada.","Ruta educativa sugerida. Primera opción recomendada: INGENIERÍA AGRONÓMICA, con la mayor probabilidad estimada de ingreso (2.4 %). Alternativas: EDUCACIÓN SECUNDARIA DE LA ESPECIALIDAD DE MATEMÁTICA, FÍSICA, COMPUTACIÓN E INFORMÁTICA (1.7 %) y INGENIERÍA ECONÓMICA (1.7 %). Tu fortaleza en Ciencias Sociales es coherente con estas opciones. Para mejorar tus posibilidades, refuerza Ciencia y Tecnología antes del examen. Estas probabilidades son estimaciones orientativas basadas en postulantes con perfiles similares, no una garantía de resultado.","Basándome en el perfil y las probabilidades proporcionados, aquí tienes una ruta educativa personalizada para que tu postulante pueda aprovechar sus fortalezas y potencial:

1. **Primera Semana**: 
   - **Matemáticas**:
     - Inicia un curso básico de matemáticas en línea o en un centro de formación.
     - Utiliza recursos como libros digitales, aplicaciones educativas y tutoriales online.

2. **Segunda Semana**:
   - **Ciencias Sociales**:
     - Comienza un curso de ciencias sociales en línea o en un centro de formación.
     - Utiliza recursos como libros electrónicos, aplicaciones educativas y videos explicativos.

3. **Tercera Semana**:
   - **Ingles**:
     - Comienza un curso de inglés básico en línea o en un centro de formación.
     - Utiliza recursos como aplicaciones de aprendiz","Ruta educativa sugerida. Primera opción recomendada: INGENIERÍA AGRONÓMICA, con la mayor probabilidad estimada de ingreso (17.6 %). Alternativas: INGENIERÍA GEOLÓGICA (15.2 %) y EDUCACIÓN SECUNDARIA DE LA ESPECIALIDAD DE MATEMÁTICA, FÍSICA, COMPUTACIÓN E INFORMÁTICA (13.2 %). Tu fortaleza en Ciencias Sociales es coherente con estas opciones. Para mejorar tus posibilidades, refuerza Ciencia y Tecnología antes del examen. Estas probabilidades son estimaciones orientativas basadas en postulantes con perfiles similares, no una garantía de resultado.","Ruta educativa sugerida. Primera opción recomendada: INGENIERÍA AGRONÓMICA, con la mayor probabilidad estimada de ingreso (2.4 %). Alternativas: EDUCACIÓN SECUNDARIA DE LA ESPECIALIDAD DE MATEMÁTICA, FÍSICA, COMPUTACIÓN E INFORMÁTICA (1.7 %) y INGENIERÍA ECONÓMICA (1.7 %). Tu fortaleza en Ciencias Sociales es coherente con estas opciones. Para mejorar tus posibilidades, refuerza Ciencia y Tecnología antes del examen. Estas probabilidades son estimaciones orientativas basadas en postulantes con perfiles similares, no una garantía de resultado."
Perfil del postulante: procede de un colegio público de área urbana (UGEL HUANCANÉ); promedio de secundaria con desempeño satisfactorio; mayor fortaleza en Ciencias Sociales y menor en Ciencia y Tecnología; postulaciones anteriores: 4; preparación preuniversitaria: academia particular; área de interés: ingenierías. Probabilidades estimadas de ingreso: INGENIERÍA AGRONÓMICA 13.2 %; INGENIERÍA TOPOGRÁFICA Y AGRIMENSURA 13.2 %; INGENIERÍA GEOLÓGICA 12.3 %. Genera una ruta educativa personalizada.,"Ruta educativa sugerida. Primera opción recomendada: INGENIERÍA AGRONÓMICA, con la mayor probabilidad estimada de ingreso (13.2 %). Alternativas: INGENIERÍA TOPOGRÁFICA Y AGRIMENSURA (13.2 %) y INGENIERÍA GEOLÓGICA (12.3 %). Tu fortaleza en Ciencias Sociales es coherente con estas opciones. Para mejorar tus posibilidades, refuerza Ciencia y Tecnología antes del examen. Estas probabilidades son estimaciones orientativas basadas en postulantes con perfiles similares, no una garantía de resultado.","Basándome en el perfil y las probabilidades proporcionados, aquí tienes una ruta educativa personalizada para que tu postulante pueda aprovechar al máximo sus posibilidades:

1. **Primera Semana**: 
   - **Iniciación Académica**: Comienza con los fundamentos de la matemática básica y ciencias naturales.
   - **Primeros Pasos en Ciencias Sociales**: Inicia con temas como historia, geografía y economía.

2. **Segunda Semana**:
   - **Matemáticas Avanzadas**: Continúa con álgebra y trigonometría.
   - **Ciencias Naturales**: Introduce conceptos básicos de física y química.

3. **Tercera Semana**:
   - **Geografía**: Comienza con mapas y mapas globales.
   - **Historia**: Inicia con la historia antigua y medieval.

4. **Cuarta Sem","Ruta educativa sugerida. Primera opción recomendada: INGENIERÍA AGRONÓMICA, con la mayor probabilidad estimada de ingreso (17.6 %). Alternativas: INGENIERÍA GEOLÓGICA (15.2 %) y EDUCACIÓN SECUNDARIA DE LA ESPECIALIDAD DE MATEMÁTICA, FÍSICA, COMPUTACIÓN E INFORMÁTICA (13.2 %). Tu fortaleza en Ciencias Sociales es coherente con estas opciones. Para mejorar tus posibilidades, refuerza Ciencia y Tecnología antes del examen. Estas probabilidades son estimaciones orientativas basadas en postulantes con perfiles similares, no una garantía de resultado.","Ruta educativa sugerida. Primera opción recomendada: INGENIERÍA AGRONÓMICA, con la mayor probabilidad estimada de ingreso (13.2 %). Alternativas: INGENIERÍA TOPOGRÁFICA Y AGRIMENSURA (13.2 %) y INGENIERÍA GEOLÓGICA (12.3 %). Tu fortaleza en Ciencias Sociales es coherente con estas opciones. Para mejorar tus posibilidades, refuerza Ciencia y Tecnología antes del examen. Estas probabilidades son estimaciones orientativas basadas en postulantes con perfiles similares, no una garantía de resultado."
Perfil del postulante: procede de un colegio público de área urbana (UGEL PUNO); promedio de secundaria con desempeño satisfactorio; mayor fortaleza en Comunicación y menor en Inglés; postulaciones anteriores: 0; preparación preuniversitaria: autoestudio; área de interés: sociales. Probabilidades estimadas de ingreso: SOCIOLOGÍA 36.7 %; EDUCACIÓN FÍSICA 35.6 %; CIENCIAS CONTABLES 31.1 %. Genera una ruta educativa personalizada.,"Ruta educativa sugerida. Primera opción recomendada: SOCIOLOGÍA, con la mayor probabilidad estimada de ingreso (36.7 %). Alternativas: EDUCACIÓN FÍSICA (35.6 %) y CIENCIAS CONTABLES (31.1 %). Tu fortaleza en Comunicación es coherente con estas opciones. Para mejorar tus posibilidades, refuerza Inglés antes del examen. Estas probabilidades son estimaciones orientativas basadas en postulantes con perfiles similares, no una garantía de resultado.","Basándome en el perfil proporcionado, aquí tienes una ruta educativa personalizada para que tu postulante pueda aprovechar al máximo sus habilidades y fortalezas:

1. **Comenzar su educación universitaria**: La carrera de Socología parece ser la opción más probable debido a su alta probabilidad de ingreso (36.7%). Esta carrera te permitirá profundizar en temas relacionados con la sociedad, cultura, política y economía.

2. **Inicia su aprendizaje**: Para comenzar, puedes considerar tomar cursos o seminarios sobre los aspectos básicos de la sociología. Esto ayudará a familiarizarse con conceptos importantes como grupos sociales, estructuras culturales y fenomenos sociales.

3. **Practica tus habilidades comunicativas**: Aunque tu fortaleza sea la comunicación, también es importante mejorar tus habilidades en inglés. Considera tomar clases de inglés o participar en actividades extracur","Ruta educativa sugerida. Primera opción recomendada: SOCIOLOGÍA, con la mayor probabilidad estimada de ingreso (17.6 %). Alternativas: TRABAJO SOCIAL (15.2 %) y CIENCIAS CONTABLES (13.2 %). Tu fortaleza en Comunicación es coherente con estas opciones. Para mejorar tus posibilidades, refuerza Inglés antes del examen. Estas probabilidades son estimaciones orientativas basadas en postulantes con perfiles similares, no una garantía de resultado.","Ruta educativa sugerida. Primera opción recomendada: SOCIOLOGÍA, con la mayor probabilidad estimada de ingreso (36.7 %). Alternativas: EDUCACIÓN FÍSICA (35.6 %) y CIENCIAS CONTABLES (31.1 %). Tu fortaleza en Comunicación es coherente con estas opciones. Para mejorar tus posibilidades, refuerza Inglés antes del examen. Estas probabilidades son estimaciones orientativas basadas en postulantes con perfiles similares, no una garantía de resultado."
Perfil del postulante: procede de un colegio público de área rural (UGEL MOHO); promedio de secundaria con desempeño satisfactorio; mayor fortaleza en Ciencias Sociales y menor en Ciencia y Tecnología; postulaciones anteriores: 0; preparación preuniversitaria: nan; área de interés: sociales. Probabilidades estimadas de ingreso: SOCIOLOGÍA 13.8 %; EDUCACIÓN FÍSICA 12.3 %; TRABAJO SOCIAL 12.3 %. Genera una ruta educativa personalizada.,"Ruta educativa sugerida. Primera opción recomendada: SOCIOLOGÍA, con la mayor probabilidad estimada de ingreso (13.8 %). Alternativas: EDUCACIÓN FÍSICA (12.3 %) y TRABAJO SOCIAL (12.3 %). Tu fortaleza en Ciencias Sociales es coherente con estas opciones. Para mejorar tus posibilidades, refuerza Ciencia y Tecnología antes del examen. Estas probabilidades son estimaciones orientativas basadas en postulantes con perfiles similares, no una garantía de resultado.","Basándome en el perfil proporcionado, aquí tienes una ruta educativa personalizada para que tu postulante pueda aprovechar sus fortalezas y potencial:

1. **Primera Semana**: Inicia su camino universitario con un curso básico de inglés o español, ya que es importante tener una buena comunicación en inglés si se desea estudiar en Estados Unidos.

2. **Segunda Semana**: Comienza con un curso introductorio en Ciencias Sociales. Esto ayudará a desarrollar habilidades importantes en áreas como la política, la economía, la cultura y los sistemas sociales.

3. **Tercera Semana**: Aprovecha tus fortalezas en Ciencias Sociales para profundizar en temas específicos. Por ejemplo, puedes elegir carreras relacionadas con la justicia social, la educación, la salud pública o la gestión de recursos humanos.

4. **Cuarta Semana**: Comienza con un curso introductorio en","Ruta educativa sugerida. Primera opción recomendada: SOCIOLOGÍA, con la mayor probabilidad estimada de ingreso (17.6 %). Alternativas: EDUCACIÓN FÍSICA (15.2 %) y TRABAJO SOCIAL (13.2 %). Tu fortaleza en Ciencias Sociales es coherente con estas opciones. Para mejorar tus posibilidades, refuerza Ciencia y Tecnología antes del examen. Estas probabilidades son estimaciones orientativas basadas en postulantes con perfiles similares, no una garantía de resultado.","Ruta educativa sugerida. Primera opción recomendada: SOCIOLOGÍA, con la mayor probabilidad estimada de ingreso (13.8 %). Alternativas: EDUCACIÓN FÍSICA (12.3 %) y TRABAJO SOCIAL (12.3 %). Tu fortaleza en Ciencias Sociales es coherente con estas opciones. Para mejorar tus posibilidades, refuerza Ciencia y Tecnología antes del examen. Estas probabilidades son estimaciones orientativas basadas en postulantes con perfiles similares, no una garantía de resultado."
Perfil del postulante: procede de un colegio público de área rural (nan); promedio de secundaria con desempeño satisfactorio; mayor fortaleza en Matemática y menor en Ciencia y Tecnología; postulaciones anteriores: 0; preparación preuniversitaria: autoestudio; área de interés: biomédicas. Probabilidades estimadas de ingreso: BIOLOGÍA: PESQUERÍA 12.3 %; BIOLOGÍA: ECOLOGÍA 8.9 %; NUTRICIÓN HUMANA 5.8 %. Genera una ruta educativa personalizada.,"Ruta educativa sugerida. Primera opción recomendada: BIOLOGÍA: PESQUERÍA, con la mayor probabilidad estimada de ingreso (12.3 %). Alternativas: BIOLOGÍA: ECOLOGÍA (8.9 %) y NUTRICIÓN HUMANA (5.8 %). Tu fortaleza en Matemática es coherente con estas opciones. Para mejorar tus posibilidades, refuerza Ciencia y Tecnología antes del examen. Estas probabilidades son estimaciones orientativas basadas en postulantes con perfiles similares, no una garantía de resultado.","Basándome en el perfil proporcionado, aquí tienes una ruta educativa personalizada para que tu postulante pueda aprovechar al máximo sus habilidades y fortalezas:

1. **Matemáticas**:
   - Continuar con los cursos de matemáticas en secundario.
   - Considerar opciones adicionales como matemáticas aplicadas o cálculo avanzado si es posible.

2. **Biomédica**:
   - Enseñanza Media: Bioquímica, Biología Molecular, Genética.
   - Preparación para concursos universitarios específicos como PESQUERÍA, ECOLOGÍA y NUTRICIÓN HUMANA.

3. **Ciencias Naturales**:
   - Estudios sobre biología molecular, genética, ecología y bioinformática.
   - Considerar posibles carreras en áreas como medicina, veterinaria, ciencias sociales o ambientales.

4","Ruta educativa sugerida. Primera opción recomendada: BIOLOGÍA: ECOLOGÍA, con la mayor probabilidad estimada de ingreso (17.6 %). Alternativas: BIOLOGÍA: PESQUERÍA (17.6 %) y NUTRICIÓN HUMANA (12.3 %). Tu fortaleza en Matemática es coherente con estas opciones. Para mejorar tus posibilidades, refuerza Ciencia y Tecnología antes del examen. Estas probabilidades son estimaciones orientativas basadas en postulantes con perfiles similares, no una garantía de resultado.","Ruta educativa sugerida. Primera opción recomendada: BIOLOGÍA: PESQUERÍA, con la mayor probabilidad estimada de ingreso (12.3 %). Alternativas: BIOLOGÍA: ECOLOGÍA (8.9 %) y NUTRICIÓN HUMANA (5.8 %). Tu fortaleza en Matemática es coherente con estas opciones. Para mejorar tus posibilidades, refuerza Ciencia y Tecnología antes del examen. Estas probabilidades son estimaciones orientativas basadas en postulantes con perfiles similares, no una garantía de resultado."
Perfil del postulante: procede de un colegio público de área rural (UGEL YUNGUYO); promedio de secundaria con desempeño satisfactorio; mayor fortaleza en Ciencia y Tecnología y menor en Comunicación; postulaciones anteriores: 0; preparación preuniversitaria: ninguna; área de interés: sociales. Probabilidades estimadas de ingreso: ADMINISTRACIÓN 1.7 %; CIENCIAS CONTABLES 1.7 %; TRABAJO SOCIAL 1.7 %. Genera una ruta educativa personalizada.,"Ruta educativa sugerida. Primera opción recomendada: ADMINISTRACIÓN, con la mayor probabilidad estimada de ingreso (1.7 %). Alternativas: CIENCIAS CONTABLES (1.7 %) y TRABAJO SOCIAL (1.7 %). Tu fortaleza en Ciencia y Tecnología es coherente con estas opciones. Para mejorar tus posibilidades, refuerza Comunicación antes del examen y considera una preparación preuniversitaria estructurada. Estas probabilidades son estimaciones orientativas basadas en postulantes con perfiles similares, no una garantía de resultado.","Basándome en el perfil proporcionado, aquí tienes una ruta educativa personalizada para que tu postulante pueda aprovechar sus fortalezas y potencial:

1. **Primera Semana**: 
   - **Matemáticas** y **Física**: Estudiarán estas materias para consolidar sus habilidades matemáticas y físicas.
   - **Ciencias Sociales**: Iniciarán esta materia ya que es su área de mayor fortaleza.

2. **Segunda Semana**:
   - **Inglés**: Aprenderán inglés para mejorar su comunicación y adaptarse a la vida universitaria.
   - **Historia**: Comenzarán este tema para entender mejor los sistemas políticos y culturales internacionales.

3. **Tercera Semana**:
   - **Geografía**: Comenzarán esta materia para entender mejor la estructura física del país y cómo se relacionan los países.","Ruta educativa sugerida. Primera opción recomendada: SOCIOLOGÍA, con la mayor probabilidad estimada de ingreso (17.6 %). Alternativas: CIENCIAS CONTABLES (15.2 %) y TRABAJO SOCIAL (13.2 %). Tu fortaleza en Ciencia y Tecnología es coherente con estas opciones. Para mejorar tus posibilidades, refuerza Comunicación antes del examen y considera una preparación preuniversitaria estructurada. Estas probabilidades son estimaciones orientativas basadas en postulantes con perfiles similares, no una garantía de resultado.","Ruta educativa sugerida. Primera opción recomendada: ADMINISTRACIÓN, con la mayor probabilidad estimada de ingreso (1.7 %). Alternativas: CIENCIAS CONTABLES (1.7 %) y TRABAJO SOCIAL (1.7 %). Tu fortaleza en Ciencia y Tecnología es coherente con estas opciones. Para mejorar tus posibilidades, refuerza Comunicación antes del examen y considera una preparación preuniversitaria estructurada. Estas probabilidades son estimaciones orientativas basadas en postulantes con perfiles similares, no una garantía de resultado."
Perfil del postulante: procede de un colegio público de área rural (UGEL SAN ANTONIO DE PUTINA); promedio de secundaria con desempeño satisfactorio; mayor fortaleza en Ciencias Sociales y menor en Comunicación; postulaciones anteriores: 0; preparación preuniversitaria: nan; área de interés: sociales. Probabilidades estimadas de ingreso: EDUCACIÓN FÍSICA 5.8 %; SOCIOLOGÍA 5.8 %; CIENCIAS CONTABLES 5.3 %. Genera una ruta educativa personalizada.,"Ruta educativa sugerida. Primera opción recomendada: EDUCACIÓN FÍSICA, con la mayor probabilidad estimada de ingreso (5.8 %). Alternativas: SOCIOLOGÍA (5.8 %) y CIENCIAS CONTABLES (5.3 %). Tu fortaleza en Ciencias Sociales es coherente con estas opciones. Para mejorar tus posibilidades, refuerza Comunicación antes del examen. Estas probabilidades son estimaciones orientativas basadas en postulantes con perfiles similares, no una garantía de resultado.","Basándome en el perfil proporcionado, aquí tienes una ruta educativa personalizada para que tu postulante pueda aprovechar sus fortalezas y potencial:

1. **Educación Física**: 
   - Esta carrera es muy competitiva debido a su alta demanda laboral.
   - Siempre hay oportunidades de empleo en este campo, especialmente en instituciones deportivas o organizaciones de salud.
   - La educación física requiere habilidades en comunicación pero también en ciencia de datos y tecnología, lo que podría ser un punto fuerte para tu postulante.

2. **Sociología**:
   - Este campo tiene una gran demanda laboral y ofrece oportunidades de trabajo en áreas como investigación social, políticas públicas, y análisis de datos.
   - La sociología se enfoca en entender los sistemas sociales y culturales, lo cual puede ser útil si tu postulante está interesado en temas relacionados a la","Ruta educativa sugerida. Primera opción recomendada: SOCIOLOGÍA, con la mayor probabilidad estimada de ingreso (17.6 %). Alternativas: CIENCIAS CONTABLES (15.2 %) y TRABAJO SOCIAL (13.2 %). Tu fortaleza en Ciencias Sociales es coherente con estas opciones. Para mejorar tus posibilidades, refuerza Comunicación antes del examen. Estas probabilidades son estimaciones orientativas basadas en postulantes con perfiles similares, no una garantía de resultado.","Ruta educativa sugerida. Primera opción recomendada: EDUCACIÓN FÍSICA, con la mayor probabilidad estimada de ingreso (5.8 %). Alternativas: SOCIOLOGÍA (5.8 %) y CIENCIAS CONTABLES (5.3 %). Tu fortaleza en Ciencias Sociales es coherente con estas opciones. Para mejorar tus posibilidades, refuerza Comunicación antes del examen. Estas probabilidades son estimaciones orientativas basadas en postulantes con perfiles similares, no una garantía de resultado."
Perfil del postulante: procede de un colegio público de área rural (UGEL CHUCUITO); promedio de secundaria con desempeño satisfactorio; mayor fortaleza en Ciencias Sociales y menor en Ciencia y Tecnología; postulaciones anteriores: 0; preparación preuniversitaria: cepreuna; área de interés: ingenierías. Probabilidades estimadas de ingreso: INGENIERÍA AGRONÓMICA 17.6 %; INGENIERÍA GEOLÓGICA 17.6 %; INGENIERÍA MECÁNICA ELÉCTRICA 15.2 %. Genera una ruta educativa personalizada.,"Ruta educativa sugerida. Primera opción recomendada: INGENIERÍA AGRONÓMICA, con la mayor probabilidad estimada de ingreso (17.6 %). Alternativas: INGENIERÍA GEOLÓGICA (17.6 %) y INGENIERÍA MECÁNICA ELÉCTRICA (15.2 %). Tu fortaleza en Ciencias Sociales es coherente con estas opciones. Para mejorar tus posibilidades, refuerza Ciencia y Tecnología antes del examen. Estas probabilidades son estimaciones orientativas basadas en postulantes con perfiles similares, no una garantía de resultado.","Basándome en el perfil y las probabilidades proporcionados, aquí tienes una ruta educativa personalizada para que tu postulante pueda aprovechar al máximo sus posibilidades:

1. **Reforzar conocimientos en Ciencias Sociales**: 
   - Continuar con los estudios en secundario si aún no lo ha hecho.
   - Considerar opciones como carreras en educación o administración pública.

2. **Incorporar Ciencias Naturales**:
   - Siempre tener presente la combinación de ciencias sociales y naturales en tus estudios universitarios.
   - Considerar carreras en ingeniería agronómica, geológica o mecánica eléctrica.

3. **Formación Profesional**:
   - Posteriormente, considerar carreras en áreas relacionadas con agricultura, minería o ingeniería eléctrica.
   - La carrera de Ingeniería Agrónoma es muy competit","Ruta educativa sugerida. Primera opción recomendada: INGENIERÍA AGRONÓMICA, con la mayor probabilidad estimada de ingreso (17.6 %). Alternativas: INGENIERÍA GEOLÓGICA (15.2 %) y EDUCACIÓN SECUNDARIA DE LA ESPECIALIDAD DE MATEMÁTICA, FÍSICA, COMPUTACIÓN E INFORMÁTICA (13.2 %). Tu fortaleza en Ciencias Sociales es coherente con estas opciones. Para mejorar tus posibilidades, refuerza Ciencia y Tecnología antes del examen. Estas probabilidades son estimaciones orientativas basadas en postulantes con perfiles similares, no una garantía de resultado.","Ruta educativa sugerida. Primera opción recomendada: INGENIERÍA AGRONÓMICA, con la mayor probabilidad estimada de ingreso (17.6 %). Alternativas: INGENIERÍA GEOLÓGICA (17.6 %) y INGENIERÍA MECÁNICA ELÉCTRICA (15.2 %). Tu fortaleza en Ciencias Sociales es coherente con estas opciones. Para mejorar tus posibilidades, refuerza Ciencia y Tecnología antes del examen. Estas probabilidades son estimaciones orientativas basadas en postulantes con perfiles similares, no una garantía de resultado."
Perfil del postulante: procede de un colegio público de área rural (UGEL CANCHIS); promedio de secundaria con desempeño satisfactorio; mayor fortaleza en Comunicación y menor en Matemática; postulaciones anteriores: 0; preparación preuniversitaria: academia particular; área de interés: biomédicas. Probabilidades estimadas de ingreso: BIOLOGÍA: PESQUERÍA 20.2 %; BIOLOGÍA: ECOLOGÍA 15.2 %; MEDICINA VETERINARIA Y ZOOTECNIA 13.2 %. Genera una ruta educativa personalizada.,"Ruta educativa sugerida. Primera opción recomendada: BIOLOGÍA: PESQUERÍA, con la mayor probabilidad estimada de ingreso (20.2 %). Alternativas: BIOLOGÍA: ECOLOGÍA (15.2 %) y MEDICINA VETERINARIA Y ZOOTECNIA (13.2 %). Tu fortaleza en Comunicación es coherente con estas opciones. Para mejorar tus posibilidades, refuerza Matemática antes del examen. Estas probabilidades son estimaciones orientativas basadas en postulantes con perfiles similares, no una garantía de resultado.","Basándome en el perfil proporcionado, aquí tienes una ruta educativa personalizada para que tu postulante pueda aprovechar al máximo sus posibilidades:

1. **Comenzar su preparación universitaria**: 
   - **Primera Semana**: Iniciar su preparación universitaria en la Academia Particular. Esto te permitirá conocer mejor los recursos disponibles y adaptarse a la estructura de clases.
   
2. **Matemáticas**:
   - **Segunda Semana**: Aprender matemáticas desde cero. La probabilidad de ingresar a Medicina Veterinaria o Zootecnia es baja debido a la menor fortaleza en esta materia. Por lo tanto, centraremos nuestra atención en áreas donde hay más oportunidades.

3. **Comunicación**:
   - **Tercera Semana**: Mejorar habilidades comunicativas. Esta será una fuerte ventaja ya que se espera que sea superior a","Ruta educativa sugerida. Primera opción recomendada: BIOLOGÍA: ECOLOGÍA, con la mayor probabilidad estimada de ingreso (17.6 %). Alternativas: BIOLOGÍA: PESQUERÍA (17.6 %) y NUTRICIÓN HUMANA (12.3 %). Tu fortaleza en Comunicación es coherente con estas opciones. Para mejorar tus posibilidades, refuerza Matemática antes del examen. Estas probabilidades son estimaciones orientativas basadas en postulantes con perfiles similares, no una garantía de resultado.","Ruta educativa sugerida. Primera opción recomendada: BIOLOGÍA: PESQUERÍA, con la mayor probabilidad estimada de ingreso (20.2 %). Alternativas: BIOLOGÍA: ECOLOGÍA (15.2 %) y MEDICINA VETERINARIA Y ZOOTECNIA (13.2 %). Tu fortaleza en Comunicación es coherente con estas opciones. Para mejorar tus posibilidades, refuerza Matemática antes del examen. Estas probabilidades son estimaciones orientativas basadas en postulantes con perfiles similares, no una garantía de resultado."
Perfil del postulante: procede de un colegio privado de área urbana (UGEL PUNO); promedio de secundaria con desempeño satisfactorio; mayor fortaleza en Matemática y menor en Ciencia y Tecnología; postulaciones anteriores: 0; preparación preuniversitaria: autoestudio; área de interés: sociales. Probabilidades estimadas de ingreso: SOCIOLOGÍA 7.3 %; TRABAJO SOCIAL 5.3 %; ADMINISTRACIÓN 4.8 %. Genera una ruta educativa personalizada.,"Ruta educativa sugerida. Primera opción recomendada: SOCIOLOGÍA, con la mayor probabilidad estimada de ingreso (7.3 %). Alternativas: TRABAJO SOCIAL (5.3 %) y ADMINISTRACIÓN (4.8 %). Tu fortaleza en Matemática es coherente con estas opciones. Para mejorar tus posibilidades, refuerza Ciencia y Tecnología antes del examen. Estas probabilidades son estimaciones orientativas basadas en postulantes con perfiles similares, no una garantía de resultado.","Basándome en el perfil proporcionado, aquí tienes una ruta educativa personalizada para que tu postulante pueda aprovechar sus fortalezas y potencial:

1. **Matemáticas**: 
   - Continuar con matemáticas en secundario.
   - Considerar opciones como ingeniería o ciencias de la computación si es interesado en STEM.

2. **Ciencia y Tecnología**:
   - Siempre mantenerse al día con los temas actuales en esta área.
   - Considerar carreras relacionadas como ingeniería, desarrollo web o ciencia de datos.

3. **Social Science**:
   - Aprovechar su fortaleza en Matemáticas para entender mejor los sistemas sociales.
   - Considerar carreras como psicología, sociología o economía.

4. **Trabajo Social**:
   - Considerar carreras directamente relacionadas con este campo, como psicología social o carrera en derecho social","Ruta educativa sugerida. Primera opción recomendada: SOCIOLOGÍA, con la mayor probabilidad estimada de ingreso (17.6 %). Alternativas: TRABAJO SOCIAL (15.2 %) y ADMINISTRACIÓN (13.2 %). Tu fortaleza en Matemática es coherente con estas opciones. Para mejorar tus posibilidades, refuerza Ciencia y Tecnología antes del examen. Estas probabilidades son estimaciones orientativas basadas en postulantes con perfiles similares, no una garantía de resultado.","Ruta educativa sugerida. Primera opción recomendada: SOCIOLOGÍA, con la mayor probabilidad estimada de ingreso (7.3 %). Alternativas: TRABAJO SOCIAL (5.3 %) y ADMINISTRACIÓN (4.8 %). Tu fortaleza en Matemática es coherente con estas opciones. Para mejorar tus posibilidades, refuerza Ciencia y Tecnología antes del examen. Estas probabilidades son estimaciones orientativas basadas en postulantes con perfiles similares, no una garantía de resultado."
Perfil del postulante: procede de un colegio público de área urbana (UGEL SAN ROMÁN); promedio de secundaria con desempeño satisfactorio; mayor fortaleza en Matemática y menor en Ciencia y Tecnología; postulaciones anteriores: 0; preparación preuniversitaria: academia particular; área de interés: sociales. Probabilidades estimadas de ingreso: SOCIOLOGÍA 4.8 %; ADMINISTRACIÓN 3.1 %; TRABAJO SOCIAL 3.1 %. Genera una ruta educativa personalizada.,"Ruta educativa sugerida. Primera opción recomendada: SOCIOLOGÍA, con la mayor probabilidad estimada de ingreso (4.8 %). Alternativas: ADMINISTRACIÓN (3.1 %) y TRABAJO SOCIAL (3.1 %). Tu fortaleza en Matemática es coherente con estas opciones. Para mejorar tus posibilidades, refuerza Ciencia y Tecnología antes del examen. Estas probabilidades son estimaciones orientativas basadas en postulantes con perfiles similares, no una garantía de resultado.","Basándome en el perfil proporcionado, puedo generar una ruta educativa para que tu postulante pueda aprovechar sus fortalezas y potencialidades. Aquí te presento algunas sugerencias:

1. **Matemáticas**: Continúa tus estudios matemáticos en la universidad. La carrera de Socología requiere conocimientos avanzados en estadística y análisis numéricos, lo cual puede ser útil si ya tienes experiencia en este campo.

2. **Ciencia y Tecnología**: Considera opciones como Ingeniería o Ciencias de la Computación. Estas carreras pueden ser interesantes debido a su fuerte componente práctica y aplicada.

3. **Sociales**: Siempre es importante tener una base sólida en los aspectos sociales. Considera carreras como Psicología, Sociología o Educación. Además, puedes considerar posibles carreras en áreas relacionadas al desarrollo humano, como Gestión Social o Trabajo","Ruta educativa sugerida. Primera opción recomendada: SOCIOLOGÍA, con la mayor probabilidad estimada de ingreso (17.6 %). Alternativas: TRABAJO SOCIAL (15.2 %) y ADMINISTRACIÓN (13.2 %). Tu fortaleza en Matemática es coherente con estas opciones. Para mejorar tus posibilidades, refuerza Ciencia y Tecnología antes del examen. Estas probabilidades son estimaciones orientativas basadas en postulantes con perfiles similares, no una garantía de resultado.","Ruta educativa sugerida. Primera opción recomendada: SOCIOLOGÍA, con la mayor probabilidad estimada de ingreso (4.8 %). Alternativas: ADMINISTRACIÓN (3.1 %) y TRABAJO SOCIAL (3.1 %). Tu fortaleza en Matemática es coherente con estas opciones. Para mejorar tus posibilidades, refuerza Ciencia y Tecnología antes del examen. Estas probabilidades son estimaciones orientativas basadas en postulantes con perfiles similares, no una garantía de resultado."
Perfil del postulante: procede de un colegio público de área urbana (UGEL EL COLLAO); promedio de secundaria con desempeño satisfactorio; mayor fortaleza en Comunicación y menor en Ciencia y Tecnología; postulaciones anteriores: 0; preparación preuniversitaria: academia particular; área de interés: ingenierías. Probabilidades estimadas de ingreso: INGENIERÍA AGRONÓMICA 12.3 %; INGENIERÍA GEOLÓGICA 12.3 %; INGENIERÍA ECONÓMICA 11.0 %. Genera una ruta educativa personalizada.,"Ruta educativa sugerida. Primera opción recomendada: INGENIERÍA AGRONÓMICA, con la mayor probabilidad estimada de ingreso (12.3 %). Alternativas: INGENIERÍA GEOLÓGICA (12.3 %) y INGENIERÍA ECONÓMICA (11.0 %). Tu fortaleza en Comunicación es coherente con estas opciones. Para mejorar tus posibilidades, refuerza Ciencia y Tecnología antes del examen. Estas probabilidades son estimaciones orientativas basadas en postulantes con perfiles similares, no una garantía de resultado.","Basándome en el perfil proporcionado, aquí tienes una ruta educativa personalizada para que tu postulante pueda tener más posibilidades de ingresar a las carreras elegidas:

1. **Comenzar su educación universitaria**: 
   - **Primera Semana Académica**: Iniciar sus estudios universitarios en la UNEP (Universidad Nacional del Altiplano). Esta institución es reconocida por su calidad académica y su ubicación en el altiplano.
   
2. **Preparación inicial**:
   - **Primeros años**: Enseñanzas Básicas o Preparatorias, donde enfocarse en materias como Matemáticas, Física, Química y Biología. Esto ayudará a fortalecer sus habilidades en ciencias naturales.

3. **Formación técnica**:
   - **Segundo año**: Seleccionar carreras técnicas o","Ruta educativa sugerida. Primera opción recomendada: INGENIERÍA AGRONÓMICA, con la mayor probabilidad estimada de ingreso (17.6 %). Alternativas: INGENIERÍA GEOLÓGICA (15.2 %) y EDUCACIÓN SECUNDARIA DE LA ESPECIALIDAD DE MATEMÁTICA, FÍSICA, COMPUTACIÓN E INFORMÁTICA (13.2 %). Tu fortaleza en Comunicación es coherente con estas opciones. Para mejorar tus posibilidades, refuerza Ciencia y Tecnología antes del examen. Estas probabilidades son estimaciones orientativas basadas en postulantes con perfiles similares, no una garantía de resultado.","Ruta educativa sugerida. Primera opción recomendada: INGENIERÍA AGRONÓMICA, con la mayor probabilidad estimada de ingreso (12.3 %). Alternativas: INGENIERÍA GEOLÓGICA (12.3 %) y INGENIERÍA ECONÓMICA (11.0 %). Tu fortaleza en Comunicación es coherente con estas opciones. Para mejorar tus posibilidades, refuerza Ciencia y Tecnología antes del examen. Estas probabilidades son estimaciones orientativas basadas en postulantes con perfiles similares, no una garantía de resultado."
Perfil del postulante: procede de un colegio público de área urbana (UGEL PUNO); promedio de secundaria con desempeño satisfactorio; mayor fortaleza en Comunicación y menor en Inglés; postulaciones anteriores: 1; preparación preuniversitaria: academia particular; área de interés: sociales. Probabilidades estimadas de ingreso: TRABAJO SOCIAL 7.1 %; SOCIOLOGÍA 7.1 %; ADMINISTRACIÓN 5.8 %. Genera una ruta educativa personalizada.,"Ruta educativa sugerida. Primera opción recomendada: TRABAJO SOCIAL, con la mayor probabilidad estimada de ingreso (7.1 %). Alternativas: SOCIOLOGÍA (7.1 %) y ADMINISTRACIÓN (5.8 %). Tu fortaleza en Comunicación es coherente con estas opciones. Para mejorar tus posibilidades, refuerza Inglés antes del examen. Estas probabilidades son estimaciones orientativas basadas en postulantes con perfiles similares, no una garantía de resultado.","Basándome en el perfil proporcionado, puedo generar una ruta educativa para que tu postulante tenga más posibilidades de éxito en sus aspiraciones universitarias.

1. **Comenzar su educación superior**: Siempre es importante comenzar con una carrera técnica o profesional antes de entrar al nivel universitario. Considerando los datos, podría ser beneficioso empezar con una carrera técnica en administración o gestión empresarial. Esto le permitirá adquirir habilidades prácticas y entender mejor cómo funciona el mundo laboral.

2. **Inglés**: Aunque no sea su fuerte, es crucial para cualquier campo de estudio. Podría considerarse tomar clases adicionales de inglés durante su preparación para el exámenes de admisión. También puede considerar optar por carreras donde se requiera menos inglés, como ciencias sociales o ciencias económicas.

3. **Primer año universitario**: En este período,","Ruta educativa sugerida. Primera opción recomendada: SOCIOLOGÍA, con la mayor probabilidad estimada de ingreso (26.8 %). Alternativas: TRABAJO SOCIAL (25.9 %) y CIENCIAS CONTABLES (20.7 %). Tu fortaleza en Comunicación es coherente con estas opciones. Para mejorar tus posibilidades, refuerza Inglés antes del examen. Estas probabilidades son estimaciones orientativas basadas en postulantes con perfiles similares, no una garantía de resultado.","Ruta educativa sugerida. Primera opción recomendada: TRABAJO SOCIAL, con la mayor probabilidad estimada de ingreso (7.1 %). Alternativas: SOCIOLOGÍA (7.1 %) y ADMINISTRACIÓN (5.8 %). Tu fortaleza en Comunicación es coherente con estas opciones. Para mejorar tus posibilidades, refuerza Inglés antes del examen. Estas probabilidades son estimaciones orientativas basadas en postulantes con perfiles similares, no una garantía de resultado."
Perfil del postulante: procede de un colegio público de área urbana (UGEL SAN ROMÁN); promedio de secundaria con desempeño satisfactorio; mayor fortaleza en Ciencia y Tecnología y menor en Inglés; postulaciones anteriores: 0; preparación preuniversitaria: cepreuna; área de interés: biomédicas. Probabilidades estimadas de ingreso: BIOLOGÍA: PESQUERÍA 69.5 %; MEDICINA VETERINARIA Y ZOOTECNIA 60.0 %; BIOLOGÍA: ECOLOGÍA 50.0 %. Genera una ruta educativa personalizada.,"Ruta educativa sugerida. Primera opción recomendada: BIOLOGÍA: PESQUERÍA, con la mayor probabilidad estimada de ingreso (69.5 %). Alternativas: MEDICINA VETERINARIA Y ZOOTECNIA (60.0 %) y BIOLOGÍA: ECOLOGÍA (50.0 %). Tu fortaleza en Ciencia y Tecnología es coherente con estas opciones. Para mejorar tus posibilidades, refuerza Inglés antes del examen. Estas probabilidades son estimaciones orientativas basadas en postulantes con perfiles similares, no una garantía de resultado.","Basándome en el perfil proporcionado, aquí tienes una ruta educativa personalizada para que tu postulante pueda aprovechar al máximo sus posibilidades:

1. **Preparación Académica**:
   - **Matemáticas**: Comienza con los fundamentos matemáticos necesarios para entender conceptos avanzados en ciencias.
   - **Química**: Aprende sobre reacciones químicas, estructura molecular y aplicaciones prácticas.

2. **Inglés**:
   - **Primeros Pasos**: Utiliza recursos como libros de texto, aplicaciones móviles o plataformas online gratuitas para aprender inglés básico.
   - **Intermediario**: Enseñanza práctica en clases extracurriculares o grupos locales.

3. **Biomédica**:
   - **Fundamentos Básicos**: Comience con la biología celular básica, genética y bioquímica.","Ruta educativa sugerida. Primera opción recomendada: BIOLOGÍA: ECOLOGÍA, con la mayor probabilidad estimada de ingreso (17.6 %). Alternativas: BIOLOGÍA: PESQUERÍA (17.6 %) y NUTRICIÓN HUMANA (12.3 %). Tu fortaleza en Ciencia y Tecnología es coherente con estas opciones. Para mejorar tus posibilidades, refuerza Inglés antes del examen. Estas probabilidades son estimaciones orientativas basadas en postulantes con perfiles similares, no una garantía de resultado.","Ruta educativa sugerida. Primera opción recomendada: BIOLOGÍA: PESQUERÍA, con la mayor probabilidad estimada de ingreso (69.5 %). Alternativas: MEDICINA VETERINARIA Y ZOOTECNIA (60.0 %) y BIOLOGÍA: ECOLOGÍA (50.0 %). Tu fortaleza en Ciencia y Tecnología es coherente con estas opciones. Para mejorar tus posibilidades, refuerza Inglés antes del examen. Estas probabilidades son estimaciones orientativas basadas en postulantes con perfiles similares, no una garantía de resultado."
Perfil del postulante: procede de un colegio público de área rural (UGEL SAN ROMÁN); promedio de secundaria con desempeño satisfactorio; mayor fortaleza en Ciencia y Tecnología y menor en Matemática; postulaciones anteriores: 0; preparación preuniversitaria: academia particular; área de interés: sociales. Probabilidades estimadas de ingreso: SOCIOLOGÍA 2.9 %; CIENCIAS CONTABLES 2.4 %; TRABAJO SOCIAL 2.4 %. Genera una ruta educativa personalizada.,"Ruta educativa sugerida. Primera opción recomendada: SOCIOLOGÍA, con la mayor probabilidad estimada de ingreso (2.9 %). Alternativas: CIENCIAS CONTABLES (2.4 %) y TRABAJO SOCIAL (2.4 %). Tu fortaleza en Ciencia y Tecnología es coherente con estas opciones. Para mejorar tus posibilidades, refuerza Matemática antes del examen. Estas probabilidades son estimaciones orientativas basadas en postulantes con perfiles similares, no una garantía de resultado.","Basándome en el perfil proporcionado, puedo generar una ruta educativa para que tu postulante pueda aprovechar sus fortalezas y potencialidades. Aquí te presento algunas sugerencias:

1. **Matemáticas**: Aunque no es su fuerte, puede mejorar su rendimiento matemático si se concentra en ella. Considera tomar clases particulares o buscar tutorías.

2. **Ciencia y Tecnología**: Su fortaleza en esta área podría ser un punto fuerte. Considera optar por carreras relacionadas como ingeniería, ciencias de la computación o ciencias de la salud.

3. **Social Science**: Siempre ha mostrado interés en este campo, considera estudiar psicología, sociología o derecho social. Estos campos pueden ofrecerle oportunidades laborales interesantes.

4. **Preparación Preuniversitaria**: Continúa con tus estudios en la academia particular. Esto","Ruta educativa sugerida. Primera opción recomendada: SOCIOLOGÍA, con la mayor probabilidad estimada de ingreso (17.6 %). Alternativas: TRABAJO SOCIAL (15.2 %) y ADMINISTRACIÓN (13.2 %). Tu fortaleza en Ciencia y Tecnología es coherente con estas opciones. Para mejorar tus posibilidades, refuerza Matemática antes del examen. Estas probabilidades son estimaciones orientativas basadas en postulantes con perfiles similares, no una garantía de resultado.","Ruta educativa sugerida. Primera opción recomendada: SOCIOLOGÍA, con la mayor probabilidad estimada de ingreso (2.9 %). Alternativas: CIENCIAS CONTABLES (2.4 %) y TRABAJO SOCIAL (2.4 %). Tu fortaleza en Ciencia y Tecnología es coherente con estas opciones. Para mejorar tus posibilidades, refuerza Matemática antes del examen. Estas probabilidades son estimaciones orientativas basadas en postulantes con perfiles similares, no una garantía de resultado."
Perfil del postulante: procede de un colegio privado de área urbana (UGEL SAN ROMÁN); promedio de secundaria con desempeño satisfactorio; mayor fortaleza en Matemática y menor en Inglés; postulaciones anteriores: 0; preparación preuniversitaria: academia particular; área de interés: biomédicas. Probabilidades estimadas de ingreso: BIOLOGÍA: ECOLOGÍA 10.5 %; BIOLOGÍA: PESQUERÍA 10.5 %; NUTRICIÓN HUMANA 7.3 %. Genera una ruta educativa personalizada.,"Ruta educativa sugerida. Primera opción recomendada: BIOLOGÍA: ECOLOGÍA, con la mayor probabilidad estimada de ingreso (10.5 %). Alternativas: BIOLOGÍA: PESQUERÍA (10.5 %) y NUTRICIÓN HUMANA (7.3 %). Tu fortaleza en Matemática es coherente con estas opciones. Para mejorar tus posibilidades, refuerza Inglés antes del examen. Estas probabilidades son estimaciones orientativas basadas en postulantes con perfiles similares, no una garantía de resultado.","Basándome en el perfil proporcionado, puedo generar una ruta educativa para que tu postulante tenga más posibilidades de ingresar a la carrera de Biología - Ecoología o Biología - Pesquera en la Universidad Nacional del Altiplano de Puno.

1. **Matemáticas**: 
   - Asegúrate de mantener un buen desempeño en matemáticas durante los primeros años universitarios.
   - Considerar opciones como la Matemática Aplicada o la Física, ya que estas materias pueden complementar tus habilidades en matemáticas.

2. **Inglés**:
   - Siempre mantén un buen nivel de inglés, especialmente si planeas trabajar en áreas relacionadas a la medicina o la biología.
   - Considerar cursos adicionales en inglés, como idiomas avanzados o certificaciones específicas en ciencias médicas.

3. **Biomédica**:","Ruta educativa sugerida. Primera opción recomendada: BIOLOGÍA: ECOLOGÍA, con la mayor probabilidad estimada de ingreso (17.6 %). Alternativas: BIOLOGÍA: PESQUERÍA (17.6 %) y NUTRICIÓN HUMANA (12.3 %). Tu fortaleza en Matemática es coherente con estas opciones. Para mejorar tus posibilidades, refuerza Inglés antes del examen. Estas probabilidades son estimaciones orientativas basadas en postulantes con perfiles similares, no una garantía de resultado.","Ruta educativa sugerida. Primera opción recomendada: BIOLOGÍA: ECOLOGÍA, con la mayor probabilidad estimada de ingreso (10.5 %). Alternativas: BIOLOGÍA: PESQUERÍA (10.5 %) y NUTRICIÓN HUMANA (7.3 %). Tu fortaleza en Matemática es coherente con estas opciones. Para mejorar tus posibilidades, refuerza Inglés antes del examen. Estas probabilidades son estimaciones orientativas basadas en postulantes con perfiles similares, no una garantía de resultado."
Perfil del postulante: procede de un colegio público de área urbana (UGEL PUNO); promedio de secundaria con desempeño satisfactorio; mayor fortaleza en Matemática y menor en Ciencia y Tecnología; postulaciones anteriores: 0; preparación preuniversitaria: cepreuna; área de interés: biomédicas. Probabilidades estimadas de ingreso: BIOLOGÍA: PESQUERÍA 42.2 %; BIOLOGÍA: ECOLOGÍA 31.1 %; ODONTOLOGÍA 30.7 %. Genera una ruta educativa personalizada.,"Ruta educativa sugerida. Primera opción recomendada: BIOLOGÍA: PESQUERÍA, con la mayor probabilidad estimada de ingreso (42.2 %). Alternativas: BIOLOGÍA: ECOLOGÍA (31.1 %) y ODONTOLOGÍA (30.7 %). Tu fortaleza en Matemática es coherente con estas opciones. Para mejorar tus posibilidades, refuerza Ciencia y Tecnología antes del examen. Estas probabilidades son estimaciones orientativas basadas en postulantes con perfiles similares, no una garantía de resultado.","Basándome en el perfil proporcionado, aquí tienes una ruta educativa personalizada para que tu postulante pueda aprovechar al máximo sus posibilidades:

1. **Matemáticas**: 
   - Continuar con matemáticas en la preparatoria.
   - Considerar opciones como ingeniería o ciencias de la computación si es interesante.

2. **Biomédica**:
   - Enseñanza Media: Bioquímica, Biología, Física, Química.
   - Preparación para exámenes universitarios.
   - Posteriormente considerar carreras como medicina, odontología, veterinaria, etc.

3. **Preparación para Exámenes Universitarios**:
   - Estudiar los temas clave de cada carrera.
   - Practicar problemas prácticos relacionados a los temas.
   - Utilizar recursos online y libros de texto especializados.","Ruta educativa sugerida. Primera opción recomendada: BIOLOGÍA: ECOLOGÍA, con la mayor probabilidad estimada de ingreso (17.6 %). Alternativas: BIOLOGÍA: PESQUERÍA (17.6 %) y NUTRICIÓN HUMANA (12.3 %). Tu fortaleza en Matemática es coherente con estas opciones. Para mejorar tus posibilidades, refuerza Ciencia y Tecnología antes del examen. Estas probabilidades son estimaciones orientativas basadas en postulantes con perfiles similares, no una garantía de resultado.","Ruta educativa sugerida. Primera opción recomendada: BIOLOGÍA: PESQUERÍA, con la mayor probabilidad estimada de ingreso (42.2 %). Alternativas: BIOLOGÍA: ECOLOGÍA (31.1 %) y ODONTOLOGÍA (30.7 %). Tu fortaleza en Matemática es coherente con estas opciones. Para mejorar tus posibilidades, refuerza Ciencia y Tecnología antes del examen. Estas probabilidades son estimaciones orientativas basadas en postulantes con perfiles similares, no una garantía de resultado."
Perfil del postulante: procede de un colegio público de área rural (UGEL HUANCANÉ); promedio de secundaria con desempeño satisfactorio; mayor fortaleza en Ciencia y Tecnología y menor en Comunicación; postulaciones anteriores: 4; preparación preuniversitaria: nan; área de interés: ingenierías. Probabilidades estimadas de ingreso: INGENIERÍA AGRONÓMICA 13.2 %; INGENIERÍA GEOLÓGICA 12.3 %; INGENIERÍA TOPOGRÁFICA Y AGRIMENSURA 12.3 %. Genera una ruta educativa personalizada.,"Ruta educativa sugerida. Primera opción recomendada: INGENIERÍA AGRONÓMICA, con la mayor probabilidad estimada de ingreso (13.2 %). Alternativas: INGENIERÍA GEOLÓGICA (12.3 %) y INGENIERÍA TOPOGRÁFICA Y AGRIMENSURA (12.3 %). Tu fortaleza en Ciencia y Tecnología es coherente con estas opciones. Para mejorar tus posibilidades, refuerza Comunicación antes del examen. Estas probabilidades son estimaciones orientativas basadas en postulantes con perfiles similares, no una garantía de resultado.","Basándome en el perfil y las probabilidades proporcionados, aquí tienes una ruta educativa personalizada para que tu postulante pueda aprovechar al máximo sus posibilidades:

1. **Reforzar conocimientos en Ciencias y Tecnología**: 
   - Continuar estudiando matemáticas avanzadas, física, química y ciencias de la vida.
   - Considerar cursos adicionales como informática o ingeniería de software si es posible.

2. **Establecer un plan de estudio**:
   - Utilizar herramientas digitales como aplicaciones de estudio, calendarios y listas de tareas.
   - Realizar revisiones regulares de los conceptos clave.

3. **Practicar habilidades de comunicación**:
   - Participar en talleres de comunicación efectiva o grupos de estudio.
   - Practicar presentaciones y discusiones grupales.

4. **Formación Profesional**:","Ruta educativa sugerida. Primera opción recomendada: INGENIERÍA AGRONÓMICA, con la mayor probabilidad estimada de ingreso (17.6 %). Alternativas: INGENIERÍA GEOLÓGICA (15.2 %) y EDUCACIÓN SECUNDARIA DE LA ESPECIALIDAD DE MATEMÁTICA, FÍSICA, COMPUTACIÓN E INFORMÁTICA (13.2 %). Tu fortaleza en Ciencia y Tecnología es coherente con estas opciones. Para mejorar tus posibilidades, refuerza Comunicación antes del examen. Estas probabilidades son estimaciones orientativas basadas en postulantes con perfiles similares, no una garantía de resultado.","Ruta educativa sugerida. Primera opción recomendada: INGENIERÍA AGRONÓMICA, con la mayor probabilidad estimada de ingreso (13.2 %). Alternativas: INGENIERÍA GEOLÓGICA (12.3 %) y INGENIERÍA TOPOGRÁFICA Y AGRIMENSURA (12.3 %). Tu fortaleza en Ciencia y Tecnología es coherente con estas opciones. Para mejorar tus posibilidades, refuerza Comunicación antes del examen. Estas probabilidades son estimaciones orientativas basadas en postulantes con perfiles similares, no una garantía de resultado."
Perfil del postulante: procede de un colegio público de área urbana (UGEL SAN ROMÁN); promedio de secundaria con desempeño satisfactorio; mayor fortaleza en Comunicación y menor en Matemática; postulaciones anteriores: 0; preparación preuniversitaria: nan; área de interés: sociales. Probabilidades estimadas de ingreso: SOCIOLOGÍA 12.3 %; CIENCIAS CONTABLES 10.5 %; EDUCACIÓN FÍSICA 9.1 %. Genera una ruta educativa personalizada.,"Ruta educativa sugerida. Primera opción recomendada: SOCIOLOGÍA, con la mayor probabilidad estimada de ingreso (12.3 %). Alternativas: CIENCIAS CONTABLES (10.5 %) y EDUCACIÓN FÍSICA (9.1 %). Tu fortaleza en Comunicación es coherente con estas opciones. Para mejorar tus posibilidades, refuerza Matemática antes del examen. Estas probabilidades son estimaciones orientativas basadas en postulantes con perfiles similares, no una garantía de resultado.","Basándome en el perfil proporcionado, aquí tienes una ruta educativa personalizada para que tu postulante pueda aprovechar sus fortalezas y potencial:

1. **Comenzar su educación universitaria**: La UGEL San Román es una opción sólida ya que se trata de una institución pública de nivel medio superior. Siempre es importante comenzar con un buen nivel de formación.

2. **Matemáticas**: Aunque no sea su fuerte, puede considerarse como una segunda o tercera asignatura después de la matemática. Esto le permitirá mejorar su rendimiento general.

3. **Comunicación**: Esta es su fortaleza. Considerando esto, podría optar por carreras donde este aspecto esté centralizado, como Ciencias Sociales o Educación Social.

4. **Educación Física**: Como mencionaste, esta carrera tiene una probabilidad de 9.1% de ingres","Ruta educativa sugerida. Primera opción recomendada: SOCIOLOGÍA, con la mayor probabilidad estimada de ingreso (17.6 %). Alternativas: ADMINISTRACIÓN (13.2 %) y EDUCACIÓN FÍSICA (13.2 %). Tu fortaleza en Comunicación es coherente con estas opciones. Para mejorar tus posibilidades, refuerza Matemática antes del examen. Estas probabilidades son estimaciones orientativas basadas en postulantes con perfiles similares, no una garantía de resultado.","Ruta educativa sugerida. Primera opción recomendada: SOCIOLOGÍA, con la mayor probabilidad estimada de ingreso (12.3 %). Alternativas: CIENCIAS CONTABLES (10.5 %) y EDUCACIÓN FÍSICA (9.1 %). Tu fortaleza en Comunicación es coherente con estas opciones. Para mejorar tus posibilidades, refuerza Matemática antes del examen. Estas probabilidades son estimaciones orientativas basadas en postulantes con perfiles similares, no una garantía de resultado."
Perfil del postulante: procede de un colegio público de área rural (UGEL MELGAR); promedio de secundaria con desempeño en proceso; mayor fortaleza en Ciencias Sociales y menor en Matemática; postulaciones anteriores: 1; preparación preuniversitaria: cepreuna; área de interés: biomédicas. Probabilidades estimadas de ingreso: BIOLOGÍA: PESQUERÍA 3.1 %; BIOLOGÍA: ECOLOGÍA 1.7 %; NUTRICIÓN HUMANA 1.7 %. Genera una ruta educativa personalizada.,"Ruta educativa sugerida. Primera opción recomendada: BIOLOGÍA: PESQUERÍA, con la mayor probabilidad estimada de ingreso (3.1 %). Alternativas: BIOLOGÍA: ECOLOGÍA (1.7 %) y NUTRICIÓN HUMANA (1.7 %). Tu fortaleza en Ciencias Sociales es coherente con estas opciones. Para mejorar tus posibilidades, refuerza Matemática antes del examen. Estas probabilidades son estimaciones orientativas basadas en postulantes con perfiles similares, no una garantía de resultado.","Basándome en el perfil proporcionado, puedo generar una ruta educativa para que tu postulante tenga más posibilidades de ingresar a la carrera de Biomédica en la UNEP.

1. **Preparación Preuniversitaria**: 
   - Continuar con los estudios de preparación preuniversitaria si aún no lo ha hecho.
   - Considerar opciones como ""Cepreuna"" o ""CEPE"", ya que estos programas pueden ofrecer información relevante sobre la carrera de Biomédica.

2. **Matemáticas**:
   - Aunque se considera menos fuerte en matemáticas, es importante seguir estudiando este tema. Podría ser útil revisar conceptos básicos de álgebra y trigonometría.
   - Siempre hay cursos adicionales disponibles en línea o en centros de formación especializados.

3. **Ciencias Sociales**:
   - Mantenerse actualizado","Ruta educativa sugerida. Primera opción recomendada: BIOLOGÍA: ECOLOGÍA, con la mayor probabilidad estimada de ingreso (26.8 %). Alternativas: BIOLOGÍA: PESQUERÍA (26.8 %) y NUTRICIÓN HUMANA (17.6 %). Tu fortaleza en Ciencias Sociales es coherente con estas opciones. Para mejorar tus posibilidades, refuerza Matemática antes del examen. Estas probabilidades son estimaciones orientativas basadas en postulantes con perfiles similares, no una garantía de resultado.","Ruta educativa sugerida. Primera opción recomendada: BIOLOGÍA: PESQUERÍA, con la mayor probabilidad estimada de ingreso (3.1 %). Alternativas: BIOLOGÍA: ECOLOGÍA (1.7 %) y NUTRICIÓN HUMANA (1.7 %). Tu fortaleza en Ciencias Sociales es coherente con estas opciones. Para mejorar tus posibilidades, refuerza Matemática antes del examen. Estas probabilidades son estimaciones orientativas basadas en postulantes con perfiles similares, no una garantía de resultado."
"Perfil del postulante: procede de un colegio público de área urbana (UGEL AZÁNGARO); promedio de secundaria con desempeño satisfactorio; mayor fortaleza en Comunicación y menor en Matemática; postulaciones anteriores: 0; preparación preuniversitaria: cepreuna; área de interés: ingenierías. Probabilidades estimadas de ingreso: EDUCACIÓN SECUNDARIA DE LA ESPECIALIDAD DE MATEMÁTICA, FÍSICA, COMPUTACIÓN E INFORMÁTICA 26.1 %; INGENIERÍA GEOLÓGICA 26.1 %; INGENIERÍA AGRONÓMICA 24.8 %. Genera una ruta educativa personalizada.","Ruta educativa sugerida. Primera opción recomendada: EDUCACIÓN SECUNDARIA DE LA ESPECIALIDAD DE MATEMÁTICA, FÍSICA, COMPUTACIÓN E INFORMÁTICA, con la mayor probabilidad estimada de ingreso (26.1 %). Alternativas: INGENIERÍA GEOLÓGICA (26.1 %) y INGENIERÍA AGRONÓMICA (24.8 %). Tu fortaleza en Comunicación es coherente con estas opciones. Para mejorar tus posibilidades, refuerza Matemática antes del examen. Estas probabilidades son estimaciones orientativas basadas en postulantes con perfiles similares, no una garantía de resultado.","Basándome en el perfil y las probabilidades proporcionados, aquí tienes una ruta educativa personalizada para que tu postulante pueda aprovechar al máximo sus posibilidades:

1. **Comenzar su preparación universitaria**: 
   - **Primera Semana**: Iniciar el curso de Preuniversidad CEPRENA.
   - **Segunda Semana**: Comenzar los estudios de matemáticas básicas.

2. **Matemáticas Básicas**:
   - **Primeros Meses**: Estudiar los primeros temas de álgebra y trigonometría.
   - **Segundos Meses**: Continuar con el estudio de algebra lineal y geometría analítica.

3. **Comunicación y Lenguaje**:
   - **Primeros Meses**: Comenzar a practicar habilidades de escritura y comunicación oral.
   - **Segundos Meses**: Comenz","Ruta educativa sugerida. Primera opción recomendada: INGENIERÍA AGRONÓMICA, con la mayor probabilidad estimada de ingreso (17.6 %). Alternativas: INGENIERÍA GEOLÓGICA (15.2 %) y EDUCACIÓN SECUNDARIA DE LA ESPECIALIDAD DE MATEMÁTICA, FÍSICA, COMPUTACIÓN E INFORMÁTICA (13.2 %). Tu fortaleza en Comunicación es coherente con estas opciones. Para mejorar tus posibilidades, refuerza Matemática antes del examen. Estas probabilidades son estimaciones orientativas basadas en postulantes con perfiles similares, no una garantía de resultado.","Ruta educativa sugerida. Primera opción recomendada: EDUCACIÓN SECUNDARIA DE LA ESPECIALIDAD DE MATEMÁTICA, FÍSICA, COMPUTACIÓN E INFORMÁTICA, con la mayor probabilidad estimada de ingreso (26.1 %). Alternativas: INGENIERÍA GEOLÓGICA (26.1 %) y INGENIERÍA AGRONÓMICA (24.8 %). Tu fortaleza en Comunicación es coherente con estas opciones. Para mejorar tus posibilidades, refuerza Matemática antes del examen. Estas probabilidades son estimaciones orientativas basadas en postulantes con perfiles similares, no una garantía de resultado."
Perfil del postulante: procede de un colegio público de área rural (UGEL SAN ROMÁN); promedio de secundaria con desempeño satisfactorio; mayor fortaleza en Ciencias Sociales y menor en Matemática; postulaciones anteriores: 0; preparación preuniversitaria: nan; área de interés: ingenierías. Probabilidades estimadas de ingreso: INGENIERÍA TOPOGRÁFICA Y AGRIMENSURA 9.2 %; INGENIERÍA AGRONÓMICA 8.9 %; INGENIERÍA MECÁNICA ELÉCTRICA 7.1 %. Genera una ruta educativa personalizada.,"Ruta educativa sugerida. Primera opción recomendada: INGENIERÍA TOPOGRÁFICA Y AGRIMENSURA, con la mayor probabilidad estimada de ingreso (9.2 %). Alternativas: INGENIERÍA AGRONÓMICA (8.9 %) y INGENIERÍA MECÁNICA ELÉCTRICA (7.1 %). Tu fortaleza en Ciencias Sociales es coherente con estas opciones. Para mejorar tus posibilidades, refuerza Matemática antes del examen. Estas probabilidades son estimaciones orientativas basadas en postulantes con perfiles similares, no una garantía de resultado.","Basándome en el perfil proporcionado, aquí tienes una ruta educativa personalizada para que tu postulante pueda tener más posibilidades de ingresar a las carreras elegidas:

1. **Primera Semana**: 
   - **Matemáticas**:
     - **Clases adicionales**: Siempre es bueno revisar matemáticas después de clases.
     - **Pruebas de rendimiento**: Prueba tus conocimientos matemáticos antes de entrar al instituto.

2. **Segunda Semana**:
   - **Ciencias Sociales**:
     - **Libros adicionales**: Leer libros sobre ciencia política o economía puede ser útil.
     - **Proyectos prácticos**: Realizar proyectos prácticos relacionados con los temas de ciencias sociales.

3. **Tercera Semana**:
   - **Ingeniería Topográfica y Agrimensura**:
     - **Laboratorio de geografía**: Pract","Ruta educativa sugerida. Primera opción recomendada: INGENIERÍA AGRONÓMICA, con la mayor probabilidad estimada de ingreso (17.6 %). Alternativas: INGENIERÍA GEOLÓGICA (15.2 %) y EDUCACIÓN SECUNDARIA DE LA ESPECIALIDAD DE MATEMÁTICA, FÍSICA, COMPUTACIÓN E INFORMÁTICA (13.2 %). Tu fortaleza en Ciencias Sociales es coherente con estas opciones. Para mejorar tus posibilidades, refuerza Matemática antes del examen. Estas probabilidades son estimaciones orientativas basadas en postulantes con perfiles similares, no una garantía de resultado.","Ruta educativa sugerida. Primera opción recomendada: INGENIERÍA TOPOGRÁFICA Y AGRIMENSURA, con la mayor probabilidad estimada de ingreso (9.2 %). Alternativas: INGENIERÍA AGRONÓMICA (8.9 %) y INGENIERÍA MECÁNICA ELÉCTRICA (7.1 %). Tu fortaleza en Ciencias Sociales es coherente con estas opciones. Para mejorar tus posibilidades, refuerza Matemática antes del examen. Estas probabilidades son estimaciones orientativas basadas en postulantes con perfiles similares, no una garantía de resultado."
Perfil del postulante: procede de un colegio público de área urbana (UGEL SAN ROMÁN); promedio de secundaria con desempeño satisfactorio; mayor fortaleza en Ciencias Sociales y menor en Ciencia y Tecnología; postulaciones anteriores: 1; preparación preuniversitaria: cepreuna; área de interés: ingenierías. Probabilidades estimadas de ingreso: INGENIERÍA AGRONÓMICA 36.7 %; INGENIERÍA GEOLÓGICA 36.7 %; INGENIERÍA TOPOGRÁFICA Y AGRIMENSURA 35.3 %. Genera una ruta educativa personalizada.,"Ruta educativa sugerida. Primera opción recomendada: INGENIERÍA AGRONÓMICA, con la mayor probabilidad estimada de ingreso (36.7 %). Alternativas: INGENIERÍA GEOLÓGICA (36.7 %) y INGENIERÍA TOPOGRÁFICA Y AGRIMENSURA (35.3 %). Tu fortaleza en Ciencias Sociales es coherente con estas opciones. Para mejorar tus posibilidades, refuerza Ciencia y Tecnología antes del examen. Estas probabilidades son estimaciones orientativas basadas en postulantes con perfiles similares, no una garantía de resultado.","Basándome en el perfil y las probabilidades proporcionados, aquí tienes una ruta educativa personalizada para que tu postulante pueda aprovechar al máximo sus posibilidades:

1. **Reforzar conocimientos en Ciencias Sociales**: 
   - Continuar con los estudios en Secundario.
   - Considerar opciones como Ingeniería Agronómica o Geológica si es posible.

2. **Incorporar Ciencias Naturales**:
   - Si aún no ha elegido entre Ingeniería Agronómica o Geológica, considerar ciencias naturales como Biología o Química puede ser beneficioso.
   - La preparación previa en Cepreuna podría ayudar en este sentido.

3. **Formación Profesional**:
   - Posteriormente, considerar un curso profesional en áreas relacionadas a su interés inicial (ing. agrónoma o geóloga).
   - Esto","Ruta educativa sugerida. Primera opción recomendada: INGENIERÍA AGRONÓMICA, con la mayor probabilidad estimada de ingreso (26.8 %). Alternativas: INGENIERÍA GEOLÓGICA (25.9 %) y EDUCACIÓN SECUNDARIA DE LA ESPECIALIDAD DE MATEMÁTICA, FÍSICA, COMPUTACIÓN E INFORMÁTICA (23.4 %). Tu fortaleza en Ciencias Sociales es coherente con estas opciones. Para mejorar tus posibilidades, refuerza Ciencia y Tecnología antes del examen. Estas probabilidades son estimaciones orientativas basadas en postulantes con perfiles similares, no una garantía de resultado.","Ruta educativa sugerida. Primera opción recomendada: INGENIERÍA AGRONÓMICA, con la mayor probabilidad estimada de ingreso (36.7 %). Alternativas: INGENIERÍA GEOLÓGICA (36.7 %) y INGENIERÍA TOPOGRÁFICA Y AGRIMENSURA (35.3 %). Tu fortaleza en Ciencias Sociales es coherente con estas opciones. Para mejorar tus posibilidades, refuerza Ciencia y Tecnología antes del examen. Estas probabilidades son estimaciones orientativas basadas en postulantes con perfiles similares, no una garantía de resultado."
Perfil del postulante: procede de un colegio público de área urbana (UGEL PUNO); promedio de secundaria con desempeño satisfactorio; mayor fortaleza en Matemática y menor en Comunicación; postulaciones anteriores: 0; preparación preuniversitaria: cepreuna previo; área de interés: sociales. Probabilidades estimadas de ingreso: SOCIOLOGÍA 17.6 %; TRABAJO SOCIAL 15.2 %; ADMINISTRACIÓN 13.2 %. Genera una ruta educativa personalizada.,"Ruta educativa sugerida. Primera opción recomendada: SOCIOLOGÍA, con la mayor probabilidad estimada de ingreso (17.6 %). Alternativas: TRABAJO SOCIAL (15.2 %) y ADMINISTRACIÓN (13.2 %). Tu fortaleza en Matemática es coherente con estas opciones. Para mejorar tus posibilidades, refuerza Comunicación antes del examen. Estas probabilidades son estimaciones orientativas basadas en postulantes con perfiles similares, no una garantía de resultado.","Basándome en el perfil proporcionado, aquí tienes una ruta educativa personalizada para que tu postulante pueda aprovechar sus fortalezas y potencial:

1. **Matemáticas**: 
   - Continuar con matemáticas en la universidad.
   - Considerar carreras como Economía, Ciencias Sociales o Administración donde se utilizan técnicas matemáticas.
   - Siempre tener un buen nivel en matemáticas.

2. **Comunicación**:
   - Enseñanza Media: Se puede considerar una carrera en Educación Básica o Pedagogía.
   - Postgrado en Comunicación Social o Psicología Social si es interesado en este campo.

3. **Social Science**:
   - Trabajo Social: Esta opción tiene un alto porcentaje de posibilidades debido a su fuerte fortaleza en Matemáticas.
   - Otra opción sería la Sociología, aunque no alcanza","Ruta educativa sugerida. Primera opción recomendada: SOCIOLOGÍA, con la mayor probabilidad estimada de ingreso (17.6 %). Alternativas: TRABAJO SOCIAL (15.2 %) y CIENCIAS CONTABLES (13.2 %). Tu fortaleza en Matemática es coherente con estas opciones. Para mejorar tus posibilidades, refuerza Comunicación antes del examen. Estas probabilidades son estimaciones orientativas basadas en postulantes con perfiles similares, no una garantía de resultado.","Ruta educativa sugerida. Primera opción recomendada: SOCIOLOGÍA, con la mayor probabilidad estimada de ingreso (17.6 %). Alternativas: TRABAJO SOCIAL (15.2 %) y ADMINISTRACIÓN (13.2 %). Tu fortaleza en Matemática es coherente con estas opciones. Para mejorar tus posibilidades, refuerza Comunicación antes del examen. Estas probabilidades son estimaciones orientativas basadas en postulantes con perfiles similares, no una garantía de resultado."
Perfil del postulante: procede de un colegio público de área urbana (UGEL EL COLLAO); promedio de secundaria con desempeño satisfactorio; mayor fortaleza en Comunicación y menor en Matemática; postulaciones anteriores: 0; preparación preuniversitaria: autoestudio; área de interés: ingenierías. Probabilidades estimadas de ingreso: INGENIERÍA AGRONÓMICA 7.3 %; INGENIERÍA TOPOGRÁFICA Y AGRIMENSURA 7.3 %; INGENIERÍA ECONÓMICA 5.8 %. Genera una ruta educativa personalizada.,"Ruta educativa sugerida. Primera opción recomendada: INGENIERÍA AGRONÓMICA, con la mayor probabilidad estimada de ingreso (7.3 %). Alternativas: INGENIERÍA TOPOGRÁFICA Y AGRIMENSURA (7.3 %) y INGENIERÍA ECONÓMICA (5.8 %). Tu fortaleza en Comunicación es coherente con estas opciones. Para mejorar tus posibilidades, refuerza Matemática antes del examen. Estas probabilidades son estimaciones orientativas basadas en postulantes con perfiles similares, no una garantía de resultado.","Basándome en el perfil proporcionado, aquí tienes una ruta educativa personalizada para que tu postulante pueda tener más posibilidades de ingresar a las carreras elegidas:

1. **Comenzar la Preparación Académica**: 
   - **Primera Semana**: Iniciar el curso de matemáticas básicas.
   - **Segunda Semana**: Comenzar el curso de inglés o cualquier otro idioma requerido por las carreras seleccionadas.

2. **Matemáticas**:
   - **Tercera Semana**: Continuar con los temas de algebra y trigonometría.
   - **Cuarta Semana**: Comenzar con cálculo diferencial e integral.

3. **Comunicación**:
   - **Quinta Semana**: Comenzar con la gramática básica.
   - **Sexta Semana**: Comenzar con la redacción formal.

4. **Ingles**","Ruta educativa sugerida. Primera opción recomendada: INGENIERÍA AGRONÓMICA, con la mayor probabilidad estimada de ingreso (17.6 %). Alternativas: INGENIERÍA GEOLÓGICA (15.2 %) y EDUCACIÓN SECUNDARIA DE LA ESPECIALIDAD DE MATEMÁTICA, FÍSICA, COMPUTACIÓN E INFORMÁTICA (13.2 %). Tu fortaleza en Comunicación es coherente con estas opciones. Para mejorar tus posibilidades, refuerza Matemática antes del examen. Estas probabilidades son estimaciones orientativas basadas en postulantes con perfiles similares, no una garantía de resultado.","Ruta educativa sugerida. Primera opción recomendada: INGENIERÍA AGRONÓMICA, con la mayor probabilidad estimada de ingreso (7.3 %). Alternativas: INGENIERÍA TOPOGRÁFICA Y AGRIMENSURA (7.3 %) y INGENIERÍA ECONÓMICA (5.8 %). Tu fortaleza en Comunicación es coherente con estas opciones. Para mejorar tus posibilidades, refuerza Matemática antes del examen. Estas probabilidades son estimaciones orientativas basadas en postulantes con perfiles similares, no una garantía de resultado."
Perfil del postulante: procede de un colegio público de área urbana (UGEL PUNO); promedio de secundaria con desempeño satisfactorio; mayor fortaleza en Ciencias Sociales y menor en Inglés; postulaciones anteriores: 0; preparación preuniversitaria: cepreuna previo; área de interés: biomédicas. Probabilidades estimadas de ingreso: BIOLOGÍA: PESQUERÍA 12.3 %; BIOLOGÍA: ECOLOGÍA 8.9 %; BIOLOGÍA: MICROBIOLOGÍA Y LABORATORIO CLÍNICO 5.8 %. Genera una ruta educativa personalizada.,"Ruta educativa sugerida. Primera opción recomendada: BIOLOGÍA: PESQUERÍA, con la mayor probabilidad estimada de ingreso (12.3 %). Alternativas: BIOLOGÍA: ECOLOGÍA (8.9 %) y BIOLOGÍA: MICROBIOLOGÍA Y LABORATORIO CLÍNICO (5.8 %). Tu fortaleza en Ciencias Sociales es coherente con estas opciones. Para mejorar tus posibilidades, refuerza Inglés antes del examen. Estas probabilidades son estimaciones orientativas basadas en postulantes con perfiles similares, no una garantía de resultado.","Basándome en el perfil proporcionado, aquí tienes una ruta educativa personalizada para que tu postulante pueda tener más posibilidades de ingresar a la carrera de Biología:

1. **Preparación Académica**:
   - **Primera Semana**: Comienza con los fundamentos de la biología básica.
   - **Segunda Semana**: Enseñanza de la estructura molecular de los organismos.
   - **Tercera Semana**: Introducción al estudio de la genética básica.

2. **Primer Ano**:
   - **Semana 4**: Continúa con la genética, incluyendo estudios sobre enfermedades hereditarias.
   - **Semana 5**: Se inicia el estudio de la bioquímica básica.
   - **Semana 6**: Comienza el estudio de la química orgánica.

3. **Segundo Ano**:
   -","Ruta educativa sugerida. Primera opción recomendada: BIOLOGÍA: PESQUERÍA, con la mayor probabilidad estimada de ingreso (17.6 %). Alternativas: BIOLOGÍA: ECOLOGÍA (13.2 %) y MEDICINA VETERINARIA Y ZOOTECNIA (8.9 %). Tu fortaleza en Ciencias Sociales es coherente con estas opciones. Para mejorar tus posibilidades, refuerza Inglés antes del examen. Estas probabilidades son estimaciones orientativas basadas en postulantes con perfiles similares, no una garantía de resultado.","Ruta educativa sugerida. Primera opción recomendada: BIOLOGÍA: PESQUERÍA, con la mayor probabilidad estimada de ingreso (12.3 %). Alternativas: BIOLOGÍA: ECOLOGÍA (8.9 %) y BIOLOGÍA: MICROBIOLOGÍA Y LABORATORIO CLÍNICO (5.8 %). Tu fortaleza en Ciencias Sociales es coherente con estas opciones. Para mejorar tus posibilidades, refuerza Inglés antes del examen. Estas probabilidades son estimaciones orientativas basadas en postulantes con perfiles similares, no una garantía de resultado."
Perfil del postulante: procede de un colegio público de área urbana (UGEL EL COLLAO); promedio de secundaria con desempeño satisfactorio; mayor fortaleza en Comunicación y menor en Inglés; postulaciones anteriores: 0; preparación preuniversitaria: cepreuna; área de interés: sociales. Probabilidades estimadas de ingreso: TRABAJO SOCIAL 46.3 %; SOCIOLOGÍA 46.3 %; ADMINISTRACIÓN 42.2 %. Genera una ruta educativa personalizada.,"Ruta educativa sugerida. Primera opción recomendada: TRABAJO SOCIAL, con la mayor probabilidad estimada de ingreso (46.3 %). Alternativas: SOCIOLOGÍA (46.3 %) y ADMINISTRACIÓN (42.2 %). Tu fortaleza en Comunicación es coherente con estas opciones. Para mejorar tus posibilidades, refuerza Inglés antes del examen. Estas probabilidades son estimaciones orientativas basadas en postulantes con perfiles similares, no una garantía de resultado.","Basándome en el perfil proporcionado, aquí tienes una ruta educativa personalizada para que tu postulante pueda aprovechar sus fortalezas y potencial:

1. **Comenzar su educación universitaria**: Considerando que ya ha realizado la preparación preuniversitaria CEPRENA, es probable que tenga cierto nivel de inglés básico. Para empezar, podrías sugerirle que se dirija a una carrera o programa de grado en Trabajo Social.

2. **Inglés avanzado**: Aunque el postulante tiene una fortaleza en la comunicación, podría considerarse para una carrera en Administración o SocioLOGía, donde aprenderá inglés más avanzado. 

3. **Formación en Comunicación**: Siempre manteniendo en mente su fortaleza en esta materia, también podría considerarse para carreras como Psicología o Educación, donde aprenderá sobre comunicación social y interpersonal.

4. **C","Ruta educativa sugerida. Primera opción recomendada: SOCIOLOGÍA, con la mayor probabilidad estimada de ingreso (17.6 %). Alternativas: TRABAJO SOCIAL (15.2 %) y CIENCIAS CONTABLES (13.2 %). Tu fortaleza en Comunicación es coherente con estas opciones. Para mejorar tus posibilidades, refuerza Inglés antes del examen. Estas probabilidades son estimaciones orientativas basadas en postulantes con perfiles similares, no una garantía de resultado.","Ruta educativa sugerida. Primera opción recomendada: TRABAJO SOCIAL, con la mayor probabilidad estimada de ingreso (46.3 %). Alternativas: SOCIOLOGÍA (46.3 %) y ADMINISTRACIÓN (42.2 %). Tu fortaleza en Comunicación es coherente con estas opciones. Para mejorar tus posibilidades, refuerza Inglés antes del examen. Estas probabilidades son estimaciones orientativas basadas en postulantes con perfiles similares, no una garantía de resultado."
Perfil del postulante: procede de un colegio público de área urbana (UGEL PUNO); promedio de secundaria con desempeño satisfactorio; mayor fortaleza en Comunicación y menor en Matemática; postulaciones anteriores: 3; preparación preuniversitaria: academia particular; área de interés: ingenierías. Probabilidades estimadas de ingreso: INGENIERÍA AGRONÓMICA 16.6 %; INGENIERÍA GEOLÓGICA 13.2 %; INGENIERÍA TOPOGRÁFICA Y AGRIMENSURA 13.2 %. Genera una ruta educativa personalizada.,"Ruta educativa sugerida. Primera opción recomendada: INGENIERÍA AGRONÓMICA, con la mayor probabilidad estimada de ingreso (16.6 %). Alternativas: INGENIERÍA GEOLÓGICA (13.2 %) y INGENIERÍA TOPOGRÁFICA Y AGRIMENSURA (13.2 %). Tu fortaleza en Comunicación es coherente con estas opciones. Para mejorar tus posibilidades, refuerza Matemática antes del examen. Estas probabilidades son estimaciones orientativas basadas en postulantes con perfiles similares, no una garantía de resultado.","Basándome en el perfil y las probabilidades proporcionados, aquí tienes una ruta educativa personalizada para que tu postulante pueda aprovechar al máximo sus posibilidades:

1. **Reforzar los aspectos fuertes**: 
   - La mayor fortaleza es en Comunicación. Considera formar parte de clubes o grupos de estudio donde puedas compartir tus conocimientos sobre este tema.
   - En Matemáticas, aunque hayas tenido desempeño satisfactorio, considera tomar cursos adicionales si aún no has alcanzado niveles más avanzados.

2. **Prepararse para la matemática**:
   - Si aún no has superado bien esta materia, considera tomar clases particulares o buscar tutoría en línea.
   - También puedes revisar libros de texto y material complementario para mejorar tus habilidades.

3. **Formación en Comunicación**:
   - Considera participar en","Ruta educativa sugerida. Primera opción recomendada: INGENIERÍA AGRONÓMICA, con la mayor probabilidad estimada de ingreso (17.6 %). Alternativas: INGENIERÍA GEOLÓGICA (15.2 %) y EDUCACIÓN SECUNDARIA DE LA ESPECIALIDAD DE MATEMÁTICA, FÍSICA, COMPUTACIÓN E INFORMÁTICA (13.2 %). Tu fortaleza en Comunicación es coherente con estas opciones. Para mejorar tus posibilidades, refuerza Matemática antes del examen. Estas probabilidades son estimaciones orientativas basadas en postulantes con perfiles similares, no una garantía de resultado.","Ruta educativa sugerida. Primera opción recomendada: INGENIERÍA AGRONÓMICA, con la mayor probabilidad estimada de ingreso (16.6 %). Alternativas: INGENIERÍA GEOLÓGICA (13.2 %) y INGENIERÍA TOPOGRÁFICA Y AGRIMENSURA (13.2 %). Tu fortaleza en Comunicación es coherente con estas opciones. Para mejorar tus posibilidades, refuerza Matemática antes del examen. Estas probabilidades son estimaciones orientativas basadas en postulantes con perfiles similares, no una garantía de resultado."
Perfil del postulante: procede de un colegio público de área urbana (UGEL PUNO); promedio de secundaria con desempeño satisfactorio; mayor fortaleza en Ciencias Sociales y menor en Matemática; postulaciones anteriores: 0; preparación preuniversitaria: autoestudio; área de interés: biomédicas. Probabilidades estimadas de ingreso: BIOLOGÍA: PESQUERÍA 12.3 %; BIOLOGÍA: ECOLOGÍA 9.2 %; BIOLOGÍA: MICROBIOLOGÍA Y LABORATORIO CLÍNICO 5.8 %. Genera una ruta educativa personalizada.,"Ruta educativa sugerida. Primera opción recomendada: BIOLOGÍA: PESQUERÍA, con la mayor probabilidad estimada de ingreso (12.3 %). Alternativas: BIOLOGÍA: ECOLOGÍA (9.2 %) y BIOLOGÍA: MICROBIOLOGÍA Y LABORATORIO CLÍNICO (5.8 %). Tu fortaleza en Ciencias Sociales es coherente con estas opciones. Para mejorar tus posibilidades, refuerza Matemática antes del examen. Estas probabilidades son estimaciones orientativas basadas en postulantes con perfiles similares, no una garantía de resultado.","Basándome en el perfil proporcionado, aquí tienes una ruta educativa personalizada para que tu postulante pueda aprovechar sus fortalezas y potencial:

1. **Primera Semana**: 
   - **Matemáticas**: Comienza con los fundamentos matemáticos básicos. Utiliza recursos como libros de texto, tutoriales en línea o aplicaciones educativas.
   - **Ciencias Sociales**: Aprende sobre temas relacionados a su área de interés (biomédica) utilizando libros de texto, videos explicativos y sitios web de información científica.

2. **Segunda Semana**:
   - **Biología**: Comience con materias básicas como química y física. Utilice recursos como libros de texto, tutoriales en línea y simuladores virtuales de experimentos.
   - **Laboratorio Clínico**: Siempre se puede aprender algo nuevo. Considera participar en talleres o semin","Ruta educativa sugerida. Primera opción recomendada: BIOLOGÍA: ECOLOGÍA, con la mayor probabilidad estimada de ingreso (17.6 %). Alternativas: BIOLOGÍA: PESQUERÍA (17.6 %) y NUTRICIÓN HUMANA (12.3 %). Tu fortaleza en Ciencias Sociales es coherente con estas opciones. Para mejorar tus posibilidades, refuerza Matemática antes del examen. Estas probabilidades son estimaciones orientativas basadas en postulantes con perfiles similares, no una garantía de resultado.","Ruta educativa sugerida. Primera opción recomendada: BIOLOGÍA: PESQUERÍA, con la mayor probabilidad estimada de ingreso (12.3 %). Alternativas: BIOLOGÍA: ECOLOGÍA (9.2 %) y BIOLOGÍA: MICROBIOLOGÍA Y LABORATORIO CLÍNICO (5.8 %). Tu fortaleza en Ciencias Sociales es coherente con estas opciones. Para mejorar tus posibilidades, refuerza Matemática antes del examen. Estas probabilidades son estimaciones orientativas basadas en postulantes con perfiles similares, no una garantía de resultado."
Perfil del postulante: procede de un colegio público de área urbana (UGEL SAN ROMÁN); promedio de secundaria con desempeño satisfactorio; mayor fortaleza en Ciencias Sociales y menor en Inglés; postulaciones anteriores: 0; preparación preuniversitaria: cepreuna; área de interés: sociales. Probabilidades estimadas de ingreso: SOCIOLOGÍA 31.1 %; TRABAJO SOCIAL 30.7 %; CIENCIAS CONTABLES 26.8 %. Genera una ruta educativa personalizada.,"Ruta educativa sugerida. Primera opción recomendada: SOCIOLOGÍA, con la mayor probabilidad estimada de ingreso (31.1 %). Alternativas: TRABAJO SOCIAL (30.7 %) y CIENCIAS CONTABLES (26.8 %). Tu fortaleza en Ciencias Sociales es coherente con estas opciones. Para mejorar tus posibilidades, refuerza Inglés antes del examen. Estas probabilidades son estimaciones orientativas basadas en postulantes con perfiles similares, no una garantía de resultado.","Basándome en el perfil proporcionado, puedo generar una ruta educativa para que tu postulante pueda aprovechar sus fortalezas y potencialidades. Aquí te presento algunas sugerencias:

1. **Iniciales**: Comienza con los cursos básicos de inglés para mejorar su habilidad en este idioma. La opción más probable es la carrera de Trabajo Social, ya que cuenta con un porcentaje alto de posibilidades de ingreso.

2. **Segunda Semana**: Después de dominar el inglés, puedes considerar cursar ciencia económica o contable. Ambos campos tienen un porcentaje significativo de posibilidades de ingreso.

3. **Tercera Semana**: Si aún no has elegido entre las dos carreras antes mencionadas, podrías considerar la carrera de Trabajo Social. Esta opción tiene un porcentaje medio de posibilidades de ingreso.

4. **Cuarta Semana**: Final","Ruta educativa sugerida. Primera opción recomendada: SOCIOLOGÍA, con la mayor probabilidad estimada de ingreso (17.6 %). Alternativas: TRABAJO SOCIAL (15.2 %) y ADMINISTRACIÓN (13.2 %). Tu fortaleza en Ciencias Sociales es coherente con estas opciones. Para mejorar tus posibilidades, refuerza Inglés antes del examen. Estas probabilidades son estimaciones orientativas basadas en postulantes con perfiles similares, no una garantía de resultado.","Ruta educativa sugerida. Primera opción recomendada: SOCIOLOGÍA, con la mayor probabilidad estimada de ingreso (31.1 %). Alternativas: TRABAJO SOCIAL (30.7 %) y CIENCIAS CONTABLES (26.8 %). Tu fortaleza en Ciencias Sociales es coherente con estas opciones. Para mejorar tus posibilidades, refuerza Inglés antes del examen. Estas probabilidades son estimaciones orientativas basadas en postulantes con perfiles similares, no una garantía de resultado."
Perfil del postulante: procede de un colegio privado de área urbana (UGEL SAN ROMÁN); promedio de secundaria con desempeño satisfactorio; mayor fortaleza en Matemática y menor en Ciencia y Tecnología; postulaciones anteriores: 0; preparación preuniversitaria: autoestudio; área de interés: ingenierías. Probabilidades estimadas de ingreso: INGENIERÍA TOPOGRÁFICA Y AGRIMENSURA 13.2 %; INGENIERÍA AGRONÓMICA 12.3 %; INGENIERÍA MECÁNICA ELÉCTRICA 12.3 %. Genera una ruta educativa personalizada.,"Ruta educativa sugerida. Primera opción recomendada: INGENIERÍA TOPOGRÁFICA Y AGRIMENSURA, con la mayor probabilidad estimada de ingreso (13.2 %). Alternativas: INGENIERÍA AGRONÓMICA (12.3 %) y INGENIERÍA MECÁNICA ELÉCTRICA (12.3 %). Tu fortaleza en Matemática es coherente con estas opciones. Para mejorar tus posibilidades, refuerza Ciencia y Tecnología antes del examen. Estas probabilidades son estimaciones orientativas basadas en postulantes con perfiles similares, no una garantía de resultado.","Basándome en el perfil y las probabilidades proporcionados, aquí tienes una ruta educativa personalizada para que tu postulante pueda tener más posibilidades de ingresar a las carreras elegidas:

1. **Matemáticas**: Comienza con los cursos básicos de matemáticas en secundario. Siempre es importante tener una sólida base en este campo antes de avanzar a otras disciplinas.

2. **Ciencias Naturales**: Después de haber dominado bien las matemáticas, puedes enfocarte en ciencias naturales como química o física. Estas materias son fundamentales para futuras carreras en ingeniería.

3. **Ingles**: Es importante tener buenos conocimientos de inglés ya que muchas universidades requieren esta habilidad. Inicia con libros de gramática básica y luego haz uso de aplicaciones de aprendizaje en línea.

4. **Preparación Preuniversitaria**: Contin","Ruta educativa sugerida. Primera opción recomendada: INGENIERÍA AGRONÓMICA, con la mayor probabilidad estimada de ingreso (17.6 %). Alternativas: INGENIERÍA GEOLÓGICA (15.2 %) y EDUCACIÓN SECUNDARIA DE LA ESPECIALIDAD DE MATEMÁTICA, FÍSICA, COMPUTACIÓN E INFORMÁTICA (13.2 %). Tu fortaleza en Matemática es coherente con estas opciones. Para mejorar tus posibilidades, refuerza Ciencia y Tecnología antes del examen. Estas probabilidades son estimaciones orientativas basadas en postulantes con perfiles similares, no una garantía de resultado.","Ruta educativa sugerida. Primera opción recomendada: INGENIERÍA TOPOGRÁFICA Y AGRIMENSURA, con la mayor probabilidad estimada de ingreso (13.2 %). Alternativas: INGENIERÍA AGRONÓMICA (12.3 %) y INGENIERÍA MECÁNICA ELÉCTRICA (12.3 %). Tu fortaleza en Matemática es coherente con estas opciones. Para mejorar tus posibilidades, refuerza Ciencia y Tecnología antes del examen. Estas probabilidades son estimaciones orientativas basadas en postulantes con perfiles similares, no una garantía de resultado."
Perfil del postulante: procede de un colegio privado de área urbana (UGEL SAN ROMÁN); promedio de secundaria con desempeño satisfactorio; mayor fortaleza en Comunicación y menor en Ciencia y Tecnología; postulaciones anteriores: 0; preparación preuniversitaria: cepreuna previo; área de interés: sociales. Probabilidades estimadas de ingreso: TRABAJO SOCIAL 17.6 %; SOCIOLOGÍA 17.6 %; ADMINISTRACIÓN 13.2 %. Genera una ruta educativa personalizada.,"Ruta educativa sugerida. Primera opción recomendada: TRABAJO SOCIAL, con la mayor probabilidad estimada de ingreso (17.6 %). Alternativas: SOCIOLOGÍA (17.6 %) y ADMINISTRACIÓN (13.2 %). Tu fortaleza en Comunicación es coherente con estas opciones. Para mejorar tus posibilidades, refuerza Ciencia y Tecnología antes del examen. Estas probabilidades son estimaciones orientativas basadas en postulantes con perfiles similares, no una garantía de resultado.","Basándome en el perfil proporcionado, aquí tienes una ruta educativa personalizada para que tu postulante pueda aprovechar sus fortalezas y potencial:

1. **Primera Semana Académica**: 
   - **Comunicación Social**: Inicia con cursos de comunicación social o relaciones públicas. Esto ayudará a desarrollar habilidades importantes en este área.
   - **Tecnología Social**: Aprende sobre herramientas digitales y redes sociales relevantes para su campo de estudio.

2. **Segunda Semana Académica**:
   - **Ciencias Sociales**: Comienza con materias como historia, geografía o economía. Estudiará temas relacionados con los problemas sociales y políticos.
   - **Inglés**: Si aún no ha tomado clases de inglés, inicia con niveles básicos de conversación.

3. **Tercera Semana Académica**:
   - **Matem","Ruta educativa sugerida. Primera opción recomendada: SOCIOLOGÍA, con la mayor probabilidad estimada de ingreso (17.6 %). Alternativas: TRABAJO SOCIAL (13.2 %) y CIENCIAS CONTABLES (12.3 %). Tu fortaleza en Comunicación es coherente con estas opciones. Para mejorar tus posibilidades, refuerza Ciencia y Tecnología antes del examen. Estas probabilidades son estimaciones orientativas basadas en postulantes con perfiles similares, no una garantía de resultado.","Ruta educativa sugerida. Primera opción recomendada: TRABAJO SOCIAL, con la mayor probabilidad estimada de ingreso (17.6 %). Alternativas: SOCIOLOGÍA (17.6 %) y ADMINISTRACIÓN (13.2 %). Tu fortaleza en Comunicación es coherente con estas opciones. Para mejorar tus posibilidades, refuerza Ciencia y Tecnología antes del examen. Estas probabilidades son estimaciones orientativas basadas en postulantes con perfiles similares, no una garantía de resultado."
Perfil del postulante: procede de un colegio público de área urbana (UGEL PUNO); promedio de secundaria con desempeño satisfactorio; mayor fortaleza en Matemática y menor en Comunicación; postulaciones anteriores: 0; preparación preuniversitaria: academia particular; área de interés: ingenierías. Probabilidades estimadas de ingreso: INGENIERÍA TOPOGRÁFICA Y AGRIMENSURA 30.7 %; INGENIERÍA MECÁNICA ELÉCTRICA 30.7 %; INGENIERÍA AGRONÓMICA 29.1 %. Genera una ruta educativa personalizada.,"Ruta educativa sugerida. Primera opción recomendada: INGENIERÍA TOPOGRÁFICA Y AGRIMENSURA, con la mayor probabilidad estimada de ingreso (30.7 %). Alternativas: INGENIERÍA MECÁNICA ELÉCTRICA (30.7 %) y INGENIERÍA AGRONÓMICA (29.1 %). Tu fortaleza en Matemática es coherente con estas opciones. Para mejorar tus posibilidades, refuerza Comunicación antes del examen. Estas probabilidades son estimaciones orientativas basadas en postulantes con perfiles similares, no una garantía de resultado.","Basándome en el perfil y las probabilidades proporcionados, aquí tienes una ruta educativa personalizada para que tu postulante pueda tener más posibilidades de ingresar a las carreras elegidas:

1. **Matemáticas**: 
   - Continuar tus estudios en matemáticas en secundario.
   - Considerar opciones como matemáticas aplicadas o física, ya que estas materias son fundamentales para muchas carreras técnicas.

2. **Comunicación**:
   - Siempre es importante, pero considera si puedes mejorar en este campo. Podría ser útil en áreas donde se requiera comunicación verbal o escrita, como ingeniería agronómica o ingeniería mecánica eléctrica.

3. **Ing. Topográfico-Agrícola**:
   - Esta carrera combina aspectos de geografía y agricultura, lo cual podría ser interesante para alguien con fortalezas en Matemáticas","Ruta educativa sugerida. Primera opción recomendada: INGENIERÍA AGRONÓMICA, con la mayor probabilidad estimada de ingreso (17.6 %). Alternativas: INGENIERÍA GEOLÓGICA (15.2 %) y EDUCACIÓN SECUNDARIA DE LA ESPECIALIDAD DE MATEMÁTICA, FÍSICA, COMPUTACIÓN E INFORMÁTICA (13.2 %). Tu fortaleza en Matemática es coherente con estas opciones. Para mejorar tus posibilidades, refuerza Comunicación antes del examen. Estas probabilidades son estimaciones orientativas basadas en postulantes con perfiles similares, no una garantía de resultado.","Ruta educativa sugerida. Primera opción recomendada: INGENIERÍA TOPOGRÁFICA Y AGRIMENSURA, con la mayor probabilidad estimada de ingreso (30.7 %). Alternativas: INGENIERÍA MECÁNICA ELÉCTRICA (30.7 %) y INGENIERÍA AGRONÓMICA (29.1 %). Tu fortaleza en Matemática es coherente con estas opciones. Para mejorar tus posibilidades, refuerza Comunicación antes del examen. Estas probabilidades son estimaciones orientativas basadas en postulantes con perfiles similares, no una garantía de resultado."
Perfil del postulante: procede de un colegio público de área urbana (UGEL PUNO); promedio de secundaria con desempeño satisfactorio; mayor fortaleza en Ciencia y Tecnología y menor en Matemática; postulaciones anteriores: 0; preparación preuniversitaria: cepreuna; área de interés: sociales. Probabilidades estimadas de ingreso: SOCIOLOGÍA 26.1 %; TRABAJO SOCIAL 20.7 %; CIENCIAS CONTABLES 15.2 %. Genera una ruta educativa personalizada.,"Ruta educativa sugerida. Primera opción recomendada: SOCIOLOGÍA, con la mayor probabilidad estimada de ingreso (26.1 %). Alternativas: TRABAJO SOCIAL (20.7 %) y CIENCIAS CONTABLES (15.2 %). Tu fortaleza en Ciencia y Tecnología es coherente con estas opciones. Para mejorar tus posibilidades, refuerza Matemática antes del examen. Estas probabilidades son estimaciones orientativas basadas en postulantes con perfiles similares, no una garantía de resultado.","Basándome en el perfil proporcionado, aquí tienes una ruta educativa personalizada para que tu postulante pueda aprovechar sus fortalezas y potencial:

1. **Primera Semana**: 
   - **Matemáticas**:
     - Inicia con los fundamentos matemáticos básicos.
     - Utiliza recursos como libros de texto, tutoriales online y aplicaciones educativas.
     - Participa en actividades prácticas relacionadas con la matemática.

2. **Segunda Semana**:
   - **Ciencias Sociales**:
     - Comienza con lecciones sobre historia, geografía y cultura local.
     - Realiza proyectos interdisciplinarios que combinen ciencias sociales con otras materias.
     - Participa en talleres o seminarios sobre temas sociales relevantes.

3. **Tercera Semana**:
   - **Ciencias Naturales**:
     - Aprende sobre bi","Ruta educativa sugerida. Primera opción recomendada: SOCIOLOGÍA, con la mayor probabilidad estimada de ingreso (17.6 %). Alternativas: TRABAJO SOCIAL (15.2 %) y CIENCIAS CONTABLES (13.2 %). Tu fortaleza en Ciencia y Tecnología es coherente con estas opciones. Para mejorar tus posibilidades, refuerza Matemática antes del examen. Estas probabilidades son estimaciones orientativas basadas en postulantes con perfiles similares, no una garantía de resultado.","Ruta educativa sugerida. Primera opción recomendada: SOCIOLOGÍA, con la mayor probabilidad estimada de ingreso (26.1 %). Alternativas: TRABAJO SOCIAL (20.7 %) y CIENCIAS CONTABLES (15.2 %). Tu fortaleza en Ciencia y Tecnología es coherente con estas opciones. Para mejorar tus posibilidades, refuerza Matemática antes del examen. Estas probabilidades son estimaciones orientativas basadas en postulantes con perfiles similares, no una garantía de resultado."
Perfil del postulante: procede de un colegio público de área urbana (UGEL HUANCANÉ); promedio de secundaria con desempeño satisfactorio; mayor fortaleza en Matemática y menor en Comunicación; postulaciones anteriores: 0; preparación preuniversitaria: cepreuna; área de interés: biomédicas. Probabilidades estimadas de ingreso: BIOLOGÍA: PESQUERÍA 17.6 %; BIOLOGÍA: ECOLOGÍA 13.8 %; NUTRICIÓN HUMANA 12.3 %. Genera una ruta educativa personalizada.,"Ruta educativa sugerida. Primera opción recomendada: BIOLOGÍA: PESQUERÍA, con la mayor probabilidad estimada de ingreso (17.6 %). Alternativas: BIOLOGÍA: ECOLOGÍA (13.8 %) y NUTRICIÓN HUMANA (12.3 %). Tu fortaleza en Matemática es coherente con estas opciones. Para mejorar tus posibilidades, refuerza Comunicación antes del examen. Estas probabilidades son estimaciones orientativas basadas en postulantes con perfiles similares, no una garantía de resultado.","Basándome en el perfil proporcionado, aquí tienes una ruta educativa personalizada para que tu postulante pueda aprovechar al máximo sus posibilidades de ingreso:

1. **Matemáticas**: 
   - Asegúrate de mantener un buen desempeño en matemáticas durante tus estudios universitarios.
   - Considera opciones como ingeniería o ciencias de la salud donde los conocimientos matemáticos son esenciales.

2. **Comunicación**:
   - Si tu postulante tiene dificultades en este campo, considera áreas de estudio más comunicativas como psicología o educación.
   - También podrías sugerirle investigar carreras que requieran habilidades de comunicación pero no sean tan exigentes en esta materia específica.

3. **Biomédica**:
   - La carrera de Nutrición Humana parece ser una buena opción si tu postulante ha demostrado fort","Ruta educativa sugerida. Primera opción recomendada: BIOLOGÍA: ECOLOGÍA, con la mayor probabilidad estimada de ingreso (17.6 %). Alternativas: BIOLOGÍA: PESQUERÍA (17.6 %) y NUTRICIÓN HUMANA (12.3 %). Tu fortaleza en Matemática es coherente con estas opciones. Para mejorar tus posibilidades, refuerza Comunicación antes del examen. Estas probabilidades son estimaciones orientativas basadas en postulantes con perfiles similares, no una garantía de resultado.","Ruta educativa sugerida. Primera opción recomendada: BIOLOGÍA: PESQUERÍA, con la mayor probabilidad estimada de ingreso (17.6 %). Alternativas: BIOLOGÍA: ECOLOGÍA (13.8 %) y NUTRICIÓN HUMANA (12.3 %). Tu fortaleza en Matemática es coherente con estas opciones. Para mejorar tus posibilidades, refuerza Comunicación antes del examen. Estas probabilidades son estimaciones orientativas basadas en postulantes con perfiles similares, no una garantía de resultado."
Perfil del postulante: procede de un colegio público de área rural (UGEL CARABAYA); promedio de secundaria con desempeño satisfactorio; mayor fortaleza en Comunicación y menor en Inglés; postulaciones anteriores: 0; preparación preuniversitaria: cepreuna; área de interés: sociales. Probabilidades estimadas de ingreso: ADMINISTRACIÓN 46.3 %; CIENCIAS CONTABLES 46.3 %; DERECHO 46.3 %. Genera una ruta educativa personalizada.,"Ruta educativa sugerida. Primera opción recomendada: ADMINISTRACIÓN, con la mayor probabilidad estimada de ingreso (46.3 %). Alternativas: CIENCIAS CONTABLES (46.3 %) y DERECHO (46.3 %). Tu fortaleza en Comunicación es coherente con estas opciones. Para mejorar tus posibilidades, refuerza Inglés antes del examen. Estas probabilidades son estimaciones orientativas basadas en postulantes con perfiles similares, no una garantía de resultado.","Basado en el perfil proporcionado, aquí tienes una ruta educativa personalizada para que tu postulante pueda aprovechar al máximo sus habilidades y fortalezas:

1. **Comenzar su educación universitaria**: En este punto, es importante que tu postulante se dirija hacia una carrera donde puedan utilizar sus habilidades en comunicación. Por lo tanto, consideramos dos opciones:
   - **ADMINISTRACIÓN**: Esta carrera requiere habilidades en comunicación y gestión de proyectos, lo cual sería una excelente opción.
   - **CIENCIAS CONTABLES**: También requiere habilidades en comunicación, ya que necesitarán presentar informes y documentos.

2. **Prepararse para la matrícula**: Para esto, te recomendaría que tu postulante se prepare para la matrícula universitaria. Esto podría implicar:
   - **Practicar la escritura**: La comunicación verbal y escrita","Ruta educativa sugerida. Primera opción recomendada: SOCIOLOGÍA, con la mayor probabilidad estimada de ingreso (17.6 %). Alternativas: TRABAJO SOCIAL (15.2 %) y CIENCIAS CONTABLES (13.2 %). Tu fortaleza en Comunicación es coherente con estas opciones. Para mejorar tus posibilidades, refuerza Inglés antes del examen. Estas probabilidades son estimaciones orientativas basadas en postulantes con perfiles similares, no una garantía de resultado.","Ruta educativa sugerida. Primera opción recomendada: ADMINISTRACIÓN, con la mayor probabilidad estimada de ingreso (46.3 %). Alternativas: CIENCIAS CONTABLES (46.3 %) y DERECHO (46.3 %). Tu fortaleza en Comunicación es coherente con estas opciones. Para mejorar tus posibilidades, refuerza Inglés antes del examen. Estas probabilidades son estimaciones orientativas basadas en postulantes con perfiles similares, no una garantía de resultado."
Perfil del postulante: procede de un colegio público de área urbana (UGEL PUNO); promedio de secundaria con desempeño satisfactorio; mayor fortaleza en Ciencia y Tecnología y menor en Inglés; postulaciones anteriores: 0; preparación preuniversitaria: academia particular; área de interés: sociales. Probabilidades estimadas de ingreso: SOCIOLOGÍA 18.2 %; ADMINISTRACIÓN 17.6 %; CIENCIAS CONTABLES 17.6 %. Genera una ruta educativa personalizada.,"Ruta educativa sugerida. Primera opción recomendada: SOCIOLOGÍA, con la mayor probabilidad estimada de ingreso (18.2 %). Alternativas: ADMINISTRACIÓN (17.6 %) y CIENCIAS CONTABLES (17.6 %). Tu fortaleza en Ciencia y Tecnología es coherente con estas opciones. Para mejorar tus posibilidades, refuerza Inglés antes del examen. Estas probabilidades son estimaciones orientativas basadas en postulantes con perfiles similares, no una garantía de resultado.","Basándome en el perfil proporcionado, aquí tienes una ruta educativa personalizada para que tu postulante pueda aprovechar sus fortalezas y potencial:

1. **Primera Semana Académica**: 
   - **Iniciales**: Comienza con los fundamentos de la Sociedad Económica y Política.
   - **Primeros Temas**: Introducción al Estudio de la Sociedad, Análisis Social, y Aspectos Fundamentales de la Economía.

2. **Segunda Semana Académica**:
   - **Enseñanza**: Continúa con temas como Análisis Social, Análisis Económico, y Aspectos Fundamentales de la Economía.
   - **Problemas**: Aprende sobre la economía política, la economía internacional, y aspectos económicos globales.

3. **Tercera Semana Académica**:
   - **Enseñanza","Ruta educativa sugerida. Primera opción recomendada: SOCIOLOGÍA, con la mayor probabilidad estimada de ingreso (17.6 %). Alternativas: TRABAJO SOCIAL (15.2 %) y CIENCIAS CONTABLES (13.2 %). Tu fortaleza en Ciencia y Tecnología es coherente con estas opciones. Para mejorar tus posibilidades, refuerza Inglés antes del examen. Estas probabilidades son estimaciones orientativas basadas en postulantes con perfiles similares, no una garantía de resultado.","Ruta educativa sugerida. Primera opción recomendada: SOCIOLOGÍA, con la mayor probabilidad estimada de ingreso (18.2 %). Alternativas: ADMINISTRACIÓN (17.6 %) y CIENCIAS CONTABLES (17.6 %). Tu fortaleza en Ciencia y Tecnología es coherente con estas opciones. Para mejorar tus posibilidades, refuerza Inglés antes del examen. Estas probabilidades son estimaciones orientativas basadas en postulantes con perfiles similares, no una garantía de resultado."
Perfil del postulante: procede de un colegio público de área urbana (UGEL SAN ROMÁN); promedio de secundaria con desempeño satisfactorio; mayor fortaleza en Ciencia y Tecnología y menor en Inglés; postulaciones anteriores: 0; preparación preuniversitaria: cepreuna; área de interés: sociales. Probabilidades estimadas de ingreso: TRABAJO SOCIAL 9.2 %; SOCIOLOGÍA 9.2 %; ADMINISTRACIÓN 7.3 %. Genera una ruta educativa personalizada.,"Ruta educativa sugerida. Primera opción recomendada: TRABAJO SOCIAL, con la mayor probabilidad estimada de ingreso (9.2 %). Alternativas: SOCIOLOGÍA (9.2 %) y ADMINISTRACIÓN (7.3 %). Tu fortaleza en Ciencia y Tecnología es coherente con estas opciones. Para mejorar tus posibilidades, refuerza Inglés antes del examen. Estas probabilidades son estimaciones orientativas basadas en postulantes con perfiles similares, no una garantía de resultado.","Basándome en el perfil proporcionado, aquí tienes una ruta educativa personalizada para que tu postulante pueda aprovechar sus fortalezas y potencial:

1. **Primera Semana**: 
   - **Iniciales**: Comienza con los fundamentos de la administración pública.
   - **Primeros Pasos**: Aprende sobre sistemas de gobierno y estructuras organizativas.

2. **Segunda Semana**:
   - **Continúa**: Continúa con la teoría básica de la administración pública.
   - **Aplicación Práctica**: Realiza ejercicios prácticos relacionados con la gestión de proyectos.

3. **Tercera Semana**:
   - **Introducción al Trabajo Social**: Comienza a entender cómo se aplican conceptos de administración en situaciones de ayuda social.
   - **Practica en Laboratorio**: Participa en talleres o seminarios donde","Ruta educativa sugerida. Primera opción recomendada: SOCIOLOGÍA, con la mayor probabilidad estimada de ingreso (17.6 %). Alternativas: TRABAJO SOCIAL (15.2 %) y CIENCIAS CONTABLES (13.2 %). Tu fortaleza en Ciencia y Tecnología es coherente con estas opciones. Para mejorar tus posibilidades, refuerza Inglés antes del examen. Estas probabilidades son estimaciones orientativas basadas en postulantes con perfiles similares, no una garantía de resultado.","Ruta educativa sugerida. Primera opción recomendada: TRABAJO SOCIAL, con la mayor probabilidad estimada de ingreso (9.2 %). Alternativas: SOCIOLOGÍA (9.2 %) y ADMINISTRACIÓN (7.3 %). Tu fortaleza en Ciencia y Tecnología es coherente con estas opciones. Para mejorar tus posibilidades, refuerza Inglés antes del examen. Estas probabilidades son estimaciones orientativas basadas en postulantes con perfiles similares, no una garantía de resultado."
Perfil del postulante: procede de un colegio privado de área urbana (UGEL SAN ROMÁN); promedio de secundaria con desempeño satisfactorio; mayor fortaleza en Ciencias Sociales y menor en Matemática; postulaciones anteriores: 0; preparación preuniversitaria: autoestudio; área de interés: sociales. Probabilidades estimadas de ingreso: SOCIOLOGÍA 3.1 %; CIENCIAS CONTABLES 2.4 %; TRABAJO SOCIAL 2.4 %. Genera una ruta educativa personalizada.,"Ruta educativa sugerida. Primera opción recomendada: SOCIOLOGÍA, con la mayor probabilidad estimada de ingreso (3.1 %). Alternativas: CIENCIAS CONTABLES (2.4 %) y TRABAJO SOCIAL (2.4 %). Tu fortaleza en Ciencias Sociales es coherente con estas opciones. Para mejorar tus posibilidades, refuerza Matemática antes del examen. Estas probabilidades son estimaciones orientativas basadas en postulantes con perfiles similares, no una garantía de resultado.","Basándome en el perfil proporcionado, aquí tienes una ruta educativa personalizada para que tu postulante pueda aprovechar sus fortalezas y potencial:

1. **Primera Semana**: 
   - **Matemáticas**: Comienza con los fundamentos matemáticos básicos. Utiliza recursos como libros de texto, tutoriales en línea o aplicaciones educativas.
   - **Ciencias Sociales**: Aprende sobre temas relacionados a su área de interés, como historia, política local, economía social, etc.

2. **Segunda Semana**:
   - **Ciencias Sociales**: Continúa con materias más avanzadas en este campo, como teoría política, sociología, economía social, etc.
   - **Matemáticas**: Revisa conceptos importantes y practica problemas prácticos.

3. **Tercera Semana**:
   - **Trabajo Social**: Comienza con cursos de formación","Ruta educativa sugerida. Primera opción recomendada: SOCIOLOGÍA, con la mayor probabilidad estimada de ingreso (17.6 %). Alternativas: CIENCIAS CONTABLES (15.2 %) y TRABAJO SOCIAL (13.2 %). Tu fortaleza en Ciencias Sociales es coherente con estas opciones. Para mejorar tus posibilidades, refuerza Matemática antes del examen. Estas probabilidades son estimaciones orientativas basadas en postulantes con perfiles similares, no una garantía de resultado.","Ruta educativa sugerida. Primera opción recomendada: SOCIOLOGÍA, con la mayor probabilidad estimada de ingreso (3.1 %). Alternativas: CIENCIAS CONTABLES (2.4 %) y TRABAJO SOCIAL (2.4 %). Tu fortaleza en Ciencias Sociales es coherente con estas opciones. Para mejorar tus posibilidades, refuerza Matemática antes del examen. Estas probabilidades son estimaciones orientativas basadas en postulantes con perfiles similares, no una garantía de resultado."
"Perfil del postulante: procede de un colegio público de área rural (UGEL SAN ROMÁN); promedio de secundaria con desempeño satisfactorio; mayor fortaleza en Matemática y menor en Ciencia y Tecnología; postulaciones anteriores: 0; preparación preuniversitaria: academia particular; área de interés: ingenierías. Probabilidades estimadas de ingreso: INGENIERÍA AGRONÓMICA 7.3 %; INGENIERÍA GEOLÓGICA 7.1 %; EDUCACIÓN SECUNDARIA DE LA ESPECIALIDAD DE MATEMÁTICA, FÍSICA, COMPUTACIÓN E INFORMÁTICA 5.8 %. Genera una ruta educativa personalizada.","Ruta educativa sugerida. Primera opción recomendada: INGENIERÍA AGRONÓMICA, con la mayor probabilidad estimada de ingreso (7.3 %). Alternativas: INGENIERÍA GEOLÓGICA (7.1 %) y EDUCACIÓN SECUNDARIA DE LA ESPECIALIDAD DE MATEMÁTICA, FÍSICA, COMPUTACIÓN E INFORMÁTICA (5.8 %). Tu fortaleza en Matemática es coherente con estas opciones. Para mejorar tus posibilidades, refuerza Ciencia y Tecnología antes del examen. Estas probabilidades son estimaciones orientativas basadas en postulantes con perfiles similares, no una garantía de resultado.","Basándome en el perfil y las probabilidades proporcionados, aquí tienes una ruta educativa personalizada para que tu postulante pueda aprovechar al máximo sus posibilidades:

1. **Matemáticas**: 
   - Continuar con matemáticas en secundario.
   - Considerar opciones como Ingeniería Agronómica o Ingeniería Geológica si estas áreas son más interesantes para ti.

2. **Ciencias y Tecnología**:
   - Si no se encuentra en las carreras mencionadas, considerar otras áreas como Ingeniería Civil, Ingeniería Química o Ingeniería Electrónica.
   - Considerar también carreras en Tecnologías de la Información y Comunicación (TI).

3. **Educación Secundaria de la Especialidad de Matemáticas, Física, Computación e Informatika**:
   - Esta opción es muy competitiva debido a su alto por","Ruta educativa sugerida. Primera opción recomendada: INGENIERÍA AGRONÓMICA, con la mayor probabilidad estimada de ingreso (17.6 %). Alternativas: INGENIERÍA GEOLÓGICA (15.2 %) y EDUCACIÓN SECUNDARIA DE LA ESPECIALIDAD DE MATEMÁTICA, FÍSICA, COMPUTACIÓN E INFORMÁTICA (13.2 %). Tu fortaleza en Matemática es coherente con estas opciones. Para mejorar tus posibilidades, refuerza Ciencia y Tecnología antes del examen. Estas probabilidades son estimaciones orientativas basadas en postulantes con perfiles similares, no una garantía de resultado.","Ruta educativa sugerida. Primera opción recomendada: INGENIERÍA AGRONÓMICA, con la mayor probabilidad estimada de ingreso (7.3 %). Alternativas: INGENIERÍA GEOLÓGICA (7.1 %) y EDUCACIÓN SECUNDARIA DE LA ESPECIALIDAD DE MATEMÁTICA, FÍSICA, COMPUTACIÓN E INFORMÁTICA (5.8 %). Tu fortaleza en Matemática es coherente con estas opciones. Para mejorar tus posibilidades, refuerza Ciencia y Tecnología antes del examen. Estas probabilidades son estimaciones orientativas basadas en postulantes con perfiles similares, no una garantía de resultado."
Perfil del postulante: procede de un colegio público de área urbana (UGEL PUNO); promedio de secundaria con desempeño satisfactorio; mayor fortaleza en Matemática y menor en Ciencia y Tecnología; postulaciones anteriores: 0; preparación preuniversitaria: academia particular; área de interés: biomédicas. Probabilidades estimadas de ingreso: BIOLOGÍA: PESQUERÍA 7.3 %; BIOLOGÍA: ECOLOGÍA 5.8 %; NUTRICIÓN HUMANA 3.1 %. Genera una ruta educativa personalizada.,"Ruta educativa sugerida. Primera opción recomendada: BIOLOGÍA: PESQUERÍA, con la mayor probabilidad estimada de ingreso (7.3 %). Alternativas: BIOLOGÍA: ECOLOGÍA (5.8 %) y NUTRICIÓN HUMANA (3.1 %). Tu fortaleza en Matemática es coherente con estas opciones. Para mejorar tus posibilidades, refuerza Ciencia y Tecnología antes del examen. Estas probabilidades son estimaciones orientativas basadas en postulantes con perfiles similares, no una garantía de resultado.","Basándome en el perfil proporcionado, aquí tienes una ruta educativa personalizada para que tu postulante pueda aprovechar al máximo sus posibilidades de ingresar a la carrera de Biomédica:

1. **Matemáticas**: 
   - Continuar con matemáticas en secundario.
   - Considerar cursos adicionales como álgebra lineal, cálculo integral o trigonometría avanzada si es posible.

2. **Ciencias Naturales**:
   - Incluir materias relacionadas con biología, química y física en secundario.
   - Considerar opciones como química orgánica, física química o genética.

3. **Biomédica**:
   - Enseñanza práctica en laboratorios de biología.
   - Participar en proyectos prácticos en áreas de investigación científica.

4. **Preparación Preuniversitaria**:
   - Asign","Ruta educativa sugerida. Primera opción recomendada: BIOLOGÍA: ECOLOGÍA, con la mayor probabilidad estimada de ingreso (17.6 %). Alternativas: BIOLOGÍA: PESQUERÍA (17.6 %) y NUTRICIÓN HUMANA (12.3 %). Tu fortaleza en Matemática es coherente con estas opciones. Para mejorar tus posibilidades, refuerza Ciencia y Tecnología antes del examen. Estas probabilidades son estimaciones orientativas basadas en postulantes con perfiles similares, no una garantía de resultado.","Ruta educativa sugerida. Primera opción recomendada: BIOLOGÍA: PESQUERÍA, con la mayor probabilidad estimada de ingreso (7.3 %). Alternativas: BIOLOGÍA: ECOLOGÍA (5.8 %) y NUTRICIÓN HUMANA (3.1 %). Tu fortaleza en Matemática es coherente con estas opciones. Para mejorar tus posibilidades, refuerza Ciencia y Tecnología antes del examen. Estas probabilidades son estimaciones orientativas basadas en postulantes con perfiles similares, no una garantía de resultado."
"Perfil del postulante: procede de un colegio público de área rural (UGEL SAN ANTONIO DE PUTINA); promedio de secundaria con desempeño satisfactorio; mayor fortaleza en Comunicación y menor en Matemática; postulaciones anteriores: 0; preparación preuniversitaria: cepreuna; área de interés: ingenierías. Probabilidades estimadas de ingreso: EDUCACIÓN SECUNDARIA DE LA ESPECIALIDAD DE MATEMÁTICA, FÍSICA, COMPUTACIÓN E INFORMÁTICA 42.2 %; INGENIERÍA AGRONÓMICA 36.7 %; INGENIERÍA ECONÓMICA 36.7 %. Genera una ruta educativa personalizada.","Ruta educativa sugerida. Primera opción recomendada: EDUCACIÓN SECUNDARIA DE LA ESPECIALIDAD DE MATEMÁTICA, FÍSICA, COMPUTACIÓN E INFORMÁTICA, con la mayor probabilidad estimada de ingreso (42.2 %). Alternativas: INGENIERÍA AGRONÓMICA (36.7 %) y INGENIERÍA ECONÓMICA (36.7 %). Tu fortaleza en Comunicación es coherente con estas opciones. Para mejorar tus posibilidades, refuerza Matemática antes del examen. Estas probabilidades son estimaciones orientativas basadas en postulantes con perfiles similares, no una garantía de resultado.","Basándome en el perfil proporcionado, puedo generar una ruta educativa para que tu postulante pueda aprovechar sus fortalezas y potencialidades. Aquí te presento algunas sugerencias:

1. **Matemáticas**: Como tienes una fortaleza en esta materia, podrías considerar estudiar matemáticas en la universidad. La carrera de Ingeniería en Matemáticas o Ingeniería en Computación podría ser una buena opción.

2. **Comunicación**: Tu fortaleza en este campo puede ayudarte a destacar en carreras como Ingeniería Agronómica o Ingeniería Económica. Considera carreras donde puedas aplicar tus habilidades comunicativas, como Ingeniería Ambiental o Ingeniería Industrial.

3. **Preparación Preuniversitaria**: Si aún no has completado tu preparación preuniversitaria, puedes considerar cursar más materias relacionadas a computación","Ruta educativa sugerida. Primera opción recomendada: INGENIERÍA AGRONÓMICA, con la mayor probabilidad estimada de ingreso (17.6 %). Alternativas: INGENIERÍA GEOLÓGICA (15.2 %) y EDUCACIÓN SECUNDARIA DE LA ESPECIALIDAD DE MATEMÁTICA, FÍSICA, COMPUTACIÓN E INFORMÁTICA (13.2 %). Tu fortaleza en Comunicación es coherente con estas opciones. Para mejorar tus posibilidades, refuerza Matemática antes del examen. Estas probabilidades son estimaciones orientativas basadas en postulantes con perfiles similares, no una garantía de resultado.","Ruta educativa sugerida. Primera opción recomendada: EDUCACIÓN SECUNDARIA DE LA ESPECIALIDAD DE MATEMÁTICA, FÍSICA, COMPUTACIÓN E INFORMÁTICA, con la mayor probabilidad estimada de ingreso (42.2 %). Alternativas: INGENIERÍA AGRONÓMICA (36.7 %) y INGENIERÍA ECONÓMICA (36.7 %). Tu fortaleza en Comunicación es coherente con estas opciones. Para mejorar tus posibilidades, refuerza Matemática antes del examen. Estas probabilidades son estimaciones orientativas basadas en postulantes con perfiles similares, no una garantía de resultado."
Perfil del postulante: procede de un colegio público de área rural (UGEL HUANCANÉ); promedio de secundaria con desempeño satisfactorio; mayor fortaleza en Ciencias Sociales y menor en Ciencia y Tecnología; postulaciones anteriores: 0; preparación preuniversitaria: cepreuna; área de interés: sociales. Probabilidades estimadas de ingreso: SOCIOLOGÍA 17.6 %; TRABAJO SOCIAL 15.2 %; ADMINISTRACIÓN 11.0 %. Genera una ruta educativa personalizada.,"Ruta educativa sugerida. Primera opción recomendada: SOCIOLOGÍA, con la mayor probabilidad estimada de ingreso (17.6 %). Alternativas: TRABAJO SOCIAL (15.2 %) y ADMINISTRACIÓN (11.0 %). Tu fortaleza en Ciencias Sociales es coherente con estas opciones. Para mejorar tus posibilidades, refuerza Ciencia y Tecnología antes del examen. Estas probabilidades son estimaciones orientativas basadas en postulantes con perfiles similares, no una garantía de resultado.","Basándome en el perfil proporcionado, puedo generar una ruta educativa para que tu postulante tenga más posibilidades de ingresar a la carrera de Trabajo Social o Administración en la Universidad Nacional del Altiplano de Puno.

1. **Primera Semana**: Inicia con los cursos de matemáticas básicas y ciencias naturales. Esto ayudará a desarrollar habilidades de cálculo y lógica, fundamentales para futuras carreras.
   
2. **Segunda Semana**: Comienza con los cursos de inglés básico. La comunicación es clave en cualquier campo profesional, especialmente en el trabajo social y administrativo.

3. **Tercera Semana**: Selecciona los siguientes cursos:
   - **Ciencias Sociales**: Continúa con sus estudios en esta área ya que es su fortaleza. Aprenderá sobre grupos sociales, relaciones humanas y políticas públicas, temas relevantes tanto para la","Ruta educativa sugerida. Primera opción recomendada: SOCIOLOGÍA, con la mayor probabilidad estimada de ingreso (17.6 %). Alternativas: TRABAJO SOCIAL (15.2 %) y ADMINISTRACIÓN (13.2 %). Tu fortaleza en Ciencias Sociales es coherente con estas opciones. Para mejorar tus posibilidades, refuerza Ciencia y Tecnología antes del examen. Estas probabilidades son estimaciones orientativas basadas en postulantes con perfiles similares, no una garantía de resultado.","Ruta educativa sugerida. Primera opción recomendada: SOCIOLOGÍA, con la mayor probabilidad estimada de ingreso (17.6 %). Alternativas: TRABAJO SOCIAL (15.2 %) y ADMINISTRACIÓN (11.0 %). Tu fortaleza en Ciencias Sociales es coherente con estas opciones. Para mejorar tus posibilidades, refuerza Ciencia y Tecnología antes del examen. Estas probabilidades son estimaciones orientativas basadas en postulantes con perfiles similares, no una garantía de resultado."
Perfil del postulante: procede de un colegio público de área urbana (UGEL SAN ROMÁN); promedio de secundaria con desempeño satisfactorio; mayor fortaleza en Ciencia y Tecnología y menor en Comunicación; postulaciones anteriores: 2; preparación preuniversitaria: cepreuna; área de interés: sociales. Probabilidades estimadas de ingreso: CIENCIAS CONTABLES 5.8 %; SOCIOLOGÍA 5.8 %; TRABAJO SOCIAL 5.8 %. Genera una ruta educativa personalizada.,"Ruta educativa sugerida. Primera opción recomendada: CIENCIAS CONTABLES, con la mayor probabilidad estimada de ingreso (5.8 %). Alternativas: SOCIOLOGÍA (5.8 %) y TRABAJO SOCIAL (5.8 %). Tu fortaleza en Ciencia y Tecnología es coherente con estas opciones. Para mejorar tus posibilidades, refuerza Comunicación antes del examen. Estas probabilidades son estimaciones orientativas basadas en postulantes con perfiles similares, no una garantía de resultado.","Basándome en el perfil proporcionado, puedo generar una ruta educativa para que tu postulante tenga más posibilidades de ingresar a los campos de estudio elegidos.

1. **Primera Semana**: 
   - **Matemáticas** o **Física**: Estudiarán estas materias para asegurar una buena base en ciencias naturales.
   
2. **Segunda Semana**:
   - **Geografía**: Para entender mejor la estructura social y económica de los países.
   
3. **Tercera Semana**:
   - **Historia Social**: Para profundizar en temas relacionados con la sociedad punita.
   
4. **Cuarta Semana**:
   - **Lógica Matemática**: Para mejorar sus habilidades en matemáticas y lógica.
   
5. **Quinta Semana**:
   - **Inglés**: Es importante tener una buena comprensión de inglés para","Ruta educativa sugerida. Primera opción recomendada: SOCIOLOGÍA, con la mayor probabilidad estimada de ingreso (17.6 %). Alternativas: TRABAJO SOCIAL (15.2 %) y CIENCIAS CONTABLES (13.2 %). Tu fortaleza en Ciencia y Tecnología es coherente con estas opciones. Para mejorar tus posibilidades, refuerza Comunicación antes del examen. Estas probabilidades son estimaciones orientativas basadas en postulantes con perfiles similares, no una garantía de resultado.","Ruta educativa sugerida. Primera opción recomendada: CIENCIAS CONTABLES, con la mayor probabilidad estimada de ingreso (5.8 %). Alternativas: SOCIOLOGÍA (5.8 %) y TRABAJO SOCIAL (5.8 %). Tu fortaleza en Ciencia y Tecnología es coherente con estas opciones. Para mejorar tus posibilidades, refuerza Comunicación antes del examen. Estas probabilidades son estimaciones orientativas basadas en postulantes con perfiles similares, no una garantía de resultado."
Perfil del postulante: procede de un colegio público de área urbana (UGEL PUNO); promedio de secundaria con desempeño satisfactorio; mayor fortaleza en Ciencias Sociales y menor en Matemática; postulaciones anteriores: 1; preparación preuniversitaria: cepreuna; área de interés: sociales. Probabilidades estimadas de ingreso: TRABAJO SOCIAL 11.0 %; SOCIOLOGÍA 11.0 %; CIENCIAS CONTABLES 8.9 %. Genera una ruta educativa personalizada.,"Ruta educativa sugerida. Primera opción recomendada: TRABAJO SOCIAL, con la mayor probabilidad estimada de ingreso (11.0 %). Alternativas: SOCIOLOGÍA (11.0 %) y CIENCIAS CONTABLES (8.9 %). Tu fortaleza en Ciencias Sociales es coherente con estas opciones. Para mejorar tus posibilidades, refuerza Matemática antes del examen. Estas probabilidades son estimaciones orientativas basadas en postulantes con perfiles similares, no una garantía de resultado.","Basado en el perfil proporcionado, aquí tienes una ruta educativa personalizada para que tu postulante pueda aprovechar sus fortalezas y potencial:

1. **Primera Semana**: 
   - **Matemáticas**: Comienza con los fundamentos matemáticos en la escuela primaria o secundaria.
   - **Ciencias Sociales**: Aprende sobre diferentes culturas y sociedades.

2. **Segunda Semana**:
   - **Ciencias Sociales**: Continúa aprendiendo sobre diferentes culturas y sociedades.
   - **Matemáticas**: Revisa conceptos básicos de álgebra y geometría.

3. **Tercera Semana**:
   - **Ciencias Sociales**: Expande su conocimiento sobre temas como historia, política y economía.
   - **Matemáticas**: Practica problemas de algebra y geometría.

4. **Cuarta Semana**:
   - **Ciencias","Ruta educativa sugerida. Primera opción recomendada: SOCIOLOGÍA, con la mayor probabilidad estimada de ingreso (26.8 %). Alternativas: TRABAJO SOCIAL (25.9 %) y ADMINISTRACIÓN (20.7 %). Tu fortaleza en Ciencias Sociales es coherente con estas opciones. Para mejorar tus posibilidades, refuerza Matemática antes del examen. Estas probabilidades son estimaciones orientativas basadas en postulantes con perfiles similares, no una garantía de resultado.","Ruta educativa sugerida. Primera opción recomendada: TRABAJO SOCIAL, con la mayor probabilidad estimada de ingreso (11.0 %). Alternativas: SOCIOLOGÍA (11.0 %) y CIENCIAS CONTABLES (8.9 %). Tu fortaleza en Ciencias Sociales es coherente con estas opciones. Para mejorar tus posibilidades, refuerza Matemática antes del examen. Estas probabilidades son estimaciones orientativas basadas en postulantes con perfiles similares, no una garantía de resultado."
Perfil del postulante: procede de un colegio público de área urbana (UGEL SAN ROMÁN); promedio de secundaria con desempeño satisfactorio; mayor fortaleza en Ciencia y Tecnología y menor en Inglés; postulaciones anteriores: 0; preparación preuniversitaria: nan; área de interés: sociales. Probabilidades estimadas de ingreso: SOCIOLOGÍA 31.1 %; EDUCACIÓN FÍSICA 29.1 %; TRABAJO SOCIAL 26.8 %. Genera una ruta educativa personalizada.,"Ruta educativa sugerida. Primera opción recomendada: SOCIOLOGÍA, con la mayor probabilidad estimada de ingreso (31.1 %). Alternativas: EDUCACIÓN FÍSICA (29.1 %) y TRABAJO SOCIAL (26.8 %). Tu fortaleza en Ciencia y Tecnología es coherente con estas opciones. Para mejorar tus posibilidades, refuerza Inglés antes del examen. Estas probabilidades son estimaciones orientativas basadas en postulantes con perfiles similares, no una garantía de resultado.","Basándome en el perfil proporcionado, aquí tienes una ruta educativa personalizada para que tu postulante pueda aprovechar sus fortalezas y potencial:

1. **Primera Semana**: 
   - **Iniciales**: Comienza con los primeros semestres de la carrera de SocioLOGIA.
   - **Reconocimiento**: Aprovecha tus fortalezas en Ciencia y Tecnología para profundizar en temas relacionados.

2. **Segunda Semana**:
   - **Continuidad**: Continúa con la carrera de SocioLOGIA, pero también considera tomar algunas materias complementarias en Ciencias Naturales o Matemáticas para expandir tus conocimientos.
   - **Interacción**: Participa en actividades extracurriculares relacionadas con la sociedad para mejorar tus habilidades comunicativas.

3. **Tercera Semana**:
   - **Intensificación**: Enfócate más","Ruta educativa sugerida. Primera opción recomendada: SOCIOLOGÍA, con la mayor probabilidad estimada de ingreso (17.6 %). Alternativas: CIENCIAS CONTABLES (15.2 %) y TRABAJO SOCIAL (13.2 %). Tu fortaleza en Ciencia y Tecnología es coherente con estas opciones. Para mejorar tus posibilidades, refuerza Inglés antes del examen. Estas probabilidades son estimaciones orientativas basadas en postulantes con perfiles similares, no una garantía de resultado.","Ruta educativa sugerida. Primera opción recomendada: SOCIOLOGÍA, con la mayor probabilidad estimada de ingreso (31.1 %). Alternativas: EDUCACIÓN FÍSICA (29.1 %) y TRABAJO SOCIAL (26.8 %). Tu fortaleza en Ciencia y Tecnología es coherente con estas opciones. Para mejorar tus posibilidades, refuerza Inglés antes del examen. Estas probabilidades son estimaciones orientativas basadas en postulantes con perfiles similares, no una garantía de resultado."
Perfil del postulante: procede de un colegio público de área urbana (UGEL EL COLLAO); promedio de secundaria con desempeño satisfactorio; mayor fortaleza en Matemática y menor en Inglés; postulaciones anteriores: 2; preparación preuniversitaria: cepreuna; área de interés: ingenierías. Probabilidades estimadas de ingreso: INGENIERÍA AGRONÓMICA 69.8 %; INGENIERÍA GEOLÓGICA 69.8 %; INGENIERÍA MECÁNICA ELÉCTRICA 69.8 %. Genera una ruta educativa personalizada.,"Ruta educativa sugerida. Primera opción recomendada: INGENIERÍA AGRONÓMICA, con la mayor probabilidad estimada de ingreso (69.8 %). Alternativas: INGENIERÍA GEOLÓGICA (69.8 %) y INGENIERÍA MECÁNICA ELÉCTRICA (69.8 %). Tu fortaleza en Matemática es coherente con estas opciones. Para mejorar tus posibilidades, refuerza Inglés antes del examen. Estas probabilidades son estimaciones orientativas basadas en postulantes con perfiles similares, no una garantía de resultado.","Basado en el perfil proporcionado, aquí tienes una ruta educativa personalizada para que tu postulante pueda aprovechar al máximo sus posibilidades de ingresar a las carreras elegidas:

1. **Matemáticas**: 
   - Continuar con matemáticas en secundario.
   - Considerar cursos adicionales como álgebra lineal, cálculo integral o trigonometría avanzada si es posible.

2. **Inglés**:
   - Siempre mantenerse actualizado con lecciones en línea o libros de gramática.
   - Considerar clases de inglés en línea o en la universidad si no ha tenido oportunidad hasta ahora.

3. **Ingles II**:
   - En caso de que aún no lo haga, considerar un curso de nivel intermedio o avanzado.

4. **Preparación Preuniversitaria CEPRENAU**:
   - Mantenerse activos en los","Ruta educativa sugerida. Primera opción recomendada: INGENIERÍA AGRONÓMICA, con la mayor probabilidad estimada de ingreso (17.6 %). Alternativas: INGENIERÍA GEOLÓGICA (15.2 %) y EDUCACIÓN SECUNDARIA DE LA ESPECIALIDAD DE MATEMÁTICA, FÍSICA, COMPUTACIÓN E INFORMÁTICA (13.2 %). Tu fortaleza en Matemática es coherente con estas opciones. Para mejorar tus posibilidades, refuerza Inglés antes del examen. Estas probabilidades son estimaciones orientativas basadas en postulantes con perfiles similares, no una garantía de resultado.","Ruta educativa sugerida. Primera opción recomendada: INGENIERÍA AGRONÓMICA, con la mayor probabilidad estimada de ingreso (69.8 %). Alternativas: INGENIERÍA GEOLÓGICA (69.8 %) y INGENIERÍA MECÁNICA ELÉCTRICA (69.8 %). Tu fortaleza en Matemática es coherente con estas opciones. Para mejorar tus posibilidades, refuerza Inglés antes del examen. Estas probabilidades son estimaciones orientativas basadas en postulantes con perfiles similares, no una garantía de resultado."
Perfil del postulante: procede de un colegio público de área urbana (UGEL SAN ROMÁN); promedio de secundaria con desempeño satisfactorio; mayor fortaleza en Ciencia y Tecnología y menor en Inglés; postulaciones anteriores: 0; preparación preuniversitaria: cepreuna; área de interés: sociales. Probabilidades estimadas de ingreso: SOCIOLOGÍA 16.6 %; TRABAJO SOCIAL 13.2 %; CIENCIAS CONTABLES 12.3 %. Genera una ruta educativa personalizada.,"Ruta educativa sugerida. Primera opción recomendada: SOCIOLOGÍA, con la mayor probabilidad estimada de ingreso (16.6 %). Alternativas: TRABAJO SOCIAL (13.2 %) y CIENCIAS CONTABLES (12.3 %). Tu fortaleza en Ciencia y Tecnología es coherente con estas opciones. Para mejorar tus posibilidades, refuerza Inglés antes del examen. Estas probabilidades son estimaciones orientativas basadas en postulantes con perfiles similares, no una garantía de resultado.","Basándome en el perfil proporcionado, aquí tienes una ruta educativa personalizada para que tu postulante pueda aprovechar sus fortalezas y potencial:

1. **Primera Semana**: 
   - **Iniciales**: Comienza con los fundamentos de la Sociedad y la Cultura.
   - **Primeros Pasos**: Aprende sobre los sistemas políticos y económicos locales.

2. **Segunda Semana**:
   - **Continuación**: Continúa con temas relacionados con la sociedad, como la justicia social y la participación ciudadana.
   - **Introducción al Lenguaje**: Comienza a familiarizarse con conceptos básicos de inglés, especialmente en contexto sociológico.

3. **Tercera Semana**:
   - **Aplicación práctica**: Realiza proyectos o trabajos prácticos que involucren la aplicación de conocimientos en áreas sociales.
   - **L","Ruta educativa sugerida. Primera opción recomendada: SOCIOLOGÍA, con la mayor probabilidad estimada de ingreso (17.6 %). Alternativas: TRABAJO SOCIAL (15.2 %) y CIENCIAS CONTABLES (13.2 %). Tu fortaleza en Ciencia y Tecnología es coherente con estas opciones. Para mejorar tus posibilidades, refuerza Inglés antes del examen. Estas probabilidades son estimaciones orientativas basadas en postulantes con perfiles similares, no una garantía de resultado.","Ruta educativa sugerida. Primera opción recomendada: SOCIOLOGÍA, con la mayor probabilidad estimada de ingreso (16.6 %). Alternativas: TRABAJO SOCIAL (13.2 %) y CIENCIAS CONTABLES (12.3 %). Tu fortaleza en Ciencia y Tecnología es coherente con estas opciones. Para mejorar tus posibilidades, refuerza Inglés antes del examen. Estas probabilidades son estimaciones orientativas basadas en postulantes con perfiles similares, no una garantía de resultado."
Perfil del postulante: procede de un colegio público de área rural (nan); promedio de secundaria con desempeño satisfactorio; mayor fortaleza en Comunicación y menor en Matemática; postulaciones anteriores: 0; preparación preuniversitaria: autoestudio; área de interés: sociales. Probabilidades estimadas de ingreso: SOCIOLOGÍA 11.0 %; ADMINISTRACIÓN 5.8 %; EDUCACIÓN FÍSICA 5.8 %. Genera una ruta educativa personalizada.,"Ruta educativa sugerida. Primera opción recomendada: SOCIOLOGÍA, con la mayor probabilidad estimada de ingreso (11.0 %). Alternativas: ADMINISTRACIÓN (5.8 %) y EDUCACIÓN FÍSICA (5.8 %). Tu fortaleza en Comunicación es coherente con estas opciones. Para mejorar tus posibilidades, refuerza Matemática antes del examen. Estas probabilidades son estimaciones orientativas basadas en postulantes con perfiles similares, no una garantía de resultado.","Basándome en el perfil proporcionado, aquí tienes una ruta educativa personalizada para que tu postulante pueda aprovechar sus fortalezas y potencial:

1. **Comenzar su educación universitaria**: En primer lugar, considerando los datos, parece que el postulante tiene más fortalezas en la comunicación que en matemáticas. Por lo tanto, podría ser beneficioso comenzar su carrera universitaria en una carrera o área donde se aprecie su habilidad comunicativa.

2. **Iniciar en la SOCIOLOGÍA**: La opción de SOCIOLOGÍA es probablemente la más adecuada debido a su fortaleza en la comunicación. Esta carrera puede permitirle desarrollar sus habilidades comunicativas en un contexto social y cultural, lo cual sería beneficioso para su futuro.

3. **Continuar en la SOCIOLOGÍA**: Una vez que haya adquirido cierto nivel de conocimientos","Ruta educativa sugerida. Primera opción recomendada: SOCIOLOGÍA, con la mayor probabilidad estimada de ingreso (17.6 %). Alternativas: TRABAJO SOCIAL (15.2 %) y CIENCIAS CONTABLES (13.2 %). Tu fortaleza en Comunicación es coherente con estas opciones. Para mejorar tus posibilidades, refuerza Matemática antes del examen. Estas probabilidades son estimaciones orientativas basadas en postulantes con perfiles similares, no una garantía de resultado.","Ruta educativa sugerida. Primera opción recomendada: SOCIOLOGÍA, con la mayor probabilidad estimada de ingreso (11.0 %). Alternativas: ADMINISTRACIÓN (5.8 %) y EDUCACIÓN FÍSICA (5.8 %). Tu fortaleza en Comunicación es coherente con estas opciones. Para mejorar tus posibilidades, refuerza Matemática antes del examen. Estas probabilidades son estimaciones orientativas basadas en postulantes con perfiles similares, no una garantía de resultado."
Perfil del postulante: procede de un colegio público de área urbana (UGEL QUISPICANCHI); promedio de secundaria con desempeño satisfactorio; mayor fortaleza en Comunicación y menor en Inglés; postulaciones anteriores: 0; preparación preuniversitaria: cepreuna; área de interés: biomédicas. Probabilidades estimadas de ingreso: BIOLOGÍA: PESQUERÍA 36.7 %; MEDICINA VETERINARIA Y ZOOTECNIA 36.0 %; NUTRICIÓN HUMANA 31.1 %. Genera una ruta educativa personalizada.,"Ruta educativa sugerida. Primera opción recomendada: BIOLOGÍA: PESQUERÍA, con la mayor probabilidad estimada de ingreso (36.7 %). Alternativas: MEDICINA VETERINARIA Y ZOOTECNIA (36.0 %) y NUTRICIÓN HUMANA (31.1 %). Tu fortaleza en Comunicación es coherente con estas opciones. Para mejorar tus posibilidades, refuerza Inglés antes del examen. Estas probabilidades son estimaciones orientativas basadas en postulantes con perfiles similares, no una garantía de resultado.","Basándome en el perfil proporcionado, aquí tienes una ruta educativa personalizada para que tu postulante pueda aprovechar al máximo sus posibilidades de ingreso:

1. **Comenzar su preparación universitaria**: 
   - **Primera Semana**: Estudiar los requisitos de admisión de la carrera de Biomédica.
   - **Segunda Semana**: Comprender cómo se evalúa la preparación previa en la universidad.

2. **Preparación Preuniversitaria**:
   - **Cepreuna**: Continuar con la preparación para este examen, ya que es importante para entrar a la universidad.
   - **Primeros Temas**: Enfatizar en temas como matemáticas, biología, química y física.

3. **Estudios Universitarios**:
   - **Biomédica**: 
     - **Primero**: Comienza con mater","Ruta educativa sugerida. Primera opción recomendada: BIOLOGÍA: ECOLOGÍA, con la mayor probabilidad estimada de ingreso (17.6 %). Alternativas: BIOLOGÍA: PESQUERÍA (17.6 %) y NUTRICIÓN HUMANA (12.3 %). Tu fortaleza en Comunicación es coherente con estas opciones. Para mejorar tus posibilidades, refuerza Inglés antes del examen. Estas probabilidades son estimaciones orientativas basadas en postulantes con perfiles similares, no una garantía de resultado.","Ruta educativa sugerida. Primera opción recomendada: BIOLOGÍA: PESQUERÍA, con la mayor probabilidad estimada de ingreso (36.7 %). Alternativas: MEDICINA VETERINARIA Y ZOOTECNIA (36.0 %) y NUTRICIÓN HUMANA (31.1 %). Tu fortaleza en Comunicación es coherente con estas opciones. Para mejorar tus posibilidades, refuerza Inglés antes del examen. Estas probabilidades son estimaciones orientativas basadas en postulantes con perfiles similares, no una garantía de resultado."
Perfil del postulante: procede de un colegio público de área urbana (UGEL HUANCANÉ); promedio de secundaria con desempeño satisfactorio; mayor fortaleza en Matemática y menor en Ciencias Sociales; postulaciones anteriores: 0; preparación preuniversitaria: cepreuna previo; área de interés: sociales. Probabilidades estimadas de ingreso: SOCIOLOGÍA 15.2 %; ADMINISTRACIÓN 13.2 %; TRABAJO SOCIAL 13.2 %. Genera una ruta educativa personalizada.,"Ruta educativa sugerida. Primera opción recomendada: SOCIOLOGÍA, con la mayor probabilidad estimada de ingreso (15.2 %). Alternativas: ADMINISTRACIÓN (13.2 %) y TRABAJO SOCIAL (13.2 %). Tu fortaleza en Matemática es coherente con estas opciones. Para mejorar tus posibilidades, refuerza Ciencias Sociales antes del examen. Estas probabilidades son estimaciones orientativas basadas en postulantes con perfiles similares, no una garantía de resultado.","Basándome en el perfil proporcionado, aquí tienes una ruta educativa personalizada para que tu postulante pueda aprovechar sus fortalezas y potencial:

1. **Matemáticas**: Comienza con los cursos de matemáticas en la preparatoria. Asegúrate de seguir un plan de estudio detallado y hacer uso de recursos como libros de texto, tutorias o aplicaciones educativas.

2. **Ciencias Sociales**: Para mejorar tus habilidades en este campo, puedes considerar tomar cursos adicionales en historia, geografía, política o economía. También podrías optar por ciencias sociales complementarias si es posible.

3. **Trabajo Social**: Siempre hay oportunidades de trabajo social en áreas como educación, salud pública, justicia social, etc. Considera estudiar psicología social o derecho social para profundizar en esta área.

4. **Sociales**: La carrera de sociología te permitirá explorar temas","Ruta educativa sugerida. Primera opción recomendada: SOCIOLOGÍA, con la mayor probabilidad estimada de ingreso (17.6 %). Alternativas: TRABAJO SOCIAL (15.2 %) y ADMINISTRACIÓN (13.2 %). Tu fortaleza en Matemática es coherente con estas opciones. Para mejorar tus posibilidades, refuerza Ciencias Sociales antes del examen. Estas probabilidades son estimaciones orientativas basadas en postulantes con perfiles similares, no una garantía de resultado.","Ruta educativa sugerida. Primera opción recomendada: SOCIOLOGÍA, con la mayor probabilidad estimada de ingreso (15.2 %). Alternativas: ADMINISTRACIÓN (13.2 %) y TRABAJO SOCIAL (13.2 %). Tu fortaleza en Matemática es coherente con estas opciones. Para mejorar tus posibilidades, refuerza Ciencias Sociales antes del examen. Estas probabilidades son estimaciones orientativas basadas en postulantes con perfiles similares, no una garantía de resultado."
Perfil del postulante: procede de un colegio público de área rural (UGEL CHUCUITO); promedio de secundaria con desempeño satisfactorio; mayor fortaleza en Ciencia y Tecnología y menor en Ciencias Sociales; postulaciones anteriores: 0; preparación preuniversitaria: academia particular; área de interés: sociales. Probabilidades estimadas de ingreso: TRABAJO SOCIAL 30.7 %; SOCIOLOGÍA 29.1 %; CIENCIAS CONTABLES 26.8 %. Genera una ruta educativa personalizada.,"Ruta educativa sugerida. Primera opción recomendada: TRABAJO SOCIAL, con la mayor probabilidad estimada de ingreso (30.7 %). Alternativas: SOCIOLOGÍA (29.1 %) y CIENCIAS CONTABLES (26.8 %). Tu fortaleza en Ciencia y Tecnología es coherente con estas opciones. Para mejorar tus posibilidades, refuerza Ciencias Sociales antes del examen. Estas probabilidades son estimaciones orientativas basadas en postulantes con perfiles similares, no una garantía de resultado.","Basándome en el perfil proporcionado, puedo generar una ruta educativa para que tu postulante pueda aprovechar sus fortalezas y potencialidades. Aquí te presento algunas sugerencias:

1. **Preparación Académica**: Comienza con los estudios de preparación preuniversitaria. La Academia Particular es una opción viable si consideras que puede brindar más apoyo académico.

2. **Matemáticas y Física**: Estudiar estas materias será fundamental ya que son áreas fuertes para ti. Considera opciones como matemáticas avanzadas o física para profundizar tus conocimientos.

3. **Ciencias Sociales**: Aunque no sean tus fortalezas, puedes optar por ciencias sociales si consideras que pueden ser útiles para tu futuro trabajo social.

4. **Inglés**: Es importante tener una buena comprensión de inglés, especialmente si planeas trabajar en","Ruta educativa sugerida. Primera opción recomendada: SOCIOLOGÍA, con la mayor probabilidad estimada de ingreso (17.6 %). Alternativas: TRABAJO SOCIAL (15.2 %) y ADMINISTRACIÓN (13.2 %). Tu fortaleza en Ciencia y Tecnología es coherente con estas opciones. Para mejorar tus posibilidades, refuerza Ciencias Sociales antes del examen. Estas probabilidades son estimaciones orientativas basadas en postulantes con perfiles similares, no una garantía de resultado.","Ruta educativa sugerida. Primera opción recomendada: TRABAJO SOCIAL, con la mayor probabilidad estimada de ingreso (30.7 %). Alternativas: SOCIOLOGÍA (29.1 %) y CIENCIAS CONTABLES (26.8 %). Tu fortaleza en Ciencia y Tecnología es coherente con estas opciones. Para mejorar tus posibilidades, refuerza Ciencias Sociales antes del examen. Estas probabilidades son estimaciones orientativas basadas en postulantes con perfiles similares, no una garantía de resultado."
Perfil del postulante: procede de un colegio público de área urbana (UGEL SAN ROMÁN); promedio de secundaria con desempeño satisfactorio; mayor fortaleza en Ciencia y Tecnología y menor en Inglés; postulaciones anteriores: 0; preparación preuniversitaria: academia particular; área de interés: sociales. Probabilidades estimadas de ingreso: CIENCIAS CONTABLES 36.7 %; SOCIOLOGÍA 36.7 %; TRABAJO SOCIAL 36.7 %. Genera una ruta educativa personalizada.,"Ruta educativa sugerida. Primera opción recomendada: CIENCIAS CONTABLES, con la mayor probabilidad estimada de ingreso (36.7 %). Alternativas: SOCIOLOGÍA (36.7 %) y TRABAJO SOCIAL (36.7 %). Tu fortaleza en Ciencia y Tecnología es coherente con estas opciones. Para mejorar tus posibilidades, refuerza Inglés antes del examen. Estas probabilidades son estimaciones orientativas basadas en postulantes con perfiles similares, no una garantía de resultado.","Basándome en el perfil proporcionado, puedo generar una ruta educativa para que tu postulante pueda aprovechar sus fortalezas y potencialidades. Aquí te presento algunas sugerencias:

1. **Iniciales**: Comienza con los cursos básicos de matemáticas y ciencias naturales. Esto se debe a que estas materias son fundamentales para todas las carreras seleccionadas.

2. **Matemáticas**: Asegúrate de completar todos los niveles de matemáticas desde primaria hasta la universidad. La matemática es fundamental para todas las carreras seleccionadas.

3. **Ciencias Sociales**: Comienza con los cursos de historia y geografía. Estos temas serán necesarios para la carrera de Trabajo Social.

4. **Ingles**: Siempre es importante tener buenos conocimientos de inglés. Considera tomar clases particulares o utilizar aplicaciones de aprendizaje en línea.

5.","Ruta educativa sugerida. Primera opción recomendada: SOCIOLOGÍA, con la mayor probabilidad estimada de ingreso (17.6 %). Alternativas: TRABAJO SOCIAL (15.2 %) y ADMINISTRACIÓN (13.2 %). Tu fortaleza en Ciencia y Tecnología es coherente con estas opciones. Para mejorar tus posibilidades, refuerza Inglés antes del examen. Estas probabilidades son estimaciones orientativas basadas en postulantes con perfiles similares, no una garantía de resultado.","Ruta educativa sugerida. Primera opción recomendada: CIENCIAS CONTABLES, con la mayor probabilidad estimada de ingreso (36.7 %). Alternativas: SOCIOLOGÍA (36.7 %) y TRABAJO SOCIAL (36.7 %). Tu fortaleza en Ciencia y Tecnología es coherente con estas opciones. Para mejorar tus posibilidades, refuerza Inglés antes del examen. Estas probabilidades son estimaciones orientativas basadas en postulantes con perfiles similares, no una garantía de resultado."
Perfil del postulante: procede de un colegio público de área nan (UGEL CHUCUITO); promedio de secundaria con desempeño satisfactorio; mayor fortaleza en Ciencia y Tecnología y menor en Inglés; postulaciones anteriores: 0; preparación preuniversitaria: cepreuna; área de interés: sociales. Probabilidades estimadas de ingreso: TRABAJO SOCIAL 35.3 %; SOCIOLOGÍA 31.1 %; ADMINISTRACIÓN 27.9 %. Genera una ruta educativa personalizada.,"Ruta educativa sugerida. Primera opción recomendada: TRABAJO SOCIAL, con la mayor probabilidad estimada de ingreso (35.3 %). Alternativas: SOCIOLOGÍA (31.1 %) y ADMINISTRACIÓN (27.9 %). Tu fortaleza en Ciencia y Tecnología es coherente con estas opciones. Para mejorar tus posibilidades, refuerza Inglés antes del examen. Estas probabilidades son estimaciones orientativas basadas en postulantes con perfiles similares, no una garantía de resultado.","Basándome en el perfil proporcionado, aquí tienes una ruta educativa personalizada para que tu postulante pueda aprovechar sus fortalezas y potencial:

1. **Primera Semana**: 
   - **Iniciales**: Comienza con los primeros semestres de Preuniversidad.
   - **Matemáticas**: Aprende matemáticas básicas y fundamentales para entender conceptos más avanzados.
   - **Ciencias Sociales**: Comience con temas como historia, geografía y política.

2. **Segunda Semana**:
   - **Lógica Matemática**: Comienza con cursos de lógica matemática y álgebra básica.
   - **Geografía**: Comience con mapas y mapas globales.
   - **Historia**: Comience con la historia de América Latina.

3. **Tercera Semana**:
   - **Física**: Comience con lecciones","Ruta educativa sugerida. Primera opción recomendada: SOCIOLOGÍA, con la mayor probabilidad estimada de ingreso (17.6 %). Alternativas: TRABAJO SOCIAL (15.2 %) y CIENCIAS CONTABLES (13.2 %). Tu fortaleza en Ciencia y Tecnología es coherente con estas opciones. Para mejorar tus posibilidades, refuerza Inglés antes del examen. Estas probabilidades son estimaciones orientativas basadas en postulantes con perfiles similares, no una garantía de resultado.","Ruta educativa sugerida. Primera opción recomendada: TRABAJO SOCIAL, con la mayor probabilidad estimada de ingreso (35.3 %). Alternativas: SOCIOLOGÍA (31.1 %) y ADMINISTRACIÓN (27.9 %). Tu fortaleza en Ciencia y Tecnología es coherente con estas opciones. Para mejorar tus posibilidades, refuerza Inglés antes del examen. Estas probabilidades son estimaciones orientativas basadas en postulantes con perfiles similares, no una garantía de resultado."
Perfil del postulante: procede de un colegio público de área urbana (UGEL CARABAYA); promedio de secundaria con desempeño satisfactorio; mayor fortaleza en Matemática y menor en Ciencia y Tecnología; postulaciones anteriores: 1; preparación preuniversitaria: academia particular; área de interés: sociales. Probabilidades estimadas de ingreso: TRABAJO SOCIAL 4.8 %; CIENCIAS CONTABLES 3.1 %; EDUCACIÓN INICIAL 2.4 %. Genera una ruta educativa personalizada.,"Ruta educativa sugerida. Primera opción recomendada: TRABAJO SOCIAL, con la mayor probabilidad estimada de ingreso (4.8 %). Alternativas: CIENCIAS CONTABLES (3.1 %) y EDUCACIÓN INICIAL (2.4 %). Tu fortaleza en Matemática es coherente con estas opciones. Para mejorar tus posibilidades, refuerza Ciencia y Tecnología antes del examen. Estas probabilidades son estimaciones orientativas basadas en postulantes con perfiles similares, no una garantía de resultado.","Basándome en el perfil proporcionado, puedo generar una ruta educativa para este postulante que se adapte mejor a sus fortalezas y debilidades:

1. **Matemáticas**: Esta es su fortaleza, por lo que debería enfocarse en materias matemáticas durante su preparación universitaria. Considerando los posibles campos de trabajo social o ciencias contables, podría considerar carreras como ingeniería civil, ingeniería eléctrica o ingeniería mecánica.

2. **Ciencia y Tecnología**: Aunque no es su fuerte, puede considerar carreras en áreas relacionadas si desea trabajar en el sector tecnológico. Por ejemplo, podría optar por carreras en ingeniería informática o sistemas operativos.

3. **Educación Inicial**: Siempre mantenga un buen nivel en esta materia ya que será fundamental para cualquier carrera.

4. **Preparación Preuniversit","Ruta educativa sugerida. Primera opción recomendada: SOCIOLOGÍA, con la mayor probabilidad estimada de ingreso (26.8 %). Alternativas: ADMINISTRACIÓN (25.9 %) y EDUCACIÓN FÍSICA (23.4 %). Tu fortaleza en Matemática es coherente con estas opciones. Para mejorar tus posibilidades, refuerza Ciencia y Tecnología antes del examen. Estas probabilidades son estimaciones orientativas basadas en postulantes con perfiles similares, no una garantía de resultado.","Ruta educativa sugerida. Primera opción recomendada: TRABAJO SOCIAL, con la mayor probabilidad estimada de ingreso (4.8 %). Alternativas: CIENCIAS CONTABLES (3.1 %) y EDUCACIÓN INICIAL (2.4 %). Tu fortaleza en Matemática es coherente con estas opciones. Para mejorar tus posibilidades, refuerza Ciencia y Tecnología antes del examen. Estas probabilidades son estimaciones orientativas basadas en postulantes con perfiles similares, no una garantía de resultado."
"Perfil del postulante: procede de un colegio público de área urbana (UGEL SAN ROMÁN); promedio de secundaria con desempeño satisfactorio; mayor fortaleza en Ciencias Sociales y menor en Inglés; postulaciones anteriores: 0; preparación preuniversitaria: cepreuna; área de interés: ingenierías. Probabilidades estimadas de ingreso: INGENIERÍA AGRONÓMICA 30.7 %; INGENIERÍA TOPOGRÁFICA Y AGRIMENSURA 26.8 %; EDUCACIÓN SECUNDARIA DE LA ESPECIALIDAD DE MATEMÁTICA, FÍSICA, COMPUTACIÓN E INFORMÁTICA 26.1 %. Genera una ruta educativa personalizada.","Ruta educativa sugerida. Primera opción recomendada: INGENIERÍA AGRONÓMICA, con la mayor probabilidad estimada de ingreso (30.7 %). Alternativas: INGENIERÍA TOPOGRÁFICA Y AGRIMENSURA (26.8 %) y EDUCACIÓN SECUNDARIA DE LA ESPECIALIDAD DE MATEMÁTICA, FÍSICA, COMPUTACIÓN E INFORMÁTICA (26.1 %). Tu fortaleza en Ciencias Sociales es coherente con estas opciones. Para mejorar tus posibilidades, refuerza Inglés antes del examen. Estas probabilidades son estimaciones orientativas basadas en postulantes con perfiles similares, no una garantía de resultado.","Basándome en el perfil proporcionado, puedo generar una ruta educativa para que tu postulante pueda aprovechar sus fortalezas y potencialidades. Aquí te presento algunas sugerencias:

1. **Iniciales**: Comienza con los cursos básicos de matemáticas y física, ya que estas materias son fundamentales para todas las carreras de ingeniería.

2. **Matemáticas**: Comienza con asignaturas como álgebra, trigonometría, cálculo diferencial e integral. También podrías considerar ciencias de la computación o programación básica si es interesante para ti.

3. **Física**: Continúa tus estudios avanzando en física, especialmente en áreas relacionadas a ingeniería como electromagnetismo, calor y energía.

4. **Ingles**: Siempre es importante mejorar tu inglés. Considera opciones como libros de texto, aplicaciones de aprendizaje online o clases particulares","Ruta educativa sugerida. Primera opción recomendada: INGENIERÍA AGRONÓMICA, con la mayor probabilidad estimada de ingreso (17.6 %). Alternativas: INGENIERÍA GEOLÓGICA (15.2 %) y EDUCACIÓN SECUNDARIA DE LA ESPECIALIDAD DE MATEMÁTICA, FÍSICA, COMPUTACIÓN E INFORMÁTICA (13.2 %). Tu fortaleza en Ciencias Sociales es coherente con estas opciones. Para mejorar tus posibilidades, refuerza Inglés antes del examen. Estas probabilidades son estimaciones orientativas basadas en postulantes con perfiles similares, no una garantía de resultado.","Ruta educativa sugerida. Primera opción recomendada: INGENIERÍA AGRONÓMICA, con la mayor probabilidad estimada de ingreso (30.7 %). Alternativas: INGENIERÍA TOPOGRÁFICA Y AGRIMENSURA (26.8 %) y EDUCACIÓN SECUNDARIA DE LA ESPECIALIDAD DE MATEMÁTICA, FÍSICA, COMPUTACIÓN E INFORMÁTICA (26.1 %). Tu fortaleza en Ciencias Sociales es coherente con estas opciones. Para mejorar tus posibilidades, refuerza Inglés antes del examen. Estas probabilidades son estimaciones orientativas basadas en postulantes con perfiles similares, no una garantía de resultado."
Perfil del postulante: procede de un colegio público de área rural (UGEL CHUCUITO); promedio de secundaria con desempeño satisfactorio; mayor fortaleza en Comunicación y menor en Ciencia y Tecnología; postulaciones anteriores: 0; preparación preuniversitaria: cepreuna; área de interés: sociales. Probabilidades estimadas de ingreso: TRABAJO SOCIAL 27.9 %; SOCIOLOGÍA 26.8 %; EDUCACIÓN FÍSICA 24.8 %. Genera una ruta educativa personalizada.,"Ruta educativa sugerida. Primera opción recomendada: TRABAJO SOCIAL, con la mayor probabilidad estimada de ingreso (27.9 %). Alternativas: SOCIOLOGÍA (26.8 %) y EDUCACIÓN FÍSICA (24.8 %). Tu fortaleza en Comunicación es coherente con estas opciones. Para mejorar tus posibilidades, refuerza Ciencia y Tecnología antes del examen. Estas probabilidades son estimaciones orientativas basadas en postulantes con perfiles similares, no una garantía de resultado.","Basándome en el perfil proporcionado, puedo generar una ruta educativa para que tu postulante pueda aprovechar sus fortalezas y potencialidades. Aquí te presento algunas sugerencias:

1. **Comunicación**: 
   - Continuar con actividades de comunicación en tu currículum vitae.
   - Considerar cursos o talleres en áreas relacionadas como publicidad, marketing digital, etc.

2. **Ciencia y Tecnología**:
   - Aprovechar tus fortalezas en este campo para buscar oportunidades prácticas.
   - Considerar carreras o campos de estudio relacionados con ciencia e ingeniería.

3. **Educación Social**:
   - Buscar posiciones en instituciones educativas o organizaciones sociales.
   - Considerar carreras o campos de estudio relacionados con educación, desarrollo humano o social.

4. **Trabajo Social**:
   - Considerar carreras o campos de estudio relacionados","Ruta educativa sugerida. Primera opción recomendada: SOCIOLOGÍA, con la mayor probabilidad estimada de ingreso (17.6 %). Alternativas: TRABAJO SOCIAL (15.2 %) y ADMINISTRACIÓN (13.2 %). Tu fortaleza en Comunicación es coherente con estas opciones. Para mejorar tus posibilidades, refuerza Ciencia y Tecnología antes del examen. Estas probabilidades son estimaciones orientativas basadas en postulantes con perfiles similares, no una garantía de resultado.","Ruta educativa sugerida. Primera opción recomendada: TRABAJO SOCIAL, con la mayor probabilidad estimada de ingreso (27.9 %). Alternativas: SOCIOLOGÍA (26.8 %) y EDUCACIÓN FÍSICA (24.8 %). Tu fortaleza en Comunicación es coherente con estas opciones. Para mejorar tus posibilidades, refuerza Ciencia y Tecnología antes del examen. Estas probabilidades son estimaciones orientativas basadas en postulantes con perfiles similares, no una garantía de resultado."
Perfil del postulante: procede de un colegio público de área rural (UGEL MELGAR); promedio de secundaria con desempeño satisfactorio; mayor fortaleza en Comunicación y menor en Ciencia y Tecnología; postulaciones anteriores: 0; preparación preuniversitaria: cepreuna; área de interés: sociales. Probabilidades estimadas de ingreso: TRABAJO SOCIAL 12.3 %; SOCIOLOGÍA 11.0 %; ADMINISTRACIÓN 7.3 %. Genera una ruta educativa personalizada.,"Ruta educativa sugerida. Primera opción recomendada: TRABAJO SOCIAL, con la mayor probabilidad estimada de ingreso (12.3 %). Alternativas: SOCIOLOGÍA (11.0 %) y ADMINISTRACIÓN (7.3 %). Tu fortaleza en Comunicación es coherente con estas opciones. Para mejorar tus posibilidades, refuerza Ciencia y Tecnología antes del examen. Estas probabilidades son estimaciones orientativas basadas en postulantes con perfiles similares, no una garantía de resultado.","Basándome en el perfil proporcionado, aquí tienes una ruta educativa personalizada para que tu postulante pueda aprovechar sus fortalezas y potencial:

1. **Comenzar su educación universitaria**: Considerando que ya ha realizado la preparación preuniversitaria CEPRENA, puedes sugerirle comenzar su carrera universitaria en una institución pública o privada cercana a su ubicación. Esto podría ser útil si consideran que el tránsito desde su lugar de origen hasta la ciudad donde se encuentra la universidad es difícil.

2. **Iniciarse en Comunicación Social**: Como muestra de su fortaleza en Comunicación, podrías sugerirle empezar su carrera en una carrera relacionada con la comunicación social. Por ejemplo, podría elegir carreras como Psicología, Educación, o Administración de Empresas. Estos campos permiten una intervención directa en los problemas sociales y","Ruta educativa sugerida. Primera opción recomendada: SOCIOLOGÍA, con la mayor probabilidad estimada de ingreso (17.6 %). Alternativas: TRABAJO SOCIAL (15.2 %) y ADMINISTRACIÓN (13.2 %). Tu fortaleza en Comunicación es coherente con estas opciones. Para mejorar tus posibilidades, refuerza Ciencia y Tecnología antes del examen. Estas probabilidades son estimaciones orientativas basadas en postulantes con perfiles similares, no una garantía de resultado.","Ruta educativa sugerida. Primera opción recomendada: TRABAJO SOCIAL, con la mayor probabilidad estimada de ingreso (12.3 %). Alternativas: SOCIOLOGÍA (11.0 %) y ADMINISTRACIÓN (7.3 %). Tu fortaleza en Comunicación es coherente con estas opciones. Para mejorar tus posibilidades, refuerza Ciencia y Tecnología antes del examen. Estas probabilidades son estimaciones orientativas basadas en postulantes con perfiles similares, no una garantía de resultado."
Perfil del postulante: procede de un colegio público de área urbana (UGEL SAN ROMÁN); promedio de secundaria con desempeño satisfactorio; mayor fortaleza en Ciencias Sociales y menor en Inglés; postulaciones anteriores: 0; preparación preuniversitaria: academia particular; área de interés: ingenierías. Probabilidades estimadas de ingreso: INGENIERÍA AGRONÓMICA 8.9 %; INGENIERÍA MECÁNICA ELÉCTRICA 7.1 %; INGENIERÍA GEOLÓGICA 5.8 %. Genera una ruta educativa personalizada.,"Ruta educativa sugerida. Primera opción recomendada: INGENIERÍA AGRONÓMICA, con la mayor probabilidad estimada de ingreso (8.9 %). Alternativas: INGENIERÍA MECÁNICA ELÉCTRICA (7.1 %) y INGENIERÍA GEOLÓGICA (5.8 %). Tu fortaleza en Ciencias Sociales es coherente con estas opciones. Para mejorar tus posibilidades, refuerza Inglés antes del examen. Estas probabilidades son estimaciones orientativas basadas en postulantes con perfiles similares, no una garantía de resultado.","Basándome en el perfil proporcionado, aquí tienes una ruta educativa personalizada para que tu postulante pueda tener más posibilidades de ingresar a las carreras elegidas:

1. **Preparación Académica**:
   - **Matemáticas**: Comienza con los fundamentos matemáticos desde el principio. La Matemática es fundamental en todas las ciencias.
   - **Inglés**: Siempre es importante mejorar el inglés. Considera tomar clases particulares o utilizar aplicaciones como Duolingo para practicar.

2. **Ciencias Sociales**:
   - **Historia**: Es importante entender cómo funciona el mundo alrededor de ti. El curso de Historia puede ser muy beneficioso.
   - **Geografía**: Esta disciplina te ayudará a comprender mejor la naturaleza de la Tierra y sus recursos.

3. **Ingles**:
   - **Practica Continua**: Mant","Ruta educativa sugerida. Primera opción recomendada: INGENIERÍA AGRONÓMICA, con la mayor probabilidad estimada de ingreso (17.6 %). Alternativas: INGENIERÍA GEOLÓGICA (15.2 %) y EDUCACIÓN SECUNDARIA DE LA ESPECIALIDAD DE MATEMÁTICA, FÍSICA, COMPUTACIÓN E INFORMÁTICA (13.2 %). Tu fortaleza en Ciencias Sociales es coherente con estas opciones. Para mejorar tus posibilidades, refuerza Inglés antes del examen. Estas probabilidades son estimaciones orientativas basadas en postulantes con perfiles similares, no una garantía de resultado.","Ruta educativa sugerida. Primera opción recomendada: INGENIERÍA AGRONÓMICA, con la mayor probabilidad estimada de ingreso (8.9 %). Alternativas: INGENIERÍA MECÁNICA ELÉCTRICA (7.1 %) y INGENIERÍA GEOLÓGICA (5.8 %). Tu fortaleza en Ciencias Sociales es coherente con estas opciones. Para mejorar tus posibilidades, refuerza Inglés antes del examen. Estas probabilidades son estimaciones orientativas basadas en postulantes con perfiles similares, no una garantía de resultado."
Perfil del postulante: procede de un colegio público de área urbana (UGEL PUNO); promedio de secundaria con desempeño satisfactorio; mayor fortaleza en Comunicación y menor en Ciencia y Tecnología; postulaciones anteriores: 0; preparación preuniversitaria: cepreuna; área de interés: sociales. Probabilidades estimadas de ingreso: SOCIOLOGÍA 31.1 %; TRABAJO SOCIAL 27.9 %; ADMINISTRACIÓN 26.8 %. Genera una ruta educativa personalizada.,"Ruta educativa sugerida. Primera opción recomendada: SOCIOLOGÍA, con la mayor probabilidad estimada de ingreso (31.1 %). Alternativas: TRABAJO SOCIAL (27.9 %) y ADMINISTRACIÓN (26.8 %). Tu fortaleza en Comunicación es coherente con estas opciones. Para mejorar tus posibilidades, refuerza Ciencia y Tecnología antes del examen. Estas probabilidades son estimaciones orientativas basadas en postulantes con perfiles similares, no una garantía de resultado.","Basándome en el perfil proporcionado, aquí tienes una ruta educativa personalizada para que tu postulante pueda aprovechar al máximo sus habilidades y fortalezas:

1. **Comenzar su educación universitaria**: En este punto, considerando los datos proporcionados, es probable que tu postulante se dirija hacia la carrera de Trabajo Social debido a su desempeño en la comunicación y su interés en los temas sociales.

2. **Primer año de la carrera de Trabajo Social**: Durante este período, podrías sugerirle que se enfrente a materias como ""Introducción al Trabajo Social"", ""Análisis Sociológico"" o ""Gestión Empresarial"". Estos cursos ayudarán a desarrollar sus habilidades comunicativas y también pueden ser interesantes para alguien que está interesado en los aspectos sociales.

3. **Segundo año de la carrera de Trabajo Social**: A continuación","Ruta educativa sugerida. Primera opción recomendada: SOCIOLOGÍA, con la mayor probabilidad estimada de ingreso (17.6 %). Alternativas: TRABAJO SOCIAL (15.2 %) y CIENCIAS CONTABLES (13.2 %). Tu fortaleza en Comunicación es coherente con estas opciones. Para mejorar tus posibilidades, refuerza Ciencia y Tecnología antes del examen. Estas probabilidades son estimaciones orientativas basadas en postulantes con perfiles similares, no una garantía de resultado.","Ruta educativa sugerida. Primera opción recomendada: SOCIOLOGÍA, con la mayor probabilidad estimada de ingreso (31.1 %). Alternativas: TRABAJO SOCIAL (27.9 %) y ADMINISTRACIÓN (26.8 %). Tu fortaleza en Comunicación es coherente con estas opciones. Para mejorar tus posibilidades, refuerza Ciencia y Tecnología antes del examen. Estas probabilidades son estimaciones orientativas basadas en postulantes con perfiles similares, no una garantía de resultado."
Perfil del postulante: procede de un colegio público de área rural (UGEL MELGAR); promedio de secundaria con desempeño satisfactorio; mayor fortaleza en Ciencias Sociales y menor en Ciencia y Tecnología; postulaciones anteriores: 0; preparación preuniversitaria: autoestudio; área de interés: sociales. Probabilidades estimadas de ingreso: SOCIOLOGÍA 5.8 %; TRABAJO SOCIAL 4.8 %; ADMINISTRACIÓN 3.1 %. Genera una ruta educativa personalizada.,"Ruta educativa sugerida. Primera opción recomendada: SOCIOLOGÍA, con la mayor probabilidad estimada de ingreso (5.8 %). Alternativas: TRABAJO SOCIAL (4.8 %) y ADMINISTRACIÓN (3.1 %). Tu fortaleza en Ciencias Sociales es coherente con estas opciones. Para mejorar tus posibilidades, refuerza Ciencia y Tecnología antes del examen. Estas probabilidades son estimaciones orientativas basadas en postulantes con perfiles similares, no una garantía de resultado.","Basándome en el perfil proporcionado, aquí tienes una ruta educativa personalizada para que tu postulante pueda aprovechar sus fortalezas y potencial:

1. **Primera Semana**: 
   - **Iniciación al Estudiar**: Comienza con los fundamentos de la educación universitaria. Esto incluye matemáticas básicas, inglés (si es necesario) y ciencias sociales.
   
2. **Segunda Semana**:
   - **Ciencias Sociales**: Aprovecha tus fortalezas en este campo. Inicia con materias como Historia, Geografía, Cultura y Política. Considera cursos como ""Introducción a las Ciencias Sociales"" o ""Geopolítica"".
   
3. **Tercera Semana**:
   - **Matemáticas Básicas**: Si aún no has tomado esta materia, comenzarías con ""Matemáticas Básicas"". Es importante porque te","Ruta educativa sugerida. Primera opción recomendada: SOCIOLOGÍA, con la mayor probabilidad estimada de ingreso (17.6 %). Alternativas: CIENCIAS CONTABLES (15.2 %) y TRABAJO SOCIAL (13.2 %). Tu fortaleza en Ciencias Sociales es coherente con estas opciones. Para mejorar tus posibilidades, refuerza Ciencia y Tecnología antes del examen. Estas probabilidades son estimaciones orientativas basadas en postulantes con perfiles similares, no una garantía de resultado.","Ruta educativa sugerida. Primera opción recomendada: SOCIOLOGÍA, con la mayor probabilidad estimada de ingreso (5.8 %). Alternativas: TRABAJO SOCIAL (4.8 %) y ADMINISTRACIÓN (3.1 %). Tu fortaleza en Ciencias Sociales es coherente con estas opciones. Para mejorar tus posibilidades, refuerza Ciencia y Tecnología antes del examen. Estas probabilidades son estimaciones orientativas basadas en postulantes con perfiles similares, no una garantía de resultado."
Perfil del postulante: procede de un colegio público de área rural (UGEL SAN ROMÁN); promedio de secundaria con desempeño satisfactorio; mayor fortaleza en Matemática y menor en Inglés; postulaciones anteriores: 0; preparación preuniversitaria: autoestudio; área de interés: biomédicas. Probabilidades estimadas de ingreso: BIOLOGÍA: PESQUERÍA 31.1 %; BIOLOGÍA: ECOLOGÍA 26.1 %; MEDICINA VETERINARIA Y ZOOTECNIA 20.7 %. Genera una ruta educativa personalizada.,"Ruta educativa sugerida. Primera opción recomendada: BIOLOGÍA: PESQUERÍA, con la mayor probabilidad estimada de ingreso (31.1 %). Alternativas: BIOLOGÍA: ECOLOGÍA (26.1 %) y MEDICINA VETERINARIA Y ZOOTECNIA (20.7 %). Tu fortaleza en Matemática es coherente con estas opciones. Para mejorar tus posibilidades, refuerza Inglés antes del examen. Estas probabilidades son estimaciones orientativas basadas en postulantes con perfiles similares, no una garantía de resultado.","Basándome en el perfil proporcionado, aquí tienes una ruta educativa personalizada para que tu postulante pueda aprovechar al máximo sus posibilidades:

1. **Matemáticas**: 
   - Continuar con matemáticas en secundario.
   - Considerar cursos adicionales como álgebra, trigonometría o cálculo avanzados si es posible.

2. **Inglés**:
   - Siempre mantenerse actualizado con recursos online para mejorar su nivel de inglés.
   - Considerar clases particulares o grupos de estudio para practicar conversación y gramática.

3. **Biomédica**:
   - Ensecuentra oportunidades de prácticas o voluntariado en instituciones de salud pública.
   - Considerar carreras en medicina veterinaria o zootecnia.

4. **Preparación Preuniversitaria**:
   - Mantenerse activos en línea para aprender nuevas","Ruta educativa sugerida. Primera opción recomendada: BIOLOGÍA: ECOLOGÍA, con la mayor probabilidad estimada de ingreso (17.6 %). Alternativas: BIOLOGÍA: PESQUERÍA (17.6 %) y NUTRICIÓN HUMANA (12.3 %). Tu fortaleza en Matemática es coherente con estas opciones. Para mejorar tus posibilidades, refuerza Inglés antes del examen. Estas probabilidades son estimaciones orientativas basadas en postulantes con perfiles similares, no una garantía de resultado.","Ruta educativa sugerida. Primera opción recomendada: BIOLOGÍA: PESQUERÍA, con la mayor probabilidad estimada de ingreso (31.1 %). Alternativas: BIOLOGÍA: ECOLOGÍA (26.1 %) y MEDICINA VETERINARIA Y ZOOTECNIA (20.7 %). Tu fortaleza en Matemática es coherente con estas opciones. Para mejorar tus posibilidades, refuerza Inglés antes del examen. Estas probabilidades son estimaciones orientativas basadas en postulantes con perfiles similares, no una garantía de resultado."
Perfil del postulante: procede de un colegio público de área rural (UGEL SAN ANTONIO DE PUTINA); promedio de secundaria con desempeño satisfactorio; mayor fortaleza en Ciencia y Tecnología y menor en Inglés; postulaciones anteriores: 0; preparación preuniversitaria: nan; área de interés: biomédicas. Probabilidades estimadas de ingreso: BIOLOGÍA: PESQUERÍA 26.8 %; BIOLOGÍA: ECOLOGÍA 23.4 %; NUTRICIÓN HUMANA 17.6 %. Genera una ruta educativa personalizada.,"Ruta educativa sugerida. Primera opción recomendada: BIOLOGÍA: PESQUERÍA, con la mayor probabilidad estimada de ingreso (26.8 %). Alternativas: BIOLOGÍA: ECOLOGÍA (23.4 %) y NUTRICIÓN HUMANA (17.6 %). Tu fortaleza en Ciencia y Tecnología es coherente con estas opciones. Para mejorar tus posibilidades, refuerza Inglés antes del examen. Estas probabilidades son estimaciones orientativas basadas en postulantes con perfiles similares, no una garantía de resultado.","Basándome en el perfil proporcionado, aquí tienes una ruta educativa personalizada para que tu postulante pueda aprovechar al máximo sus posibilidades de ingresar a la carrera de Biología:

1. **Preparación Académica**:
   - **Matemáticas**: Comienza con los fundamentos matemáticos necesarios para entender conceptos avanzados en biología.
   - **Química**: Aprende sobre reacciones químicas, moléculas y sustancias, ya que son esenciales en la ciencia de la vida.

2. **Inglés**:
   - **Primeros Pasos**: Si aún no ha tomado clases de inglés, comenzarás con lecciones básicas de gramática y vocabulario.
   - **Intermedio**: Después, puedes empezar a practicar conversación básica o leer textos simplificados.

3. **Ciencias Naturales**:
   - **","Ruta educativa sugerida. Primera opción recomendada: BIOLOGÍA: ECOLOGÍA, con la mayor probabilidad estimada de ingreso (17.6 %). Alternativas: BIOLOGÍA: PESQUERÍA (17.6 %) y NUTRICIÓN HUMANA (12.3 %). Tu fortaleza en Ciencia y Tecnología es coherente con estas opciones. Para mejorar tus posibilidades, refuerza Inglés antes del examen. Estas probabilidades son estimaciones orientativas basadas en postulantes con perfiles similares, no una garantía de resultado.","Ruta educativa sugerida. Primera opción recomendada: BIOLOGÍA: PESQUERÍA, con la mayor probabilidad estimada de ingreso (26.8 %). Alternativas: BIOLOGÍA: ECOLOGÍA (23.4 %) y NUTRICIÓN HUMANA (17.6 %). Tu fortaleza en Ciencia y Tecnología es coherente con estas opciones. Para mejorar tus posibilidades, refuerza Inglés antes del examen. Estas probabilidades son estimaciones orientativas basadas en postulantes con perfiles similares, no una garantía de resultado."
Perfil del postulante: procede de un colegio público de área urbana (UGEL SAN ROMÁN); promedio de secundaria con desempeño satisfactorio; mayor fortaleza en Matemática y menor en Comunicación; postulaciones anteriores: 0; preparación preuniversitaria: cepreuna; área de interés: ingenierías. Probabilidades estimadas de ingreso: INGENIERÍA AGRONÓMICA 15.2 %; INGENIERÍA GEOLÓGICA 13.2 %; INGENIERÍA ECONÓMICA 13.2 %. Genera una ruta educativa personalizada.,"Ruta educativa sugerida. Primera opción recomendada: INGENIERÍA AGRONÓMICA, con la mayor probabilidad estimada de ingreso (15.2 %). Alternativas: INGENIERÍA GEOLÓGICA (13.2 %) y INGENIERÍA ECONÓMICA (13.2 %). Tu fortaleza en Matemática es coherente con estas opciones. Para mejorar tus posibilidades, refuerza Comunicación antes del examen. Estas probabilidades son estimaciones orientativas basadas en postulantes con perfiles similares, no una garantía de resultado.","Basándome en el perfil proporcionado, aquí tienes una ruta educativa personalizada para que tu postulante pueda tener más posibilidades de ingresar a las carreras elegidas:

1. **Matemáticas**: 
   - Continuar tus estudios en matemáticas en secundario.
   - Considerar opciones como matemáticas aplicadas o física, ya que estas materias son fuertes en su currículum.

2. **Comunicación**:
   - Siempre es importante mejorar en esta materia. Considerar cursos adicionales en lenguaje o comunicación empresarial.
   - Enseñanza de idiomas podría ser una opción interesante si tu postulante tiene interés en este campo.

3. **Ing. Agrónoma**:
   - La carrera agronómica requiere un buen conocimiento de biología, química y ciencias de la tierra.
   - Considerar cursos adicionales en estos campos puede","Ruta educativa sugerida. Primera opción recomendada: INGENIERÍA AGRONÓMICA, con la mayor probabilidad estimada de ingreso (17.6 %). Alternativas: INGENIERÍA GEOLÓGICA (15.2 %) y EDUCACIÓN SECUNDARIA DE LA ESPECIALIDAD DE MATEMÁTICA, FÍSICA, COMPUTACIÓN E INFORMÁTICA (13.2 %). Tu fortaleza en Matemática es coherente con estas opciones. Para mejorar tus posibilidades, refuerza Comunicación antes del examen. Estas probabilidades son estimaciones orientativas basadas en postulantes con perfiles similares, no una garantía de resultado.","Ruta educativa sugerida. Primera opción recomendada: INGENIERÍA AGRONÓMICA, con la mayor probabilidad estimada de ingreso (15.2 %). Alternativas: INGENIERÍA GEOLÓGICA (13.2 %) y INGENIERÍA ECONÓMICA (13.2 %). Tu fortaleza en Matemática es coherente con estas opciones. Para mejorar tus posibilidades, refuerza Comunicación antes del examen. Estas probabilidades son estimaciones orientativas basadas en postulantes con perfiles similares, no una garantía de resultado."
Perfil del postulante: procede de un colegio público de área urbana (UGEL SAN ROMÁN); promedio de secundaria con desempeño satisfactorio; mayor fortaleza en Comunicación y menor en Inglés; postulaciones anteriores: 0; preparación preuniversitaria: autoestudio; área de interés: sociales. Probabilidades estimadas de ingreso: SOCIOLOGÍA 36.7 %; ADMINISTRACIÓN 31.1 %; DERECHO 31.1 %. Genera una ruta educativa personalizada.,"Ruta educativa sugerida. Primera opción recomendada: SOCIOLOGÍA, con la mayor probabilidad estimada de ingreso (36.7 %). Alternativas: ADMINISTRACIÓN (31.1 %) y DERECHO (31.1 %). Tu fortaleza en Comunicación es coherente con estas opciones. Para mejorar tus posibilidades, refuerza Inglés antes del examen. Estas probabilidades son estimaciones orientativas basadas en postulantes con perfiles similares, no una garantía de resultado.","Basándome en el perfil proporcionado, aquí tienes una ruta educativa personalizada para que tu postulante pueda aprovechar al máximo sus habilidades y fortalezas:

1. **Comenzar su educación universitaria**: En este punto, ya es importante que tu postulante se prepare para enfrentarse a los nuevos retos de la universidad. Para ello, puedes sugerirle que:
   - Realice un curso preparatorio o preparatoria.
   - Estudie durante todo el año escolar.

2. **Iniciando en la carrera de Derecho**: Como te mencioné anteriormente, hay una probabilidad alta de que tu postulante quiera estudiar Derecho. Por lo tanto, podrías sugerirle que:
   - Se especialice en derecho penal.
   - Aprenda sobre derecho procesal.

3. **Enriquecimiento en Comunicación Social**: Conoces que tu postulante tiene una fort","Ruta educativa sugerida. Primera opción recomendada: SOCIOLOGÍA, con la mayor probabilidad estimada de ingreso (17.6 %). Alternativas: TRABAJO SOCIAL (15.2 %) y CIENCIAS CONTABLES (13.2 %). Tu fortaleza en Comunicación es coherente con estas opciones. Para mejorar tus posibilidades, refuerza Inglés antes del examen. Estas probabilidades son estimaciones orientativas basadas en postulantes con perfiles similares, no una garantía de resultado.","Ruta educativa sugerida. Primera opción recomendada: SOCIOLOGÍA, con la mayor probabilidad estimada de ingreso (36.7 %). Alternativas: ADMINISTRACIÓN (31.1 %) y DERECHO (31.1 %). Tu fortaleza en Comunicación es coherente con estas opciones. Para mejorar tus posibilidades, refuerza Inglés antes del examen. Estas probabilidades son estimaciones orientativas basadas en postulantes con perfiles similares, no una garantía de resultado."
Perfil del postulante: procede de un colegio público de área urbana (UGEL MELGAR); promedio de secundaria con desempeño satisfactorio; mayor fortaleza en Matemática y menor en Ciencia y Tecnología; postulaciones anteriores: 0; preparación preuniversitaria: academia particular; área de interés: sociales. Probabilidades estimadas de ingreso: ADMINISTRACIÓN 17.6 %; SOCIOLOGÍA 17.6 %; TRABAJO SOCIAL 17.6 %. Genera una ruta educativa personalizada.,"Ruta educativa sugerida. Primera opción recomendada: ADMINISTRACIÓN, con la mayor probabilidad estimada de ingreso (17.6 %). Alternativas: SOCIOLOGÍA (17.6 %) y TRABAJO SOCIAL (17.6 %). Tu fortaleza en Matemática es coherente con estas opciones. Para mejorar tus posibilidades, refuerza Ciencia y Tecnología antes del examen. Estas probabilidades son estimaciones orientativas basadas en postulantes con perfiles similares, no una garantía de resultado.","Basándome en el perfil proporcionado, puedo generar una ruta educativa para que tu postulante pueda aprovechar sus fortalezas y potencialidades. Aquí te presento algunas sugerencias:

1. **Matemáticas**: Continúa tus estudios matemáticos en la universidad. La Administración es probablemente la opción más adecuada debido al 17.6% de probabilidad de ingreso. Si tienes suficiente tiempo antes de ingresar a la carrera, podrías considerar la SocioLOGÍA o TRABAJO SOCIAL.

2. **Ciencia y Tecnología**: Aunque no es tu fuerte, puedes seguir estudiando ciencias y tecnología si lo deseas. Las carreras como Ingeniería, Química o Biología pueden ser interesantes.

3. **Social Science**: Considera la carrera de Trabajo Social. Esta opción tiene una alta probabilidad de éxito (17.6%) y puede ser","Ruta educativa sugerida. Primera opción recomendada: SOCIOLOGÍA, con la mayor probabilidad estimada de ingreso (17.6 %). Alternativas: ADMINISTRACIÓN (13.2 %) y EDUCACIÓN FÍSICA (13.2 %). Tu fortaleza en Matemática es coherente con estas opciones. Para mejorar tus posibilidades, refuerza Ciencia y Tecnología antes del examen. Estas probabilidades son estimaciones orientativas basadas en postulantes con perfiles similares, no una garantía de resultado.","Ruta educativa sugerida. Primera opción recomendada: ADMINISTRACIÓN, con la mayor probabilidad estimada de ingreso (17.6 %). Alternativas: SOCIOLOGÍA (17.6 %) y TRABAJO SOCIAL (17.6 %). Tu fortaleza en Matemática es coherente con estas opciones. Para mejorar tus posibilidades, refuerza Ciencia y Tecnología antes del examen. Estas probabilidades son estimaciones orientativas basadas en postulantes con perfiles similares, no una garantía de resultado."
Perfil del postulante: procede de un colegio público de área rural (UGEL MELGAR); promedio de secundaria con desempeño satisfactorio; mayor fortaleza en Comunicación y menor en Ciencia y Tecnología; postulaciones anteriores: 0; preparación preuniversitaria: ninguna; área de interés: ingenierías. Probabilidades estimadas de ingreso: INGENIERÍA TOPOGRÁFICA Y AGRIMENSURA 3.1 %; INGENIERÍA AGRONÓMICA 2.9 %; INGENIERÍA MECÁNICA ELÉCTRICA 2.9 %. Genera una ruta educativa personalizada.,"Ruta educativa sugerida. Primera opción recomendada: INGENIERÍA TOPOGRÁFICA Y AGRIMENSURA, con la mayor probabilidad estimada de ingreso (3.1 %). Alternativas: INGENIERÍA AGRONÓMICA (2.9 %) y INGENIERÍA MECÁNICA ELÉCTRICA (2.9 %). Tu fortaleza en Comunicación es coherente con estas opciones. Para mejorar tus posibilidades, refuerza Ciencia y Tecnología antes del examen y considera una preparación preuniversitaria estructurada. Estas probabilidades son estimaciones orientativas basadas en postulantes con perfiles similares, no una garantía de resultado.","Basándome en el perfil y las probabilidades proporcionados, aquí tienes una ruta educativa personalizada para que tu postulante pueda tener más oportunidades de éxito:

1. **Preparación Preuniversitaria**:
   - Si aún no ha realizado preparación preuniversitaria, considera opciones como los cursos de matemáticas avanzadas, ciencias naturales o técnicas, y habilidades específicas para la carrera elegida.
   
2. **Comunicación**:
   - Mantén un esfuerzo constante en actividades de comunicación, como concursos escolares, talleres de expresión oral, o participación activa en clubes o organizaciones extracurriculares.

3. **Ciencia y Tecnología**:
   - En caso de que sea menos fuerte en esta área, puedes considerar cursos adicionales en física, química o biología. También, participar en proyectos de investigación o desarrollo puede","Ruta educativa sugerida. Primera opción recomendada: INGENIERÍA AGRONÓMICA, con la mayor probabilidad estimada de ingreso (17.6 %). Alternativas: INGENIERÍA GEOLÓGICA (15.2 %) y EDUCACIÓN SECUNDARIA DE LA ESPECIALIDAD DE MATEMÁTICA, FÍSICA, COMPUTACIÓN E INFORMÁTICA (13.2 %). Tu fortaleza en Comunicación es coherente con estas opciones. Para mejorar tus posibilidades, refuerza Ciencia y Tecnología antes del examen y considera una preparación preuniversitaria estructurada. Estas probabilidades son estimaciones orientativas basadas en postulantes con perfiles similares, no una garantía de resultado.","Ruta educativa sugerida. Primera opción recomendada: INGENIERÍA TOPOGRÁFICA Y AGRIMENSURA, con la mayor probabilidad estimada de ingreso (3.1 %). Alternativas: INGENIERÍA AGRONÓMICA (2.9 %) y INGENIERÍA MECÁNICA ELÉCTRICA (2.9 %). Tu fortaleza en Comunicación es coherente con estas opciones. Para mejorar tus posibilidades, refuerza Ciencia y Tecnología antes del examen y considera una preparación preuniversitaria estructurada. Estas probabilidades son estimaciones orientativas basadas en postulantes con perfiles similares, no una garantía de resultado."
Perfil del postulante: procede de un colegio público de área urbana (UGEL PUNO); promedio de secundaria con desempeño satisfactorio; mayor fortaleza en Ciencia y Tecnología y menor en Inglés; postulaciones anteriores: 0; preparación preuniversitaria: nan; área de interés: ingenierías. Probabilidades estimadas de ingreso: INGENIERÍA TOPOGRÁFICA Y AGRIMENSURA 12.3 %; INGENIERÍA AGRONÓMICA 11.0 %; INGENIERÍA MECÁNICA ELÉCTRICA 11.0 %. Genera una ruta educativa personalizada.,"Ruta educativa sugerida. Primera opción recomendada: INGENIERÍA TOPOGRÁFICA Y AGRIMENSURA, con la mayor probabilidad estimada de ingreso (12.3 %). Alternativas: INGENIERÍA AGRONÓMICA (11.0 %) y INGENIERÍA MECÁNICA ELÉCTRICA (11.0 %). Tu fortaleza en Ciencia y Tecnología es coherente con estas opciones. Para mejorar tus posibilidades, refuerza Inglés antes del examen. Estas probabilidades son estimaciones orientativas basadas en postulantes con perfiles similares, no una garantía de resultado.","Basándome en el perfil y las probabilidades proporcionados, aquí tienes una ruta educativa personalizada para que tu postulante pueda tener más posibilidades de ingresar a las carreras elegidas:

1. **Preparación Académica**:
   - **Matemáticas**: Comienza con los fundamentos matemáticos desde el principio. La Matemática es fundamental en todas las ciencias.
   - **Ciencias Naturales**: Continúa con las materias relacionadas con la naturaleza, como Física o Química, ya que estas son parte integral de las ingenierías seleccionadas.

2. **Inglés**:
   - **Primer Semestre**: Comienza con clases de inglés básico. Es importante dominar este idioma para poder comunicarse eficazmente con profesores y compañeros universitarios.
   - **Segundo Semestre**: Comience con clases avanzadas de inglés. Esto te permitirá","Ruta educativa sugerida. Primera opción recomendada: INGENIERÍA AGRONÓMICA, con la mayor probabilidad estimada de ingreso (17.6 %). Alternativas: INGENIERÍA GEOLÓGICA (15.2 %) y EDUCACIÓN SECUNDARIA DE LA ESPECIALIDAD DE MATEMÁTICA, FÍSICA, COMPUTACIÓN E INFORMÁTICA (13.2 %). Tu fortaleza en Ciencia y Tecnología es coherente con estas opciones. Para mejorar tus posibilidades, refuerza Inglés antes del examen. Estas probabilidades son estimaciones orientativas basadas en postulantes con perfiles similares, no una garantía de resultado.","Ruta educativa sugerida. Primera opción recomendada: INGENIERÍA TOPOGRÁFICA Y AGRIMENSURA, con la mayor probabilidad estimada de ingreso (12.3 %). Alternativas: INGENIERÍA AGRONÓMICA (11.0 %) y INGENIERÍA MECÁNICA ELÉCTRICA (11.0 %). Tu fortaleza en Ciencia y Tecnología es coherente con estas opciones. Para mejorar tus posibilidades, refuerza Inglés antes del examen. Estas probabilidades son estimaciones orientativas basadas en postulantes con perfiles similares, no una garantía de resultado."
Perfil del postulante: procede de un colegio privado de área urbana (UGEL EL COLLAO); promedio de secundaria con desempeño satisfactorio; mayor fortaleza en Matemática y menor en Inglés; postulaciones anteriores: 0; preparación preuniversitaria: cepreuna; área de interés: sociales. Probabilidades estimadas de ingreso: TRABAJO SOCIAL 35.3 %; SOCIOLOGÍA 35.3 %; EDUCACIÓN FÍSICA 29.1 %. Genera una ruta educativa personalizada.,"Ruta educativa sugerida. Primera opción recomendada: TRABAJO SOCIAL, con la mayor probabilidad estimada de ingreso (35.3 %). Alternativas: SOCIOLOGÍA (35.3 %) y EDUCACIÓN FÍSICA (29.1 %). Tu fortaleza en Matemática es coherente con estas opciones. Para mejorar tus posibilidades, refuerza Inglés antes del examen. Estas probabilidades son estimaciones orientativas basadas en postulantes con perfiles similares, no una garantía de resultado.","Basándome en el perfil proporcionado, puedo generar una ruta educativa para que tu postulante pueda aprovechar sus fortalezas y potencialidades. Aquí te presento algunas sugerencias:

1. **Matemáticas**: Esta es su fortaleza. Considerando que ya ha demostrado un buen desempeño en esta materia, podrías considerar opciones como:
   - **Educación Social**: La matemática puede ser útil en áreas relacionadas con la justicia social.
   - **Trabajo Social**: En este campo, se utilizan técnicas matemáticas para analizar datos y realizar cálculos.

2. **Inglés**: Su rendimiento en inglés es inferior al esperado. Para mejorar esto, puedes considerar:
   - **Preparación para Exámenes Internacionales**: Siempre hay cursos o programas que ayudan a mejorar los niveles de inglés.
   - **Cursos Online**: Hay muchas plata","Ruta educativa sugerida. Primera opción recomendada: SOCIOLOGÍA, con la mayor probabilidad estimada de ingreso (17.6 %). Alternativas: TRABAJO SOCIAL (15.2 %) y CIENCIAS CONTABLES (13.2 %). Tu fortaleza en Matemática es coherente con estas opciones. Para mejorar tus posibilidades, refuerza Inglés antes del examen. Estas probabilidades son estimaciones orientativas basadas en postulantes con perfiles similares, no una garantía de resultado.","Ruta educativa sugerida. Primera opción recomendada: TRABAJO SOCIAL, con la mayor probabilidad estimada de ingreso (35.3 %). Alternativas: SOCIOLOGÍA (35.3 %) y EDUCACIÓN FÍSICA (29.1 %). Tu fortaleza en Matemática es coherente con estas opciones. Para mejorar tus posibilidades, refuerza Inglés antes del examen. Estas probabilidades son estimaciones orientativas basadas en postulantes con perfiles similares, no una garantía de resultado."
Perfil del postulante: procede de un colegio público de área rural (UGEL AREQUIPA); promedio de secundaria con desempeño satisfactorio; mayor fortaleza en Ciencia y Tecnología y menor en Inglés; postulaciones anteriores: 0; preparación preuniversitaria: ninguna; área de interés: sociales. Probabilidades estimadas de ingreso: ADMINISTRACIÓN 5.8 %; CIENCIAS CONTABLES 5.8 %; TRABAJO SOCIAL 5.8 %. Genera una ruta educativa personalizada.,"Ruta educativa sugerida. Primera opción recomendada: ADMINISTRACIÓN, con la mayor probabilidad estimada de ingreso (5.8 %). Alternativas: CIENCIAS CONTABLES (5.8 %) y TRABAJO SOCIAL (5.8 %). Tu fortaleza en Ciencia y Tecnología es coherente con estas opciones. Para mejorar tus posibilidades, refuerza Inglés antes del examen y considera una preparación preuniversitaria estructurada. Estas probabilidades son estimaciones orientativas basadas en postulantes con perfiles similares, no una garantía de resultado.","Basándome en el perfil proporcionado, aquí tienes una ruta educativa personalizada para que tu postulante pueda aprovechar sus fortalezas y potencial:

1. **Primera Semana**: 
   - **Iniciación al Estudio**: Comienza con los fundamentos de la administración, como conceptos básicos de gestión empresarial, sistemas operativos y bases de datos.
   - **Primeros Pasos en Administración**: Utiliza recursos online o libros para entender conceptos básicos de administración.

2. **Segunda Semana**:
   - **Tecnologías de Gestión**: Aprende sobre herramientas digitales importantes en la industria de la administración, como ERP (Enterprise Resource Planning) o CRM (Customer Relationship Management).
   - **Introducción a la Contabilidad**: Comienza con conceptos básicos de contabilidad, incluyendo cálculo financiero y manejo de inventarios.

3","Ruta educativa sugerida. Primera opción recomendada: SOCIOLOGÍA, con la mayor probabilidad estimada de ingreso (17.6 %). Alternativas: ADMINISTRACIÓN (13.2 %) y EDUCACIÓN FÍSICA (13.2 %). Tu fortaleza en Ciencia y Tecnología es coherente con estas opciones. Para mejorar tus posibilidades, refuerza Inglés antes del examen y considera una preparación preuniversitaria estructurada. Estas probabilidades son estimaciones orientativas basadas en postulantes con perfiles similares, no una garantía de resultado.","Ruta educativa sugerida. Primera opción recomendada: ADMINISTRACIÓN, con la mayor probabilidad estimada de ingreso (5.8 %). Alternativas: CIENCIAS CONTABLES (5.8 %) y TRABAJO SOCIAL (5.8 %). Tu fortaleza en Ciencia y Tecnología es coherente con estas opciones. Para mejorar tus posibilidades, refuerza Inglés antes del examen y considera una preparación preuniversitaria estructurada. Estas probabilidades son estimaciones orientativas basadas en postulantes con perfiles similares, no una garantía de resultado."
Perfil del postulante: procede de un colegio privado de área urbana (UGEL PUNO); promedio de secundaria con desempeño en proceso; mayor fortaleza en Ciencias Sociales y menor en Matemática; postulaciones anteriores: 0; preparación preuniversitaria: cepreuna previo; área de interés: ingenierías. Probabilidades estimadas de ingreso: INGENIERÍA AGRONÓMICA 2.4 %; INGENIERÍA GEOLÓGICA 2.4 %; INGENIERÍA CIVIL 1.7 %. Genera una ruta educativa personalizada.,"Ruta educativa sugerida. Primera opción recomendada: INGENIERÍA AGRONÓMICA, con la mayor probabilidad estimada de ingreso (2.4 %). Alternativas: INGENIERÍA GEOLÓGICA (2.4 %) y INGENIERÍA CIVIL (1.7 %). Tu fortaleza en Ciencias Sociales es coherente con estas opciones. Para mejorar tus posibilidades, refuerza Matemática antes del examen. Estas probabilidades son estimaciones orientativas basadas en postulantes con perfiles similares, no una garantía de resultado.","Basándome en el perfil proporcionado, aquí tienes una ruta educativa personalizada para que tu postulante pueda tener más posibilidades de ingresar a las carreras elegidas:

1. **Preparación Académica**:
   - **Matemáticas**: Comienza con los fundamentos matemáticos desde cero. Utiliza recursos como libros de texto, aplicaciones educativas en línea o tutorias.
   - **Ciencias Sociales**: En este caso, ya tiene una fortaleza, pero puede considerar revisar conceptos básicos de ciencia política, economía, historia social y cultura regional.

2. **Pruebas de Admisión**:
   - **Cepreuna**: Si aún no ha realizado esta prueba, es importante comenzar a estudiarla. Los recursos pueden ser libros de estudio, videos explicativos y simuladores de exámenes.
   - **Exámenes de Admisión Universitarias**: Considera","Ruta educativa sugerida. Primera opción recomendada: INGENIERÍA AGRONÓMICA, con la mayor probabilidad estimada de ingreso (17.6 %). Alternativas: INGENIERÍA GEOLÓGICA (15.2 %) y EDUCACIÓN SECUNDARIA DE LA ESPECIALIDAD DE MATEMÁTICA, FÍSICA, COMPUTACIÓN E INFORMÁTICA (13.2 %). Tu fortaleza en Ciencias Sociales es coherente con estas opciones. Para mejorar tus posibilidades, refuerza Matemática antes del examen. Estas probabilidades son estimaciones orientativas basadas en postulantes con perfiles similares, no una garantía de resultado.","Ruta educativa sugerida. Primera opción recomendada: INGENIERÍA AGRONÓMICA, con la mayor probabilidad estimada de ingreso (2.4 %). Alternativas: INGENIERÍA GEOLÓGICA (2.4 %) y INGENIERÍA CIVIL (1.7 %). Tu fortaleza en Ciencias Sociales es coherente con estas opciones. Para mejorar tus posibilidades, refuerza Matemática antes del examen. Estas probabilidades son estimaciones orientativas basadas en postulantes con perfiles similares, no una garantía de resultado."
Perfil del postulante: procede de un colegio público de área urbana (UGEL GENERAL SANCHEZ CERRO); promedio de secundaria con desempeño satisfactorio; mayor fortaleza en Matemática y menor en Ciencia y Tecnología; postulaciones anteriores: 1; preparación preuniversitaria: academia particular; área de interés: sociales. Probabilidades estimadas de ingreso: TRABAJO SOCIAL 26.8 %; SOCIOLOGÍA 25.9 %; CIENCIAS CONTABLES 24.8 %. Genera una ruta educativa personalizada.,"Ruta educativa sugerida. Primera opción recomendada: TRABAJO SOCIAL, con la mayor probabilidad estimada de ingreso (26.8 %). Alternativas: SOCIOLOGÍA (25.9 %) y CIENCIAS CONTABLES (24.8 %). Tu fortaleza en Matemática es coherente con estas opciones. Para mejorar tus posibilidades, refuerza Ciencia y Tecnología antes del examen. Estas probabilidades son estimaciones orientativas basadas en postulantes con perfiles similares, no una garantía de resultado.","Basándome en el perfil proporcionado, puedo generar una ruta educativa para este postulante que se adapte mejor a sus fortalezas y debilidades:

1. **Matemáticas**: 
   - Continuar con matemáticas en la universidad.
   - Considerar opciones como ingeniería o ciencias de la computación.

2. **Ciencias Sociales**:
   - Incluir materias relacionadas con los temas de interés social.
   - Considerar carreras como psicología, sociología o economía.

3. **Ingenierías**:
   - Siempre tener presente la opción de ingeniería, ya sea en áreas donde su fortaleza está (matemáticas) o en áreas donde puede mejorar (ciencias sociales).

4. **Preparación para el Trabajo Social**:
   - En caso de ingresar al trabajo social, considerar posibles carreras como psicología social, gestión de conflictos o","Ruta educativa sugerida. Primera opción recomendada: SOCIOLOGÍA, con la mayor probabilidad estimada de ingreso (26.8 %). Alternativas: TRABAJO SOCIAL (25.9 %) y ADMINISTRACIÓN (20.7 %). Tu fortaleza en Matemática es coherente con estas opciones. Para mejorar tus posibilidades, refuerza Ciencia y Tecnología antes del examen. Estas probabilidades son estimaciones orientativas basadas en postulantes con perfiles similares, no una garantía de resultado.","Ruta educativa sugerida. Primera opción recomendada: TRABAJO SOCIAL, con la mayor probabilidad estimada de ingreso (26.8 %). Alternativas: SOCIOLOGÍA (25.9 %) y CIENCIAS CONTABLES (24.8 %). Tu fortaleza en Matemática es coherente con estas opciones. Para mejorar tus posibilidades, refuerza Ciencia y Tecnología antes del examen. Estas probabilidades son estimaciones orientativas basadas en postulantes con perfiles similares, no una garantía de resultado."
Perfil del postulante: procede de un colegio público de área urbana (nan); promedio de secundaria con desempeño satisfactorio; mayor fortaleza en Comunicación y menor en Ciencia y Tecnología; postulaciones anteriores: 2; preparación preuniversitaria: cepreuna previo; área de interés: biomédicas. Probabilidades estimadas de ingreso: BIOLOGÍA: PESQUERÍA 15.2 %; BIOLOGÍA: ECOLOGÍA 13.2 %; NUTRICIÓN HUMANA 11.0 %. Genera una ruta educativa personalizada.,"Ruta educativa sugerida. Primera opción recomendada: BIOLOGÍA: PESQUERÍA, con la mayor probabilidad estimada de ingreso (15.2 %). Alternativas: BIOLOGÍA: ECOLOGÍA (13.2 %) y NUTRICIÓN HUMANA (11.0 %). Tu fortaleza en Comunicación es coherente con estas opciones. Para mejorar tus posibilidades, refuerza Ciencia y Tecnología antes del examen. Estas probabilidades son estimaciones orientativas basadas en postulantes con perfiles similares, no una garantía de resultado.","Basándome en el perfil proporcionado, puedo generar una ruta educativa para que tu postulante tenga más posibilidades de ingresar a la carrera de Biomédica en la UNAN-PU. Aquí te presento algunas sugerencias:

1. **Comenzar con los fundamentos**: En primer lugar, deberías enfocarte en materias relacionadas con la salud y la medicina. Esto incluye:
   - Química Orgánica
   - Bioquímica
   - Fisiología

2. **Incluir ciencia y tecnología**: Aunque tu postulante tiene menos fortalezas en esta área, es importante no dejar de lado sus habilidades. Considera:
   - Biología Molecular
   - Genética
   - Microbiología

3. **Estudiar Comunicación**: Como ya tienes una fortaleza en este campo, puedes aprovecharlo para complementar tus estudios. Considera:","Ruta educativa sugerida. Primera opción recomendada: BIOLOGÍA: ECOLOGÍA, con la mayor probabilidad estimada de ingreso (17.6 %). Alternativas: BIOLOGÍA: PESQUERÍA (17.6 %) y NUTRICIÓN HUMANA (13.2 %). Tu fortaleza en Comunicación es coherente con estas opciones. Para mejorar tus posibilidades, refuerza Ciencia y Tecnología antes del examen. Estas probabilidades son estimaciones orientativas basadas en postulantes con perfiles similares, no una garantía de resultado.","Ruta educativa sugerida. Primera opción recomendada: BIOLOGÍA: PESQUERÍA, con la mayor probabilidad estimada de ingreso (15.2 %). Alternativas: BIOLOGÍA: ECOLOGÍA (13.2 %) y NUTRICIÓN HUMANA (11.0 %). Tu fortaleza en Comunicación es coherente con estas opciones. Para mejorar tus posibilidades, refuerza Ciencia y Tecnología antes del examen. Estas probabilidades son estimaciones orientativas basadas en postulantes con perfiles similares, no una garantía de resultado."
Perfil del postulante: procede de un colegio público de área rural (UGEL SAN ANTONIO DE PUTINA); promedio de secundaria con desempeño satisfactorio; mayor fortaleza en Inglés y menor en Ciencias Sociales; postulaciones anteriores: 0; preparación preuniversitaria: nan; área de interés: biomédicas. Probabilidades estimadas de ingreso: BIOLOGÍA: PESQUERÍA 11.0 %; BIOLOGÍA: ECOLOGÍA 8.9 %; ODONTOLOGÍA 5.8 %. Genera una ruta educativa personalizada.,"Ruta educativa sugerida. Primera opción recomendada: BIOLOGÍA: PESQUERÍA, con la mayor probabilidad estimada de ingreso (11.0 %). Alternativas: BIOLOGÍA: ECOLOGÍA (8.9 %) y ODONTOLOGÍA (5.8 %). Tu fortaleza en Inglés es coherente con estas opciones. Para mejorar tus posibilidades, refuerza Ciencias Sociales antes del examen. Estas probabilidades son estimaciones orientativas basadas en postulantes con perfiles similares, no una garantía de resultado.","Basándome en el perfil proporcionado, aquí tienes una ruta educativa personalizada para que tu postulante pueda tener más posibilidades de ingresar a la carrera de Biología:

1. **Preparación Académica**:
   - **Iniciales**: Comienza con los fundamentos de la biología básica.
     - **Libros recomendados**: ""Fundamentos de la Biología"" por David R. Munk et al., o ""Biología: Una Introducción a la Ciencia"" por James A. Moore.
     - **Cursos Online**: Utiliza plataformas como Coursera o edX para aprender sobre genética, bioquímica y ecología básica.

2. **Primeros Pasos Universitarios**:
   - **Matrícula**: Enseña a tu postulante cómo matricularse en universidad y cómo gestionar su cuenta académica.
   - **Planificación**: Ay","Ruta educativa sugerida. Primera opción recomendada: BIOLOGÍA: ECOLOGÍA, con la mayor probabilidad estimada de ingreso (17.6 %). Alternativas: BIOLOGÍA: PESQUERÍA (17.6 %) y NUTRICIÓN HUMANA (12.3 %). Tu fortaleza en Inglés es coherente con estas opciones. Para mejorar tus posibilidades, refuerza Ciencias Sociales antes del examen. Estas probabilidades son estimaciones orientativas basadas en postulantes con perfiles similares, no una garantía de resultado.","Ruta educativa sugerida. Primera opción recomendada: BIOLOGÍA: PESQUERÍA, con la mayor probabilidad estimada de ingreso (11.0 %). Alternativas: BIOLOGÍA: ECOLOGÍA (8.9 %) y ODONTOLOGÍA (5.8 %). Tu fortaleza en Inglés es coherente con estas opciones. Para mejorar tus posibilidades, refuerza Ciencias Sociales antes del examen. Estas probabilidades son estimaciones orientativas basadas en postulantes con perfiles similares, no una garantía de resultado."
"Perfil del postulante: procede de un colegio público de área urbana (UGEL PUNO); promedio de secundaria con desempeño satisfactorio; mayor fortaleza en Comunicación y menor en Matemática; postulaciones anteriores: 1; preparación preuniversitaria: autoestudio; área de interés: ingenierías. Probabilidades estimadas de ingreso: INGENIERÍA AGRONÓMICA 31.1 %; INGENIERÍA TOPOGRÁFICA Y AGRIMENSURA 29.1 %; EDUCACIÓN SECUNDARIA DE LA ESPECIALIDAD DE MATEMÁTICA, FÍSICA, COMPUTACIÓN E INFORMÁTICA 24.8 %. Genera una ruta educativa personalizada.","Ruta educativa sugerida. Primera opción recomendada: INGENIERÍA AGRONÓMICA, con la mayor probabilidad estimada de ingreso (31.1 %). Alternativas: INGENIERÍA TOPOGRÁFICA Y AGRIMENSURA (29.1 %) y EDUCACIÓN SECUNDARIA DE LA ESPECIALIDAD DE MATEMÁTICA, FÍSICA, COMPUTACIÓN E INFORMÁTICA (24.8 %). Tu fortaleza en Comunicación es coherente con estas opciones. Para mejorar tus posibilidades, refuerza Matemática antes del examen. Estas probabilidades son estimaciones orientativas basadas en postulantes con perfiles similares, no una garantía de resultado.","Basándome en el perfil proporcionado, puedo generar una ruta educativa para que tu postulante pueda aprovechar sus fortalezas y potencialidades:

1. **Comenzar su educación universitaria**: En este punto, ya es importante que tu postulante se prepare para enfrentarse al mundo académico. Para ello, recomendaría:
   - **Matemáticas**: Considerando que tiene menos fortaleza en esta materia, sería beneficioso comenzar con los fundamentos matemáticos. Podría considerar opciones como matemáticas aplicadas o ciencias naturales.
   - **Comunicación**: Conocimientos básicos en comunicación pueden ser muy útiles en muchas áreas de estudio.

2. **Preparación inicial**: Después de haberse familiarizado con los aspectos básicos de la matemática y la comunicación, podrían considerar:
   - **Educación Secundaria de la Especialidad de Matem","Ruta educativa sugerida. Primera opción recomendada: INGENIERÍA AGRONÓMICA, con la mayor probabilidad estimada de ingreso (26.8 %). Alternativas: INGENIERÍA GEOLÓGICA (25.9 %) y EDUCACIÓN SECUNDARIA DE LA ESPECIALIDAD DE MATEMÁTICA, FÍSICA, COMPUTACIÓN E INFORMÁTICA (23.4 %). Tu fortaleza en Comunicación es coherente con estas opciones. Para mejorar tus posibilidades, refuerza Matemática antes del examen. Estas probabilidades son estimaciones orientativas basadas en postulantes con perfiles similares, no una garantía de resultado.","Ruta educativa sugerida. Primera opción recomendada: INGENIERÍA AGRONÓMICA, con la mayor probabilidad estimada de ingreso (31.1 %). Alternativas: INGENIERÍA TOPOGRÁFICA Y AGRIMENSURA (29.1 %) y EDUCACIÓN SECUNDARIA DE LA ESPECIALIDAD DE MATEMÁTICA, FÍSICA, COMPUTACIÓN E INFORMÁTICA (24.8 %). Tu fortaleza en Comunicación es coherente con estas opciones. Para mejorar tus posibilidades, refuerza Matemática antes del examen. Estas probabilidades son estimaciones orientativas basadas en postulantes con perfiles similares, no una garantía de resultado."
Perfil del postulante: procede de un colegio público de área urbana (UGEL SAN ROMÁN); promedio de secundaria con desempeño satisfactorio; mayor fortaleza en Ciencia y Tecnología y menor en Inglés; postulaciones anteriores: 0; preparación preuniversitaria: academia particular; área de interés: ingenierías. Probabilidades estimadas de ingreso: INGENIERÍA TOPOGRÁFICA Y AGRIMENSURA 30.7 %; INGENIERÍA GEOLÓGICA 28.9 %; INGENIERÍA AGRONÓMICA 27.9 %. Genera una ruta educativa personalizada.,"Ruta educativa sugerida. Primera opción recomendada: INGENIERÍA TOPOGRÁFICA Y AGRIMENSURA, con la mayor probabilidad estimada de ingreso (30.7 %). Alternativas: INGENIERÍA GEOLÓGICA (28.9 %) y INGENIERÍA AGRONÓMICA (27.9 %). Tu fortaleza en Ciencia y Tecnología es coherente con estas opciones. Para mejorar tus posibilidades, refuerza Inglés antes del examen. Estas probabilidades son estimaciones orientativas basadas en postulantes con perfiles similares, no una garantía de resultado.","Basándome en el perfil y las probabilidades proporcionados, aquí tienes una ruta educativa personalizada para que tu postulante pueda tener más posibilidades de ingresar a las carreras seleccionadas:

1. **Preparación Académica**:
   - **Matemáticas**: Comienza con los fundamentos matemáticos desde cero. Los temas clave son álgebra, trigonometría, geometría analítica y cálculo.
   - **Ciencias Naturales**: Continúa con ciencias naturales, especialmente física y química. Estudia estos temas profundamente ya que serán esenciales para futuras carreras como Ingeniería Topográfica y Agrimensura.

2. **Inglés**:
   - **Primeras Fases**: Comienza con lecciones básicas de inglés. Es importante dominar vocabulario básico y gramática básica antes de avanzar al nivel intermedio o avanzado.","Ruta educativa sugerida. Primera opción recomendada: INGENIERÍA AGRONÓMICA, con la mayor probabilidad estimada de ingreso (17.6 %). Alternativas: INGENIERÍA GEOLÓGICA (15.2 %) y EDUCACIÓN SECUNDARIA DE LA ESPECIALIDAD DE MATEMÁTICA, FÍSICA, COMPUTACIÓN E INFORMÁTICA (13.2 %). Tu fortaleza en Ciencia y Tecnología es coherente con estas opciones. Para mejorar tus posibilidades, refuerza Inglés antes del examen. Estas probabilidades son estimaciones orientativas basadas en postulantes con perfiles similares, no una garantía de resultado.","Ruta educativa sugerida. Primera opción recomendada: INGENIERÍA TOPOGRÁFICA Y AGRIMENSURA, con la mayor probabilidad estimada de ingreso (30.7 %). Alternativas: INGENIERÍA GEOLÓGICA (28.9 %) y INGENIERÍA AGRONÓMICA (27.9 %). Tu fortaleza en Ciencia y Tecnología es coherente con estas opciones. Para mejorar tus posibilidades, refuerza Inglés antes del examen. Estas probabilidades son estimaciones orientativas basadas en postulantes con perfiles similares, no una garantía de resultado."
Perfil del postulante: procede de un colegio público de área nan (UGEL MELGAR); promedio de secundaria con desempeño satisfactorio; mayor fortaleza en Comunicación y menor en Matemática; postulaciones anteriores: 0; preparación preuniversitaria: nan; área de interés: biomédicas. Probabilidades estimadas de ingreso: BIOLOGÍA: PESQUERÍA 5.8 %; BIOLOGÍA: ECOLOGÍA 5.1 %; BIOLOGÍA: MICROBIOLOGÍA Y LABORATORIO CLÍNICO 2.4 %. Genera una ruta educativa personalizada.,"Ruta educativa sugerida. Primera opción recomendada: BIOLOGÍA: PESQUERÍA, con la mayor probabilidad estimada de ingreso (5.8 %). Alternativas: BIOLOGÍA: ECOLOGÍA (5.1 %) y BIOLOGÍA: MICROBIOLOGÍA Y LABORATORIO CLÍNICO (2.4 %). Tu fortaleza en Comunicación es coherente con estas opciones. Para mejorar tus posibilidades, refuerza Matemática antes del examen. Estas probabilidades son estimaciones orientativas basadas en postulantes con perfiles similares, no una garantía de resultado.","Basándome en el perfil proporcionado, aquí tienes una ruta educativa personalizada para que tu postulante pueda aprovechar sus fortalezas y potencial:

1. **Comenzar su preparación universitaria**: 
   - **Primera Semana**: Iniciar su preparación universitaria en línea o en formato de tutorías.
   - **Segunda Semana**: Realizar sesiones de estudio en casa, utilizando recursos como libros electrónicos, plataformas de aprendizaje online y aplicaciones educativas.

2. **Matemáticas**:
   - **Tercera Semana**: Enviarle material matemático adicional desde la plataforma de aprendizaje escolar.
   - **Cuarta Semana**: Participar en sesiones de simulación matemática en línea para mejorar sus habilidades.

3. **Comunicación**:
   - **Quinta Semana**: Asignarse a cursos de idiomas relacion","Ruta educativa sugerida. Primera opción recomendada: BIOLOGÍA: ECOLOGÍA, con la mayor probabilidad estimada de ingreso (17.6 %). Alternativas: BIOLOGÍA: PESQUERÍA (17.6 %) y NUTRICIÓN HUMANA (12.3 %). Tu fortaleza en Comunicación es coherente con estas opciones. Para mejorar tus posibilidades, refuerza Matemática antes del examen. Estas probabilidades son estimaciones orientativas basadas en postulantes con perfiles similares, no una garantía de resultado.","Ruta educativa sugerida. Primera opción recomendada: BIOLOGÍA: PESQUERÍA, con la mayor probabilidad estimada de ingreso (5.8 %). Alternativas: BIOLOGÍA: ECOLOGÍA (5.1 %) y BIOLOGÍA: MICROBIOLOGÍA Y LABORATORIO CLÍNICO (2.4 %). Tu fortaleza en Comunicación es coherente con estas opciones. Para mejorar tus posibilidades, refuerza Matemática antes del examen. Estas probabilidades son estimaciones orientativas basadas en postulantes con perfiles similares, no una garantía de resultado."
Perfil del postulante: procede de un colegio privado de área rural (UGEL TACNA); promedio de secundaria con desempeño satisfactorio; mayor fortaleza en Ciencias Sociales y menor en Matemática; postulaciones anteriores: 0; preparación preuniversitaria: nan; área de interés: biomédicas. Probabilidades estimadas de ingreso: BIOLOGÍA: ECOLOGÍA 5.1 %; BIOLOGÍA: PESQUERÍA 5.1 %; NUTRICIÓN HUMANA 2.4 %. Genera una ruta educativa personalizada.,"Ruta educativa sugerida. Primera opción recomendada: BIOLOGÍA: ECOLOGÍA, con la mayor probabilidad estimada de ingreso (5.1 %). Alternativas: BIOLOGÍA: PESQUERÍA (5.1 %) y NUTRICIÓN HUMANA (2.4 %). Tu fortaleza en Ciencias Sociales es coherente con estas opciones. Para mejorar tus posibilidades, refuerza Matemática antes del examen. Estas probabilidades son estimaciones orientativas basadas en postulantes con perfiles similares, no una garantía de resultado.","Basándome en el perfil proporcionado, aquí tienes una ruta educativa personalizada para que tu postulante pueda aprovechar al máximo sus posibilidades:

1. **Primera Semana**: 
   - **Matemáticas**: Comienza con los fundamentos matemáticos. Utiliza recursos como libros de texto, tutoriales en línea o aplicaciones móviles.
   - **Ciencias Sociales**: Aprende sobre temas relacionados a su área de interés (Biomédica) utilizando libros de texto, videos explicativos y sitios web de aprendizaje.

2. **Segunda Semana**:
   - **Biología**: Inicia con materias básicas de Biología, como química básica y física básica. Utiliza material de estudio en línea y libros de texto.
   - **Ecología**: Investiga sobre ecología y cómo se relacionan los aspectos biológicos con otros campos de estudio. Utiliza recursos en","Ruta educativa sugerida. Primera opción recomendada: BIOLOGÍA: PESQUERÍA, con la mayor probabilidad estimada de ingreso (17.6 %). Alternativas: BIOLOGÍA: ECOLOGÍA (12.3 %) y NUTRICIÓN HUMANA (8.9 %). Tu fortaleza en Ciencias Sociales es coherente con estas opciones. Para mejorar tus posibilidades, refuerza Matemática antes del examen. Estas probabilidades son estimaciones orientativas basadas en postulantes con perfiles similares, no una garantía de resultado.","Ruta educativa sugerida. Primera opción recomendada: BIOLOGÍA: ECOLOGÍA, con la mayor probabilidad estimada de ingreso (5.1 %). Alternativas: BIOLOGÍA: PESQUERÍA (5.1 %) y NUTRICIÓN HUMANA (2.4 %). Tu fortaleza en Ciencias Sociales es coherente con estas opciones. Para mejorar tus posibilidades, refuerza Matemática antes del examen. Estas probabilidades son estimaciones orientativas basadas en postulantes con perfiles similares, no una garantía de resultado."
Perfil del postulante: procede de un colegio público de área urbana (UGEL PUNO); promedio de secundaria con desempeño satisfactorio; mayor fortaleza en Ciencia y Tecnología y menor en Inglés; postulaciones anteriores: 0; preparación preuniversitaria: cepreuna previo; área de interés: ingenierías. Probabilidades estimadas de ingreso: INGENIERÍA AGRONÓMICA 12.3 %; INGENIERÍA GEOLÓGICA 11.6 %; INGENIERÍA TOPOGRÁFICA Y AGRIMENSURA 11.0 %. Genera una ruta educativa personalizada.,"Ruta educativa sugerida. Primera opción recomendada: INGENIERÍA AGRONÓMICA, con la mayor probabilidad estimada de ingreso (12.3 %). Alternativas: INGENIERÍA GEOLÓGICA (11.6 %) y INGENIERÍA TOPOGRÁFICA Y AGRIMENSURA (11.0 %). Tu fortaleza en Ciencia y Tecnología es coherente con estas opciones. Para mejorar tus posibilidades, refuerza Inglés antes del examen. Estas probabilidades son estimaciones orientativas basadas en postulantes con perfiles similares, no una garantía de resultado.","Basándome en el perfil y las probabilidades proporcionados, aquí tienes una ruta educativa personalizada para que tu postulante pueda aprovechar al máximo sus posibilidades de ingresar a una de las carreras elegidas:

1. **Preparación Académica**:
   - **Matemáticas**: Comienza con los fundamentos matemáticos desde cero. Los temas clave son álgebra, trigonometría, geometría analítica y cálculo.
   - **Ingeniería Básica**: En este punto, puedes introducir conceptos básicos de ciencias de la computación, física o química.

2. **Primeros Pasos Universitarios**:
   - **Cepreuna**: Continúa tus estudios universitarios con CEPRENA, ya sea como parte de tu preparatoria o como un curso de acceso a la carrera de Ingeniería Agronomía.
   - **Ingles","Ruta educativa sugerida. Primera opción recomendada: INGENIERÍA AGRONÓMICA, con la mayor probabilidad estimada de ingreso (17.6 %). Alternativas: INGENIERÍA GEOLÓGICA (15.2 %) y EDUCACIÓN SECUNDARIA DE LA ESPECIALIDAD DE MATEMÁTICA, FÍSICA, COMPUTACIÓN E INFORMÁTICA (13.2 %). Tu fortaleza en Ciencia y Tecnología es coherente con estas opciones. Para mejorar tus posibilidades, refuerza Inglés antes del examen. Estas probabilidades son estimaciones orientativas basadas en postulantes con perfiles similares, no una garantía de resultado.","Ruta educativa sugerida. Primera opción recomendada: INGENIERÍA AGRONÓMICA, con la mayor probabilidad estimada de ingreso (12.3 %). Alternativas: INGENIERÍA GEOLÓGICA (11.6 %) y INGENIERÍA TOPOGRÁFICA Y AGRIMENSURA (11.0 %). Tu fortaleza en Ciencia y Tecnología es coherente con estas opciones. Para mejorar tus posibilidades, refuerza Inglés antes del examen. Estas probabilidades son estimaciones orientativas basadas en postulantes con perfiles similares, no una garantía de resultado."
Perfil del postulante: procede de un colegio público de área rural (UGEL SANDIA); promedio de secundaria con desempeño satisfactorio; mayor fortaleza en Ciencias Sociales y menor en Comunicación; postulaciones anteriores: 0; preparación preuniversitaria: autoestudio; área de interés: sociales. Probabilidades estimadas de ingreso: SOCIOLOGÍA 11.0 %; CIENCIAS CONTABLES 8.9 %; EDUCACIÓN INICIAL 7.3 %. Genera una ruta educativa personalizada.,"Ruta educativa sugerida. Primera opción recomendada: SOCIOLOGÍA, con la mayor probabilidad estimada de ingreso (11.0 %). Alternativas: CIENCIAS CONTABLES (8.9 %) y EDUCACIÓN INICIAL (7.3 %). Tu fortaleza en Ciencias Sociales es coherente con estas opciones. Para mejorar tus posibilidades, refuerza Comunicación antes del examen. Estas probabilidades son estimaciones orientativas basadas en postulantes con perfiles similares, no una garantía de resultado.","Basado en el perfil proporcionado, aquí tienes una ruta educativa personalizada para que tu postulante pueda aprovechar sus fortalezas y potencial:

1. **Primera Semana**: 
   - **Iniciación Académica**: Inicia su carrera universitaria con un curso introductorio sobre los fundamentos de la educación superior.
   - **Comunicación Social**: Realiza un seminario o taller práctico sobre comunicación social para mejorar sus habilidades en este campo.

2. **Segunda Semana**:
   - **Ciencias Sociales**: Asiste a un curso básico de ciencias sociales para profundizar en esta área de interés.
   - **Educación Inicial**: Participa en un programa de formación inicial en educación básica para adquirir conocimientos básicos en educación.

3. **Tercera Semana**:
   - **Primer Curso Universitario**: Se inscribe en el curso más probable","Ruta educativa sugerida. Primera opción recomendada: SOCIOLOGÍA, con la mayor probabilidad estimada de ingreso (17.6 %). Alternativas: CIENCIAS CONTABLES (15.2 %) y TRABAJO SOCIAL (13.2 %). Tu fortaleza en Ciencias Sociales es coherente con estas opciones. Para mejorar tus posibilidades, refuerza Comunicación antes del examen. Estas probabilidades son estimaciones orientativas basadas en postulantes con perfiles similares, no una garantía de resultado.","Ruta educativa sugerida. Primera opción recomendada: SOCIOLOGÍA, con la mayor probabilidad estimada de ingreso (11.0 %). Alternativas: CIENCIAS CONTABLES (8.9 %) y EDUCACIÓN INICIAL (7.3 %). Tu fortaleza en Ciencias Sociales es coherente con estas opciones. Para mejorar tus posibilidades, refuerza Comunicación antes del examen. Estas probabilidades son estimaciones orientativas basadas en postulantes con perfiles similares, no una garantía de resultado."
Perfil del postulante: procede de un colegio público de área rural (UGEL MELGAR); promedio de secundaria con desempeño satisfactorio; mayor fortaleza en Comunicación y menor en Matemática; postulaciones anteriores: 1; preparación preuniversitaria: cepreuna previo; área de interés: sociales. Probabilidades estimadas de ingreso: TRABAJO SOCIAL 4.8 %; SOCIOLOGÍA 4.8 %; CIENCIAS CONTABLES 3.1 %. Genera una ruta educativa personalizada.,"Ruta educativa sugerida. Primera opción recomendada: TRABAJO SOCIAL, con la mayor probabilidad estimada de ingreso (4.8 %). Alternativas: SOCIOLOGÍA (4.8 %) y CIENCIAS CONTABLES (3.1 %). Tu fortaleza en Comunicación es coherente con estas opciones. Para mejorar tus posibilidades, refuerza Matemática antes del examen. Estas probabilidades son estimaciones orientativas basadas en postulantes con perfiles similares, no una garantía de resultado.","Basándome en el perfil proporcionado, puedo generar una ruta educativa para que tu postulante pueda aprovechar sus fortalezas y potencialidades:

1. **Comenzar su educación universitaria**: Considerando que ya ha realizado la preparación preuniversitaria CEPRENA previa, es probable que tenga cierto nivel de conocimientos matemáticos. Para empezar, podría considerarse una carrera o programa de grado en Ciencias Sociales.

2. **Iniciar en Ciencias Sociales**: La opción más probable sería entrar en una carrera o programa de grado en Ciencias Sociales. Esto se debe a que los estudios en esta área pueden ser muy gratificantes y también pueden permitirle aplicar sus habilidades de comunicación.

3. **Seguir en Ciencias Sociales**: Una vez dentro de este campo, podrías considerar seguir profundizando en áreas específicas como Psicología, Sociología, o Ge","Ruta educativa sugerida. Primera opción recomendada: SOCIOLOGÍA, con la mayor probabilidad estimada de ingreso (26.8 %). Alternativas: TRABAJO SOCIAL (25.9 %) y CIENCIAS CONTABLES (20.7 %). Tu fortaleza en Comunicación es coherente con estas opciones. Para mejorar tus posibilidades, refuerza Matemática antes del examen. Estas probabilidades son estimaciones orientativas basadas en postulantes con perfiles similares, no una garantía de resultado.","Ruta educativa sugerida. Primera opción recomendada: TRABAJO SOCIAL, con la mayor probabilidad estimada de ingreso (4.8 %). Alternativas: SOCIOLOGÍA (4.8 %) y CIENCIAS CONTABLES (3.1 %). Tu fortaleza en Comunicación es coherente con estas opciones. Para mejorar tus posibilidades, refuerza Matemática antes del examen. Estas probabilidades son estimaciones orientativas basadas en postulantes con perfiles similares, no una garantía de resultado."
Perfil del postulante: procede de un colegio público de área rural (UGEL MELGAR); promedio de secundaria con desempeño satisfactorio; mayor fortaleza en Matemática y menor en Ciencias Sociales; postulaciones anteriores: 0; preparación preuniversitaria: academia particular; área de interés: biomédicas. Probabilidades estimadas de ingreso: BIOLOGÍA: PESQUERÍA 11.0 %; BIOLOGÍA: ECOLOGÍA 7.3 %; NUTRICIÓN HUMANA 5.1 %. Genera una ruta educativa personalizada.,"Ruta educativa sugerida. Primera opción recomendada: BIOLOGÍA: PESQUERÍA, con la mayor probabilidad estimada de ingreso (11.0 %). Alternativas: BIOLOGÍA: ECOLOGÍA (7.3 %) y NUTRICIÓN HUMANA (5.1 %). Tu fortaleza en Matemática es coherente con estas opciones. Para mejorar tus posibilidades, refuerza Ciencias Sociales antes del examen. Estas probabilidades son estimaciones orientativas basadas en postulantes con perfiles similares, no una garantía de resultado.","Basándome en el perfil proporcionado, puedo generar una ruta educativa para que tu postulante tenga más posibilidades de ingresar a la carrera de Biomédica en la UNEP.

1. **Matemáticas**: 
   - Continuar con los cursos de matemáticas en la universidad.
   - Considerar opciones adicionales como matemáticas aplicadas o física, ya que estas materias son fundamentales en ciencia y medicina.
   
2. **Biomédica**:
   - Enseñanza Media: 
     - Bioquímica
     - Biología Celular
     - Fisiología
     - Genética
     - Microbiología
   - Preparación para la Olimpiada de Matemáticas (OMM) si es posible.
   
3. **Ciencias Sociales**:
   - No hay necesidad de especial atención aquí, pero si consideras que te falta en esta área","Ruta educativa sugerida. Primera opción recomendada: BIOLOGÍA: ECOLOGÍA, con la mayor probabilidad estimada de ingreso (17.6 %). Alternativas: BIOLOGÍA: PESQUERÍA (17.6 %) y NUTRICIÓN HUMANA (12.3 %). Tu fortaleza en Matemática es coherente con estas opciones. Para mejorar tus posibilidades, refuerza Ciencias Sociales antes del examen. Estas probabilidades son estimaciones orientativas basadas en postulantes con perfiles similares, no una garantía de resultado.","Ruta educativa sugerida. Primera opción recomendada: BIOLOGÍA: PESQUERÍA, con la mayor probabilidad estimada de ingreso (11.0 %). Alternativas: BIOLOGÍA: ECOLOGÍA (7.3 %) y NUTRICIÓN HUMANA (5.1 %). Tu fortaleza en Matemática es coherente con estas opciones. Para mejorar tus posibilidades, refuerza Ciencias Sociales antes del examen. Estas probabilidades son estimaciones orientativas basadas en postulantes con perfiles similares, no una garantía de resultado."
Perfil del postulante: procede de un colegio público de área nan (UGEL CARABAYA); promedio de secundaria con desempeño satisfactorio; mayor fortaleza en Comunicación y menor en Ciencia y Tecnología; postulaciones anteriores: 0; preparación preuniversitaria: academia particular; área de interés: sociales. Probabilidades estimadas de ingreso: SOCIOLOGÍA 7.3 %; TRABAJO SOCIAL 7.1 %; ADMINISTRACIÓN 5.8 %. Genera una ruta educativa personalizada.,"Ruta educativa sugerida. Primera opción recomendada: SOCIOLOGÍA, con la mayor probabilidad estimada de ingreso (7.3 %). Alternativas: TRABAJO SOCIAL (7.1 %) y ADMINISTRACIÓN (5.8 %). Tu fortaleza en Comunicación es coherente con estas opciones. Para mejorar tus posibilidades, refuerza Ciencia y Tecnología antes del examen. Estas probabilidades son estimaciones orientativas basadas en postulantes con perfiles similares, no una garantía de resultado.","Basándome en el perfil proporcionado, aquí tienes una ruta educativa personalizada para que tu postulante pueda aprovechar sus fortalezas y potencial:

1. **Primera Semana Académica**: 
   - **Comenzar con los fundamentos**: Inicia con asignaturas básicas como Matemáticas, Lengua y Literatura.
   - **Innovación Educativa**: Utiliza recursos digitales para mejorar su habilidad en Comunicación.

2. **Segunda Semana Académica**:
   - **Continuar con los fundamentos**: Continúa con matemáticas avanzadas y lengua.
   - **Introducción al Trabajo Social**: Aprende sobre la teoría básica del trabajo social y cómo se aplica en la vida cotidiana.

3. **Tercera Semana Académica**:
   - **Fortalecer Comunicación**: Mejora sus habilidades comunicativas","Ruta educativa sugerida. Primera opción recomendada: SOCIOLOGÍA, con la mayor probabilidad estimada de ingreso (17.6 %). Alternativas: TRABAJO SOCIAL (15.2 %) y ADMINISTRACIÓN (13.2 %). Tu fortaleza en Comunicación es coherente con estas opciones. Para mejorar tus posibilidades, refuerza Ciencia y Tecnología antes del examen. Estas probabilidades son estimaciones orientativas basadas en postulantes con perfiles similares, no una garantía de resultado.","Ruta educativa sugerida. Primera opción recomendada: SOCIOLOGÍA, con la mayor probabilidad estimada de ingreso (7.3 %). Alternativas: TRABAJO SOCIAL (7.1 %) y ADMINISTRACIÓN (5.8 %). Tu fortaleza en Comunicación es coherente con estas opciones. Para mejorar tus posibilidades, refuerza Ciencia y Tecnología antes del examen. Estas probabilidades son estimaciones orientativas basadas en postulantes con perfiles similares, no una garantía de resultado."
Perfil del postulante: procede de un colegio público de área urbana (UGEL MOHO); promedio de secundaria con desempeño satisfactorio; mayor fortaleza en Comunicación y menor en Matemática; postulaciones anteriores: 2; preparación preuniversitaria: nan; área de interés: sociales. Probabilidades estimadas de ingreso: SOCIOLOGÍA 12.3 %; TRABAJO SOCIAL 11.0 %; EDUCACIÓN FÍSICA 8.9 %. Genera una ruta educativa personalizada.,"Ruta educativa sugerida. Primera opción recomendada: SOCIOLOGÍA, con la mayor probabilidad estimada de ingreso (12.3 %). Alternativas: TRABAJO SOCIAL (11.0 %) y EDUCACIÓN FÍSICA (8.9 %). Tu fortaleza en Comunicación es coherente con estas opciones. Para mejorar tus posibilidades, refuerza Matemática antes del examen. Estas probabilidades son estimaciones orientativas basadas en postulantes con perfiles similares, no una garantía de resultado.","Basándome en el perfil proporcionado, puedo generar una ruta educativa para que tu postulante pueda aprovechar sus fortalezas y potencialidades. Aquí te presento algunas sugerencias:

1. **Comenzar con los primeros años universitarios**: Asegúrate de que tu postulante tenga buenos resultados en matemáticas durante su preparación preuniversitaria. Si es así, podrías considerar estudiar Ciencias Sociales o Psicología en tu institución de educación superior.

2. **Iniciar con la carrera de Trabajo Social**: Esta opción tiene un porcentaje de 11% de ingreso, lo cual es bastante favorable si tu postulante ha demostrado habilidades en comunicación. Además, esta carrera se puede considerar como una alternativa de entrada al mundo laboral.

3. **Considerar la carrera de Educación Física**: Con un porcentaje de 8.9%,","Ruta educativa sugerida. Primera opción recomendada: SOCIOLOGÍA, con la mayor probabilidad estimada de ingreso (17.6 %). Alternativas: EDUCACIÓN FÍSICA (15.2 %) y TRABAJO SOCIAL (13.2 %). Tu fortaleza en Comunicación es coherente con estas opciones. Para mejorar tus posibilidades, refuerza Matemática antes del examen. Estas probabilidades son estimaciones orientativas basadas en postulantes con perfiles similares, no una garantía de resultado.","Ruta educativa sugerida. Primera opción recomendada: SOCIOLOGÍA, con la mayor probabilidad estimada de ingreso (12.3 %). Alternativas: TRABAJO SOCIAL (11.0 %) y EDUCACIÓN FÍSICA (8.9 %). Tu fortaleza en Comunicación es coherente con estas opciones. Para mejorar tus posibilidades, refuerza Matemática antes del examen. Estas probabilidades son estimaciones orientativas basadas en postulantes con perfiles similares, no una garantía de resultado."
Perfil del postulante: procede de un colegio público de área rural (UGEL CHUCUITO); promedio de secundaria con desempeño satisfactorio; mayor fortaleza en Ciencias Sociales y menor en Ciencia y Tecnología; postulaciones anteriores: 0; preparación preuniversitaria: academia particular; área de interés: biomédicas. Probabilidades estimadas de ingreso: BIOLOGÍA: PESQUERÍA 5.8 %; BIOLOGÍA: ECOLOGÍA 5.1 %; BIOLOGÍA: MICROBIOLOGÍA Y LABORATORIO CLÍNICO 2.4 %. Genera una ruta educativa personalizada.,"Ruta educativa sugerida. Primera opción recomendada: BIOLOGÍA: PESQUERÍA, con la mayor probabilidad estimada de ingreso (5.8 %). Alternativas: BIOLOGÍA: ECOLOGÍA (5.1 %) y BIOLOGÍA: MICROBIOLOGÍA Y LABORATORIO CLÍNICO (2.4 %). Tu fortaleza en Ciencias Sociales es coherente con estas opciones. Para mejorar tus posibilidades, refuerza Ciencia y Tecnología antes del examen. Estas probabilidades son estimaciones orientativas basadas en postulantes con perfiles similares, no una garantía de resultado.","Basándome en el perfil proporcionado, puedo generar una ruta educativa para que tu postulante tenga más posibilidades de ingresar a la carrera de Biología en la UGEL Chucuito.

1. **Preparación Académica**: 
   - Comienza con los cursos de matemáticas básicas y ciencias naturales.
   - Aprovecha tus fortalezas en Ciencias Sociales para complementar tus conocimientos en Matemáticas y Física.
   
2. **Primeros Pasos Universitarios**:
   - Enseñanza Media: Continúa tus estudios en secundario, especialmente en áreas como Química y Física.
   - Preparación Preuniversitaria: Considera opciones adicionales como la UCHACUAPAY o la UNGALPUNO, ya que estas instituciones ofrecen carreras en Biología.

3. **Ciclo Superior**","Ruta educativa sugerida. Primera opción recomendada: BIOLOGÍA: ECOLOGÍA, con la mayor probabilidad estimada de ingreso (17.6 %). Alternativas: BIOLOGÍA: PESQUERÍA (17.6 %) y NUTRICIÓN HUMANA (12.3 %). Tu fortaleza en Ciencias Sociales es coherente con estas opciones. Para mejorar tus posibilidades, refuerza Ciencia y Tecnología antes del examen. Estas probabilidades son estimaciones orientativas basadas en postulantes con perfiles similares, no una garantía de resultado.","Ruta educativa sugerida. Primera opción recomendada: BIOLOGÍA: PESQUERÍA, con la mayor probabilidad estimada de ingreso (5.8 %). Alternativas: BIOLOGÍA: ECOLOGÍA (5.1 %) y BIOLOGÍA: MICROBIOLOGÍA Y LABORATORIO CLÍNICO (2.4 %). Tu fortaleza en Ciencias Sociales es coherente con estas opciones. Para mejorar tus posibilidades, refuerza Ciencia y Tecnología antes del examen. Estas probabilidades son estimaciones orientativas basadas en postulantes con perfiles similares, no una garantía de resultado."
Perfil del postulante: procede de un colegio público de área urbana (UGEL YUNGUYO); promedio de secundaria con desempeño satisfactorio; mayor fortaleza en Comunicación y menor en Inglés; postulaciones anteriores: 0; preparación preuniversitaria: nan; área de interés: sociales. Probabilidades estimadas de ingreso: SOCIOLOGÍA 13.8 %; ADMINISTRACIÓN 12.3 %; EDUCACIÓN FÍSICA 12.3 %. Genera una ruta educativa personalizada.,"Ruta educativa sugerida. Primera opción recomendada: SOCIOLOGÍA, con la mayor probabilidad estimada de ingreso (13.8 %). Alternativas: ADMINISTRACIÓN (12.3 %) y EDUCACIÓN FÍSICA (12.3 %). Tu fortaleza en Comunicación es coherente con estas opciones. Para mejorar tus posibilidades, refuerza Inglés antes del examen. Estas probabilidades son estimaciones orientativas basadas en postulantes con perfiles similares, no una garantía de resultado.","Basándome en el perfil proporcionado, aquí tienes una ruta educativa personalizada para que tu postulante pueda aprovechar al máximo sus posibilidades:

1. **Comenzar su educación universitaria**: Siempre es importante comenzar con los primeros años de carrera. En este caso, considerando tus probabilidades de ingreso en las carreras de Socología y Administración, te recomendaría empezar con la carrera de Educación Física.

2. **Ingresar a la carrera de Educación Física**: Esta opción tiene una probabilidad de ingreso superior a las otras dos opciones debido a que es más común que los estudiantes se especialicen en esta área después de haberse formado en otro campo. Además, si tu postulante ha demostrado fortalezas en la comunicación, podría ser útil incorporarse a una carrera donde puede utilizar estas habilidades.

3. **Continuar en la carrera de Educación Física**:","Ruta educativa sugerida. Primera opción recomendada: SOCIOLOGÍA, con la mayor probabilidad estimada de ingreso (17.6 %). Alternativas: EDUCACIÓN FÍSICA (15.2 %) y TRABAJO SOCIAL (13.2 %). Tu fortaleza en Comunicación es coherente con estas opciones. Para mejorar tus posibilidades, refuerza Inglés antes del examen. Estas probabilidades son estimaciones orientativas basadas en postulantes con perfiles similares, no una garantía de resultado.","Ruta educativa sugerida. Primera opción recomendada: SOCIOLOGÍA, con la mayor probabilidad estimada de ingreso (13.8 %). Alternativas: ADMINISTRACIÓN (12.3 %) y EDUCACIÓN FÍSICA (12.3 %). Tu fortaleza en Comunicación es coherente con estas opciones. Para mejorar tus posibilidades, refuerza Inglés antes del examen. Estas probabilidades son estimaciones orientativas basadas en postulantes con perfiles similares, no una garantía de resultado."
Perfil del postulante: procede de un colegio público de área urbana (UGEL PUNO); promedio de secundaria con desempeño satisfactorio; mayor fortaleza en Ciencias Sociales y menor en Ciencia y Tecnología; postulaciones anteriores: 0; preparación preuniversitaria: cepreuna; área de interés: biomédicas. Probabilidades estimadas de ingreso: BIOLOGÍA: PESQUERÍA 18.2 %; BIOLOGÍA: ECOLOGÍA 13.2 %; MEDICINA VETERINARIA Y ZOOTECNIA 11.0 %. Genera una ruta educativa personalizada.,"Ruta educativa sugerida. Primera opción recomendada: BIOLOGÍA: PESQUERÍA, con la mayor probabilidad estimada de ingreso (18.2 %). Alternativas: BIOLOGÍA: ECOLOGÍA (13.2 %) y MEDICINA VETERINARIA Y ZOOTECNIA (11.0 %). Tu fortaleza en Ciencias Sociales es coherente con estas opciones. Para mejorar tus posibilidades, refuerza Ciencia y Tecnología antes del examen. Estas probabilidades son estimaciones orientativas basadas en postulantes con perfiles similares, no una garantía de resultado.","Basándome en el perfil proporcionado, aquí tienes una ruta educativa personalizada para que tu postulante pueda tener más posibilidades de ingresar a la carrera de Medicina Veterinaria y Zootecnia:

1. **Preparación Académica**:
   - **Primera Semana**: Comienza con los fundamentos de la medicina veterinaria y zootecnía. Esto incluye materias como Fundamentos de Zoología, Fundamentos de Biología Animal, Fundamentos de Farmacología, entre otros.
   
   - **Segunda Semana**: En este período, se pueden introducir temas relacionados con la salud animal, enfermedades animales, manejo de mascotas, etc.

2. **Primer Ano**:
   - **Tercera Semana**: Se puede comenzar con la teoría básica sobre la medicina veterinaria, como diagnóstico básico, tratamiento básico, prevención de enfermedades","Ruta educativa sugerida. Primera opción recomendada: BIOLOGÍA: ECOLOGÍA, con la mayor probabilidad estimada de ingreso (17.6 %). Alternativas: BIOLOGÍA: PESQUERÍA (17.6 %) y NUTRICIÓN HUMANA (12.3 %). Tu fortaleza en Ciencias Sociales es coherente con estas opciones. Para mejorar tus posibilidades, refuerza Ciencia y Tecnología antes del examen. Estas probabilidades son estimaciones orientativas basadas en postulantes con perfiles similares, no una garantía de resultado.","Ruta educativa sugerida. Primera opción recomendada: BIOLOGÍA: PESQUERÍA, con la mayor probabilidad estimada de ingreso (18.2 %). Alternativas: BIOLOGÍA: ECOLOGÍA (13.2 %) y MEDICINA VETERINARIA Y ZOOTECNIA (11.0 %). Tu fortaleza en Ciencias Sociales es coherente con estas opciones. Para mejorar tus posibilidades, refuerza Ciencia y Tecnología antes del examen. Estas probabilidades son estimaciones orientativas basadas en postulantes con perfiles similares, no una garantía de resultado."
Perfil del postulante: procede de un colegio público de área rural (UGEL AZÁNGARO); promedio de secundaria con desempeño satisfactorio; mayor fortaleza en Ciencia y Tecnología y menor en Inglés; postulaciones anteriores: 0; preparación preuniversitaria: nan; área de interés: sociales. Probabilidades estimadas de ingreso: SOCIOLOGÍA 7.1 %; TRABAJO SOCIAL 5.1 %; CIENCIAS CONTABLES 4.8 %. Genera una ruta educativa personalizada.,"Ruta educativa sugerida. Primera opción recomendada: SOCIOLOGÍA, con la mayor probabilidad estimada de ingreso (7.1 %). Alternativas: TRABAJO SOCIAL (5.1 %) y CIENCIAS CONTABLES (4.8 %). Tu fortaleza en Ciencia y Tecnología es coherente con estas opciones. Para mejorar tus posibilidades, refuerza Inglés antes del examen. Estas probabilidades son estimaciones orientativas basadas en postulantes con perfiles similares, no una garantía de resultado.","Basándome en el perfil proporcionado, aquí tienes una ruta educativa personalizada para que tu postulante pueda aprovechar sus fortalezas y potencial:

1. **Primera Semana**: 
   - **Iniciales**: Comienza con los fundamentos de la Sociedad y la Cultura.
   - **Primeros Pasos**: Aprende sobre los sistemas políticos y económicos locales.

2. **Segunda Semana**:
   - **Continuación**: Continúa con la Sociología, profundizando en temas como la sociedad, la cultura y la interacción social.
   - **Interactividad**: Participa en talleres o seminarios relacionados con la sociedad local.

3. **Tercera Semana**:
   - **Aplicación práctica**: Realiza proyectos prácticos en áreas sociales, como voluntariado en organizaciones benéficas.
   - **Introducción al trabajo social**: Com","Ruta educativa sugerida. Primera opción recomendada: SOCIOLOGÍA, con la mayor probabilidad estimada de ingreso (17.6 %). Alternativas: CIENCIAS CONTABLES (15.2 %) y TRABAJO SOCIAL (13.2 %). Tu fortaleza en Ciencia y Tecnología es coherente con estas opciones. Para mejorar tus posibilidades, refuerza Inglés antes del examen. Estas probabilidades son estimaciones orientativas basadas en postulantes con perfiles similares, no una garantía de resultado.","Ruta educativa sugerida. Primera opción recomendada: SOCIOLOGÍA, con la mayor probabilidad estimada de ingreso (7.1 %). Alternativas: TRABAJO SOCIAL (5.1 %) y CIENCIAS CONTABLES (4.8 %). Tu fortaleza en Ciencia y Tecnología es coherente con estas opciones. Para mejorar tus posibilidades, refuerza Inglés antes del examen. Estas probabilidades son estimaciones orientativas basadas en postulantes con perfiles similares, no una garantía de resultado."
Perfil del postulante: procede de un colegio público de área urbana (UGEL MELGAR); promedio de secundaria con desempeño satisfactorio; mayor fortaleza en Ciencia y Tecnología y menor en Inglés; postulaciones anteriores: 1; preparación preuniversitaria: autoestudio; área de interés: sociales. Probabilidades estimadas de ingreso: SOCIOLOGÍA 8.9 %; CIENCIAS CONTABLES 7.1 %; TRABAJO SOCIAL 7.1 %. Genera una ruta educativa personalizada.,"Ruta educativa sugerida. Primera opción recomendada: SOCIOLOGÍA, con la mayor probabilidad estimada de ingreso (8.9 %). Alternativas: CIENCIAS CONTABLES (7.1 %) y TRABAJO SOCIAL (7.1 %). Tu fortaleza en Ciencia y Tecnología es coherente con estas opciones. Para mejorar tus posibilidades, refuerza Inglés antes del examen. Estas probabilidades son estimaciones orientativas basadas en postulantes con perfiles similares, no una garantía de resultado.","Basándome en el perfil proporcionado, aquí tienes una ruta educativa personalizada para que tu postulante pueda aprovechar sus fortalezas y potencial:

1. **Primera Semana**: 
   - **Iniciales**: Comienza con los primeros semesters de la carrera de SocioLOGIA.
   - **Revisar**: Revisa tus conocimientos sobre la sociedad, cultura, y problemas sociales.

2. **Segunda Semana**:
   - **Primer Trimestre**: Comienza con los primeros semesters de la carrera de CIENTES CONTABLES.
   - **Revisar**: Revisa tus conocimientos sobre contabilidad, economía, y finanzas.

3. **Tercera Semana**:
   - **Segundo Trimestre**: Comienza con los primeros semesters de la carrera de TRABAJO SOCIAL.
   - **Revisar**: Revisa tus conocimientos sobre gestión social","Ruta educativa sugerida. Primera opción recomendada: SOCIOLOGÍA, con la mayor probabilidad estimada de ingreso (26.8 %). Alternativas: TRABAJO SOCIAL (25.9 %) y CIENCIAS CONTABLES (23.4 %). Tu fortaleza en Ciencia y Tecnología es coherente con estas opciones. Para mejorar tus posibilidades, refuerza Inglés antes del examen. Estas probabilidades son estimaciones orientativas basadas en postulantes con perfiles similares, no una garantía de resultado.","Ruta educativa sugerida. Primera opción recomendada: SOCIOLOGÍA, con la mayor probabilidad estimada de ingreso (8.9 %). Alternativas: CIENCIAS CONTABLES (7.1 %) y TRABAJO SOCIAL (7.1 %). Tu fortaleza en Ciencia y Tecnología es coherente con estas opciones. Para mejorar tus posibilidades, refuerza Inglés antes del examen. Estas probabilidades son estimaciones orientativas basadas en postulantes con perfiles similares, no una garantía de resultado."
Perfil del postulante: procede de un colegio público de área rural (UGEL CARABAYA); promedio de secundaria con desempeño satisfactorio; mayor fortaleza en Matemática y menor en Inglés; postulaciones anteriores: 0; preparación preuniversitaria: autoestudio; área de interés: biomédicas. Probabilidades estimadas de ingreso: BIOLOGÍA: ECOLOGÍA 2.4 %; BIOLOGÍA: PESQUERÍA 2.4 %; NUTRICIÓN HUMANA 1.7 %. Genera una ruta educativa personalizada.,"Ruta educativa sugerida. Primera opción recomendada: BIOLOGÍA: ECOLOGÍA, con la mayor probabilidad estimada de ingreso (2.4 %). Alternativas: BIOLOGÍA: PESQUERÍA (2.4 %) y NUTRICIÓN HUMANA (1.7 %). Tu fortaleza en Matemática es coherente con estas opciones. Para mejorar tus posibilidades, refuerza Inglés antes del examen. Estas probabilidades son estimaciones orientativas basadas en postulantes con perfiles similares, no una garantía de resultado.","Basándome en el perfil proporcionado, aquí tienes una ruta educativa personalizada para que tu postulante pueda aprovechar al máximo sus posibilidades:

1. **Matemáticas**: 
   - Continuar con los cursos de matemáticas en secundario.
   - Considerar opciones adicionales como matemáticas avanzadas o física, ya que estas materias son más demandadas por universidades.

2. **Inglés**:
   - Siempre mantenerse activo en inglés, especialmente en habilidades verbales y escritas.
   - Considerar clases de inglés adicional si no ha tenido oportunidad hasta ahora.

3. **Biomédica**:
   - Enriquecer su currículum con experiencias prácticas en áreas relacionadas a la salud.
   - Considerar carreras como medicina, enfermería, biología molecular, etc., que requieren una sólida base en ciencia y matem","Ruta educativa sugerida. Primera opción recomendada: BIOLOGÍA: ECOLOGÍA, con la mayor probabilidad estimada de ingreso (17.6 %). Alternativas: BIOLOGÍA: PESQUERÍA (17.6 %) y NUTRICIÓN HUMANA (12.3 %). Tu fortaleza en Matemática es coherente con estas opciones. Para mejorar tus posibilidades, refuerza Inglés antes del examen. Estas probabilidades son estimaciones orientativas basadas en postulantes con perfiles similares, no una garantía de resultado.","Ruta educativa sugerida. Primera opción recomendada: BIOLOGÍA: ECOLOGÍA, con la mayor probabilidad estimada de ingreso (2.4 %). Alternativas: BIOLOGÍA: PESQUERÍA (2.4 %) y NUTRICIÓN HUMANA (1.7 %). Tu fortaleza en Matemática es coherente con estas opciones. Para mejorar tus posibilidades, refuerza Inglés antes del examen. Estas probabilidades son estimaciones orientativas basadas en postulantes con perfiles similares, no una garantía de resultado."
Perfil del postulante: procede de un colegio privado de área urbana (UGEL SAN ROMÁN); promedio de secundaria con desempeño satisfactorio; mayor fortaleza en Ciencias Sociales y menor en Inglés; postulaciones anteriores: 0; preparación preuniversitaria: cepreuna; área de interés: sociales. Probabilidades estimadas de ingreso: TRABAJO SOCIAL 8.9 %; SOCIOLOGÍA 8.9 %; CIENCIAS CONTABLES 7.1 %. Genera una ruta educativa personalizada.,"Ruta educativa sugerida. Primera opción recomendada: TRABAJO SOCIAL, con la mayor probabilidad estimada de ingreso (8.9 %). Alternativas: SOCIOLOGÍA (8.9 %) y CIENCIAS CONTABLES (7.1 %). Tu fortaleza en Ciencias Sociales es coherente con estas opciones. Para mejorar tus posibilidades, refuerza Inglés antes del examen. Estas probabilidades son estimaciones orientativas basadas en postulantes con perfiles similares, no una garantía de resultado.","Basándome en el perfil proporcionado, puedo generar una ruta educativa para que tu postulante tenga más posibilidades de ingresar a los campos de estudio que menciona:

1. **Primera Semana Académica**: 
   - **Iniciales de Preparación**: Comienza con los cursos de inglés básico para mejorar su habilidad en este idioma.
   - **Ciencias Sociales**: Continúa sus estudios en ciencias sociales, ya que es su fortaleza. Aprenda sobre temas como política, economía social, historia local e internacional.

2. **Segunda Semana Académica**:
   - **Continuidad en Ciencias Sociales**: Continue profundizando en esta área, especialmente en temas relacionados al desarrollo económico, políticos y sociales de la región.
   - **Primeros Pasos en Inglés**: Si aún no ha completado su curso de inglés avanzado, inicie con los primeros nive","Ruta educativa sugerida. Primera opción recomendada: SOCIOLOGÍA, con la mayor probabilidad estimada de ingreso (17.6 %). Alternativas: TRABAJO SOCIAL (15.2 %) y ADMINISTRACIÓN (13.2 %). Tu fortaleza en Ciencias Sociales es coherente con estas opciones. Para mejorar tus posibilidades, refuerza Inglés antes del examen. Estas probabilidades son estimaciones orientativas basadas en postulantes con perfiles similares, no una garantía de resultado.","Ruta educativa sugerida. Primera opción recomendada: TRABAJO SOCIAL, con la mayor probabilidad estimada de ingreso (8.9 %). Alternativas: SOCIOLOGÍA (8.9 %) y CIENCIAS CONTABLES (7.1 %). Tu fortaleza en Ciencias Sociales es coherente con estas opciones. Para mejorar tus posibilidades, refuerza Inglés antes del examen. Estas probabilidades son estimaciones orientativas basadas en postulantes con perfiles similares, no una garantía de resultado."
Perfil del postulante: procede de un colegio público de área rural (UGEL MELGAR); promedio de secundaria con desempeño satisfactorio; mayor fortaleza en Comunicación y menor en Ciencia y Tecnología; postulaciones anteriores: 1; preparación preuniversitaria: cepreuna previo; área de interés: sociales. Probabilidades estimadas de ingreso: TRABAJO SOCIAL 5.8 %; SOCIOLOGÍA 5.8 %; CIENCIAS CONTABLES 5.3 %. Genera una ruta educativa personalizada.,"Ruta educativa sugerida. Primera opción recomendada: TRABAJO SOCIAL, con la mayor probabilidad estimada de ingreso (5.8 %). Alternativas: SOCIOLOGÍA (5.8 %) y CIENCIAS CONTABLES (5.3 %). Tu fortaleza en Comunicación es coherente con estas opciones. Para mejorar tus posibilidades, refuerza Ciencia y Tecnología antes del examen. Estas probabilidades son estimaciones orientativas basadas en postulantes con perfiles similares, no una garantía de resultado.","Basándome en el perfil proporcionado, puedo generar una ruta educativa para que tu postulante tenga más posibilidades de ingresar a los campos de estudio de su elección.

1. **Comenzar la Preparación Universitaria**: 
   - **Cepreuna**: Asegúrate de completar esta preparación antes de entrar al nivel superior. Es importante porque te permitirá manejar mejor el lenguaje matemático y científico.
   
2. **Matemáticas y Física**:
   - **Primer año universitario**: Inicia tus estudios en Matemáticas y Física. Estos son fundamentales para todos los campos de estudio que has mencionado (Social Sciences, Sociology, and Economics).
   - **Segundo año universitario**: Continúa con Matemáticas y Física. Siempre es bueno tener un buen conocimiento de estos temas ya que serán necesarios para muchos","Ruta educativa sugerida. Primera opción recomendada: SOCIOLOGÍA, con la mayor probabilidad estimada de ingreso (26.8 %). Alternativas: TRABAJO SOCIAL (25.9 %) y CIENCIAS CONTABLES (20.7 %). Tu fortaleza en Comunicación es coherente con estas opciones. Para mejorar tus posibilidades, refuerza Ciencia y Tecnología antes del examen. Estas probabilidades son estimaciones orientativas basadas en postulantes con perfiles similares, no una garantía de resultado.","Ruta educativa sugerida. Primera opción recomendada: TRABAJO SOCIAL, con la mayor probabilidad estimada de ingreso (5.8 %). Alternativas: SOCIOLOGÍA (5.8 %) y CIENCIAS CONTABLES (5.3 %). Tu fortaleza en Comunicación es coherente con estas opciones. Para mejorar tus posibilidades, refuerza Ciencia y Tecnología antes del examen. Estas probabilidades son estimaciones orientativas basadas en postulantes con perfiles similares, no una garantía de resultado."
Perfil del postulante: procede de un colegio público de área urbana (UGEL SAN ROMÁN); promedio de secundaria con desempeño satisfactorio; mayor fortaleza en Ciencias Sociales y menor en Inglés; postulaciones anteriores: 2; preparación preuniversitaria: nan; área de interés: biomédicas. Probabilidades estimadas de ingreso: BIOLOGÍA: PESQUERÍA 31.1 %; BIOLOGÍA: ECOLOGÍA 26.1 %; MEDICINA VETERINARIA Y ZOOTECNIA 18.2 %. Genera una ruta educativa personalizada.,"Ruta educativa sugerida. Primera opción recomendada: BIOLOGÍA: PESQUERÍA, con la mayor probabilidad estimada de ingreso (31.1 %). Alternativas: BIOLOGÍA: ECOLOGÍA (26.1 %) y MEDICINA VETERINARIA Y ZOOTECNIA (18.2 %). Tu fortaleza en Ciencias Sociales es coherente con estas opciones. Para mejorar tus posibilidades, refuerza Inglés antes del examen. Estas probabilidades son estimaciones orientativas basadas en postulantes con perfiles similares, no una garantía de resultado.","Basándome en el perfil proporcionado, aquí tienes una ruta educativa personalizada para que tu postulante pueda tener más posibilidades de ingresar a la carrera de Medicina Veterinaria y Zootecnia:

1. **Preparación Académica**:
   - **Primera Semana**: Comienza con los fundamentos de la medicina veterinaria y zootecnía. Esto incluye materias como Fundamentos de Zoología, Fundamentos de Biología Animal, Fundamentos de Farmacología, entre otros.
   
   - **Segunda Semana**: En este período, puedes introducir aspectos relacionados con la medicina veterinaria, como Fundamentos de Anatomía Humana, Fundamentos de Bioquímica, Fundamentos de Fisiología, etc.

2. **Primer Parcial**:
   - **Materias Específicas**: Considerando que el postulante tiene una fortaleza en Ci","Ruta educativa sugerida. Primera opción recomendada: BIOLOGÍA: PESQUERÍA, con la mayor probabilidad estimada de ingreso (17.6 %). Alternativas: BIOLOGÍA: ECOLOGÍA (13.2 %) y NUTRICIÓN HUMANA (8.9 %). Tu fortaleza en Ciencias Sociales es coherente con estas opciones. Para mejorar tus posibilidades, refuerza Inglés antes del examen. Estas probabilidades son estimaciones orientativas basadas en postulantes con perfiles similares, no una garantía de resultado.","Ruta educativa sugerida. Primera opción recomendada: BIOLOGÍA: PESQUERÍA, con la mayor probabilidad estimada de ingreso (31.1 %). Alternativas: BIOLOGÍA: ECOLOGÍA (26.1 %) y MEDICINA VETERINARIA Y ZOOTECNIA (18.2 %). Tu fortaleza en Ciencias Sociales es coherente con estas opciones. Para mejorar tus posibilidades, refuerza Inglés antes del examen. Estas probabilidades son estimaciones orientativas basadas en postulantes con perfiles similares, no una garantía de resultado."
Perfil del postulante: procede de un colegio público de área rural (UGEL SAN ROMÁN); promedio de secundaria con desempeño satisfactorio; mayor fortaleza en Ciencias Sociales y menor en Ciencia y Tecnología; postulaciones anteriores: 0; preparación preuniversitaria: academia particular; área de interés: sociales. Probabilidades estimadas de ingreso: SOCIOLOGÍA 15.2 %; TRABAJO SOCIAL 13.2 %; EDUCACIÓN FÍSICA 9.2 %. Genera una ruta educativa personalizada.,"Ruta educativa sugerida. Primera opción recomendada: SOCIOLOGÍA, con la mayor probabilidad estimada de ingreso (15.2 %). Alternativas: TRABAJO SOCIAL (13.2 %) y EDUCACIÓN FÍSICA (9.2 %). Tu fortaleza en Ciencias Sociales es coherente con estas opciones. Para mejorar tus posibilidades, refuerza Ciencia y Tecnología antes del examen. Estas probabilidades son estimaciones orientativas basadas en postulantes con perfiles similares, no una garantía de resultado.","Basándome en el perfil proporcionado, puedo generar una ruta educativa para que tu postulante pueda aprovechar sus fortalezas y potencialidades. Aquí te presento algunas sugerencias:

1. **Primera Semana Académica**: 
   - **Iniciación al Estudio**: Comienza con asignaturas básicas como Matemáticas y Lengua.
   - **Ciencias Sociales**: Aprovecha tus fortalezas en este campo. Inicia con materias relacionadas como Historia, Geografía o Cultura.
   - **Educación Física**: Siempre es bueno comenzar con actividades físicas.

2. **Segunda Semana Académica**:
   - **Matemáticas**: Es importante dominar esta materia ya que será fundamental en muchas áreas de estudio.
   - **Lengua**: Continúa con lengua, pero considera profundizar en idiomas relacionados con tus intereses futuros","Ruta educativa sugerida. Primera opción recomendada: SOCIOLOGÍA, con la mayor probabilidad estimada de ingreso (17.6 %). Alternativas: ADMINISTRACIÓN (13.2 %) y EDUCACIÓN FÍSICA (13.2 %). Tu fortaleza en Ciencias Sociales es coherente con estas opciones. Para mejorar tus posibilidades, refuerza Ciencia y Tecnología antes del examen. Estas probabilidades son estimaciones orientativas basadas en postulantes con perfiles similares, no una garantía de resultado.","Ruta educativa sugerida. Primera opción recomendada: SOCIOLOGÍA, con la mayor probabilidad estimada de ingreso (15.2 %). Alternativas: TRABAJO SOCIAL (13.2 %) y EDUCACIÓN FÍSICA (9.2 %). Tu fortaleza en Ciencias Sociales es coherente con estas opciones. Para mejorar tus posibilidades, refuerza Ciencia y Tecnología antes del examen. Estas probabilidades son estimaciones orientativas basadas en postulantes con perfiles similares, no una garantía de resultado."
Perfil del postulante: procede de un colegio público de área urbana (nan); promedio de secundaria con desempeño satisfactorio; mayor fortaleza en Ciencias Sociales y menor en Inglés; postulaciones anteriores: 0; preparación preuniversitaria: academia particular; área de interés: sociales. Probabilidades estimadas de ingreso: SOCIOLOGÍA 30.7 %; EDUCACIÓN FÍSICA 29.1 %; EDUCACIÓN INICIAL 26.8 %. Genera una ruta educativa personalizada.,"Ruta educativa sugerida. Primera opción recomendada: SOCIOLOGÍA, con la mayor probabilidad estimada de ingreso (30.7 %). Alternativas: EDUCACIÓN FÍSICA (29.1 %) y EDUCACIÓN INICIAL (26.8 %). Tu fortaleza en Ciencias Sociales es coherente con estas opciones. Para mejorar tus posibilidades, refuerza Inglés antes del examen. Estas probabilidades son estimaciones orientativas basadas en postulantes con perfiles similares, no una garantía de resultado.","Basándome en el perfil proporcionado, aquí tienes una ruta educativa personalizada para que tu postulante pueda aprovechar sus fortalezas y potencial:

1. **Primera Semana Académica**: 
   - **Iniciación al Estudio**: Comienza con asignaturas básicas como Matemáticas y Lengua Castellana. Esto es importante ya que ambos son áreas fuertes.
   - **Ciencias Sociales**: Aprovecha tus fortalezas en este campo para comenzar a profundizar en temas relacionados a la sociedad, cultura, política y economía.

2. **Segunda Semana Académica**:
   - **Educación Física**: Comienza con actividades físicas o deportivas para mantener un buen estado de salud y bienestar mental.
   - **Educación Inicial**: Siempre es bueno tener una base sólida en los fundamentos de la educación básica.

3. **Tercera","Ruta educativa sugerida. Primera opción recomendada: SOCIOLOGÍA, con la mayor probabilidad estimada de ingreso (17.6 %). Alternativas: ADMINISTRACIÓN (13.2 %) y EDUCACIÓN FÍSICA (13.2 %). Tu fortaleza en Ciencias Sociales es coherente con estas opciones. Para mejorar tus posibilidades, refuerza Inglés antes del examen. Estas probabilidades son estimaciones orientativas basadas en postulantes con perfiles similares, no una garantía de resultado.","Ruta educativa sugerida. Primera opción recomendada: SOCIOLOGÍA, con la mayor probabilidad estimada de ingreso (30.7 %). Alternativas: EDUCACIÓN FÍSICA (29.1 %) y EDUCACIÓN INICIAL (26.8 %). Tu fortaleza en Ciencias Sociales es coherente con estas opciones. Para mejorar tus posibilidades, refuerza Inglés antes del examen. Estas probabilidades son estimaciones orientativas basadas en postulantes con perfiles similares, no una garantía de resultado."
"Perfil del postulante: procede de un colegio público de área rural (UGEL SAN ROMÁN); promedio de secundaria con desempeño satisfactorio; mayor fortaleza en Comunicación y menor en Matemática; postulaciones anteriores: 0; preparación preuniversitaria: cepreuna previo; área de interés: ingenierías. Probabilidades estimadas de ingreso: INGENIERÍA GEOLÓGICA 23.4 %; INGENIERÍA TOPOGRÁFICA Y AGRIMENSURA 23.4 %; EDUCACIÓN SECUNDARIA DE LA ESPECIALIDAD DE MATEMÁTICA, FÍSICA, COMPUTACIÓN E INFORMÁTICA 20.2 %. Genera una ruta educativa personalizada.","Ruta educativa sugerida. Primera opción recomendada: INGENIERÍA GEOLÓGICA, con la mayor probabilidad estimada de ingreso (23.4 %). Alternativas: INGENIERÍA TOPOGRÁFICA Y AGRIMENSURA (23.4 %) y EDUCACIÓN SECUNDARIA DE LA ESPECIALIDAD DE MATEMÁTICA, FÍSICA, COMPUTACIÓN E INFORMÁTICA (20.2 %). Tu fortaleza en Comunicación es coherente con estas opciones. Para mejorar tus posibilidades, refuerza Matemática antes del examen. Estas probabilidades son estimaciones orientativas basadas en postulantes con perfiles similares, no una garantía de resultado.","Basado en el perfil proporcionado, aquí tienes una ruta educativa personalizada para que tu postulante pueda aprovechar sus fortalezas y potencial:

1. **Comenzar su educación universitaria**: Inicia su carrera universitaria en Ingeniería Geológica o Ingeniería Topográfica y Agrimensura. Ambas carreras tienen un alto porcentaje de posibilidades de admisión debido a su demanda en el mercado laboral.

2. **Matemáticas y Física**: Considerando que es menos fuerte en matemáticas, puedes considerar complementar esta asignatura con cursos adicionales en matemáticas avanzadas o física. Esto puede ayudarle a mejorar su desempeño general.

3. **Educación Secundaria de la Especialidad de Matemáticas, Física, Computación e Informática**: Esta opción te permite seguir estudiando materias relacionadas a su fortaleza en","Ruta educativa sugerida. Primera opción recomendada: INGENIERÍA AGRONÓMICA, con la mayor probabilidad estimada de ingreso (17.6 %). Alternativas: INGENIERÍA GEOLÓGICA (15.2 %) y EDUCACIÓN SECUNDARIA DE LA ESPECIALIDAD DE MATEMÁTICA, FÍSICA, COMPUTACIÓN E INFORMÁTICA (13.2 %). Tu fortaleza en Comunicación es coherente con estas opciones. Para mejorar tus posibilidades, refuerza Matemática antes del examen. Estas probabilidades son estimaciones orientativas basadas en postulantes con perfiles similares, no una garantía de resultado.","Ruta educativa sugerida. Primera opción recomendada: INGENIERÍA GEOLÓGICA, con la mayor probabilidad estimada de ingreso (23.4 %). Alternativas: INGENIERÍA TOPOGRÁFICA Y AGRIMENSURA (23.4 %) y EDUCACIÓN SECUNDARIA DE LA ESPECIALIDAD DE MATEMÁTICA, FÍSICA, COMPUTACIÓN E INFORMÁTICA (20.2 %). Tu fortaleza en Comunicación es coherente con estas opciones. Para mejorar tus posibilidades, refuerza Matemática antes del examen. Estas probabilidades son estimaciones orientativas basadas en postulantes con perfiles similares, no una garantía de resultado."
Perfil del postulante: procede de un colegio público de área rural (UGEL CARABAYA); promedio de secundaria con desempeño satisfactorio; mayor fortaleza en Matemática y menor en Comunicación; postulaciones anteriores: 0; preparación preuniversitaria: academia particular; área de interés: biomédicas. Probabilidades estimadas de ingreso: BIOLOGÍA: PESQUERÍA 4.8 %; BIOLOGÍA: ECOLOGÍA 2.4 %; MEDICINA VETERINARIA Y ZOOTECNIA 2.4 %. Genera una ruta educativa personalizada.,"Ruta educativa sugerida. Primera opción recomendada: BIOLOGÍA: PESQUERÍA, con la mayor probabilidad estimada de ingreso (4.8 %). Alternativas: BIOLOGÍA: ECOLOGÍA (2.4 %) y MEDICINA VETERINARIA Y ZOOTECNIA (2.4 %). Tu fortaleza en Matemática es coherente con estas opciones. Para mejorar tus posibilidades, refuerza Comunicación antes del examen. Estas probabilidades son estimaciones orientativas basadas en postulantes con perfiles similares, no una garantía de resultado.","Basándome en el perfil proporcionado, aquí tienes una ruta educativa personalizada para que tu postulante pueda aprovechar al máximo sus posibilidades:

1. **Matemáticas**: 
   - Asegúrate de mantener un buen desempeño en matemáticas durante los años escolares.
   - Considera tomar cursos adicionales o especializaciones en matemáticas si es posible.

2. **Comunicación**:
   - Si aún no lo has hecho, considera optar por carreras donde la comunicación sea fundamental, como Administración Pública o Ciencias Sociales.
   - En caso de ser más fuerte en comunicaciones, podrías considerar carreras como Psicología o Educación.

3. **Biomédica**:
   - La carrera de Medicina Veterinaria y Zootecnia tiene un alto nivel de éxito en esta área.
   - Considera también carreras relacionadas con la salud animal como Bi","Ruta educativa sugerida. Primera opción recomendada: BIOLOGÍA: ECOLOGÍA, con la mayor probabilidad estimada de ingreso (17.6 %). Alternativas: BIOLOGÍA: PESQUERÍA (17.6 %) y NUTRICIÓN HUMANA (12.3 %). Tu fortaleza en Matemática es coherente con estas opciones. Para mejorar tus posibilidades, refuerza Comunicación antes del examen. Estas probabilidades son estimaciones orientativas basadas en postulantes con perfiles similares, no una garantía de resultado.","Ruta educativa sugerida. Primera opción recomendada: BIOLOGÍA: PESQUERÍA, con la mayor probabilidad estimada de ingreso (4.8 %). Alternativas: BIOLOGÍA: ECOLOGÍA (2.4 %) y MEDICINA VETERINARIA Y ZOOTECNIA (2.4 %). Tu fortaleza en Matemática es coherente con estas opciones. Para mejorar tus posibilidades, refuerza Comunicación antes del examen. Estas probabilidades son estimaciones orientativas basadas en postulantes con perfiles similares, no una garantía de resultado."
Perfil del postulante: procede de un colegio público de área urbana (UGEL SAN ROMÁN); promedio de secundaria con desempeño satisfactorio; mayor fortaleza en Comunicación y menor en Ciencia y Tecnología; postulaciones anteriores: 0; preparación preuniversitaria: academia particular; área de interés: biomédicas. Probabilidades estimadas de ingreso: BIOLOGÍA: PESQUERÍA 5.8 %; BIOLOGÍA: ECOLOGÍA 5.1 %; ODONTOLOGÍA 4.8 %. Genera una ruta educativa personalizada.,"Ruta educativa sugerida. Primera opción recomendada: BIOLOGÍA: PESQUERÍA, con la mayor probabilidad estimada de ingreso (5.8 %). Alternativas: BIOLOGÍA: ECOLOGÍA (5.1 %) y ODONTOLOGÍA (4.8 %). Tu fortaleza en Comunicación es coherente con estas opciones. Para mejorar tus posibilidades, refuerza Ciencia y Tecnología antes del examen. Estas probabilidades son estimaciones orientativas basadas en postulantes con perfiles similares, no una garantía de resultado.","Basándome en el perfil proporcionado, aquí tienes una ruta educativa personalizada para que tu postulante pueda tener más posibilidades de ingresar a la carrera de Biología:

1. **Preparación Académica**:
   - **Primera Semana**: Inicia con los fundamentos de la biología básica.
   - **Segunda Semana**: Comienza con la genética y la evolución.
   - **Tercera Semana**: Introducción al estudio de organismos unicelulares.
   - **Cuarta Semana**: Comienza con la estructura molecular de los seres vivos.

2. **Primer Ano**:
   - **Semana 1-3**: Continúa con la genética y la evolución.
   - **Semana 4-6**: Se inicia con la bioquímica básica.
   - **Semana 7-9**: Comienza con la química org","Ruta educativa sugerida. Primera opción recomendada: BIOLOGÍA: ECOLOGÍA, con la mayor probabilidad estimada de ingreso (17.6 %). Alternativas: BIOLOGÍA: PESQUERÍA (17.6 %) y NUTRICIÓN HUMANA (12.3 %). Tu fortaleza en Comunicación es coherente con estas opciones. Para mejorar tus posibilidades, refuerza Ciencia y Tecnología antes del examen. Estas probabilidades son estimaciones orientativas basadas en postulantes con perfiles similares, no una garantía de resultado.","Ruta educativa sugerida. Primera opción recomendada: BIOLOGÍA: PESQUERÍA, con la mayor probabilidad estimada de ingreso (5.8 %). Alternativas: BIOLOGÍA: ECOLOGÍA (5.1 %) y ODONTOLOGÍA (4.8 %). Tu fortaleza en Comunicación es coherente con estas opciones. Para mejorar tus posibilidades, refuerza Ciencia y Tecnología antes del examen. Estas probabilidades son estimaciones orientativas basadas en postulantes con perfiles similares, no una garantía de resultado."
Perfil del postulante: procede de un colegio público de área urbana (UGEL SANDIA); promedio de secundaria con desempeño satisfactorio; mayor fortaleza en Ciencia y Tecnología y menor en Matemática; postulaciones anteriores: 4; preparación preuniversitaria: nan; área de interés: ingenierías. Probabilidades estimadas de ingreso: INGENIERÍA AGRONÓMICA 11.0 %; INGENIERÍA GEOLÓGICA 8.9 %; INGENIERÍA TOPOGRÁFICA Y AGRIMENSURA 8.9 %. Genera una ruta educativa personalizada.,"Ruta educativa sugerida. Primera opción recomendada: INGENIERÍA AGRONÓMICA, con la mayor probabilidad estimada de ingreso (11.0 %). Alternativas: INGENIERÍA GEOLÓGICA (8.9 %) y INGENIERÍA TOPOGRÁFICA Y AGRIMENSURA (8.9 %). Tu fortaleza en Ciencia y Tecnología es coherente con estas opciones. Para mejorar tus posibilidades, refuerza Matemática antes del examen. Estas probabilidades son estimaciones orientativas basadas en postulantes con perfiles similares, no una garantía de resultado.","Basándome en el perfil proporcionado, aquí tienes una ruta educativa personalizada para que tu postulante pueda tener más oportunidades de éxito:

1. **Reforzar conocimientos en Ciencias y Tecnología**: 
   - Continuar estudiando matemáticas avanzadas si es necesario.
   - Considerar cursos adicionales en física o química para complementar sus habilidades.

2. **Innovar en estrategias de estudio**:
   - Utilizar métodos como flashcards, aplicaciones educativas móviles o simuladores virtuales.
   - Participar en grupos de estudio para compartir conocimiento y respuestas rápidas.

3. **Formación Profesional**:
   - Considerar carreras relacionadas con su fortaleza en Ciencias y Tecnología, como Ingeniería Agronómica o Geológica.
   - Si no se puede ingresar a estas carreras, considerar carreras alternativas en áreas","Ruta educativa sugerida. Primera opción recomendada: INGENIERÍA AGRONÓMICA, con la mayor probabilidad estimada de ingreso (17.6 %). Alternativas: INGENIERÍA GEOLÓGICA (15.2 %) y EDUCACIÓN SECUNDARIA DE LA ESPECIALIDAD DE MATEMÁTICA, FÍSICA, COMPUTACIÓN E INFORMÁTICA (13.2 %). Tu fortaleza en Ciencia y Tecnología es coherente con estas opciones. Para mejorar tus posibilidades, refuerza Matemática antes del examen. Estas probabilidades son estimaciones orientativas basadas en postulantes con perfiles similares, no una garantía de resultado.","Ruta educativa sugerida. Primera opción recomendada: INGENIERÍA AGRONÓMICA, con la mayor probabilidad estimada de ingreso (11.0 %). Alternativas: INGENIERÍA GEOLÓGICA (8.9 %) y INGENIERÍA TOPOGRÁFICA Y AGRIMENSURA (8.9 %). Tu fortaleza en Ciencia y Tecnología es coherente con estas opciones. Para mejorar tus posibilidades, refuerza Matemática antes del examen. Estas probabilidades son estimaciones orientativas basadas en postulantes con perfiles similares, no una garantía de resultado."
Perfil del postulante: procede de un colegio público de área urbana (UGEL AZÁNGARO); promedio de secundaria con desempeño satisfactorio; mayor fortaleza en Matemática y menor en Ciencia y Tecnología; postulaciones anteriores: 1; preparación preuniversitaria: academia particular; área de interés: biomédicas. Probabilidades estimadas de ingreso: BIOLOGÍA: PESQUERÍA 26.1 %; BIOLOGÍA: ECOLOGÍA 23.4 %; NUTRICIÓN HUMANA 17.6 %. Genera una ruta educativa personalizada.,"Ruta educativa sugerida. Primera opción recomendada: BIOLOGÍA: PESQUERÍA, con la mayor probabilidad estimada de ingreso (26.1 %). Alternativas: BIOLOGÍA: ECOLOGÍA (23.4 %) y NUTRICIÓN HUMANA (17.6 %). Tu fortaleza en Matemática es coherente con estas opciones. Para mejorar tus posibilidades, refuerza Ciencia y Tecnología antes del examen. Estas probabilidades son estimaciones orientativas basadas en postulantes con perfiles similares, no una garantía de resultado.","Basándome en el perfil proporcionado, puedo generar una ruta educativa para que tu postulante tenga más posibilidades de ingresar a la carrera de Biología - Pescaría en la UGEL Azángaro.

1. **Matemáticas**: Asegúrate de mantener un buen desempeño en matemáticas durante los primeros años universitarios. La puntuación en esta materia puede ser crucial para entrar a ciertas carreras.

2. **Ciencias Naturales**: Considera optar por carreras como Química o Física antes de entrar al último año de secundario. Estas materias son fundamentales para entender los procesos biológicos y pueden ayudar a mejorar tus probabilidad de éxito en la carrera de Biología-Pescaría.

3. **Biomatemáticas**: Esta es una disciplina que combina aspectos de la matemática y la biología. Es importante aprender","Ruta educativa sugerida. Primera opción recomendada: BIOLOGÍA: ECOLOGÍA, con la mayor probabilidad estimada de ingreso (26.8 %). Alternativas: BIOLOGÍA: PESQUERÍA (26.8 %) y NUTRICIÓN HUMANA (17.6 %). Tu fortaleza en Matemática es coherente con estas opciones. Para mejorar tus posibilidades, refuerza Ciencia y Tecnología antes del examen. Estas probabilidades son estimaciones orientativas basadas en postulantes con perfiles similares, no una garantía de resultado.","Ruta educativa sugerida. Primera opción recomendada: BIOLOGÍA: PESQUERÍA, con la mayor probabilidad estimada de ingreso (26.1 %). Alternativas: BIOLOGÍA: ECOLOGÍA (23.4 %) y NUTRICIÓN HUMANA (17.6 %). Tu fortaleza en Matemática es coherente con estas opciones. Para mejorar tus posibilidades, refuerza Ciencia y Tecnología antes del examen. Estas probabilidades son estimaciones orientativas basadas en postulantes con perfiles similares, no una garantía de resultado."
Perfil del postulante: procede de un colegio público de área urbana (UGEL PUNO); promedio de secundaria con desempeño satisfactorio; mayor fortaleza en Ciencias Sociales y menor en Ciencia y Tecnología; postulaciones anteriores: 0; preparación preuniversitaria: ninguna; área de interés: ingenierías. Probabilidades estimadas de ingreso: INGENIERÍA MECÁNICA ELÉCTRICA 20.2 %; INGENIERÍA TOPOGRÁFICA Y AGRIMENSURA 18.2 %; INGENIERÍA AGRONÓMICA 17.6 %. Genera una ruta educativa personalizada.,"Ruta educativa sugerida. Primera opción recomendada: INGENIERÍA MECÁNICA ELÉCTRICA, con la mayor probabilidad estimada de ingreso (20.2 %). Alternativas: INGENIERÍA TOPOGRÁFICA Y AGRIMENSURA (18.2 %) y INGENIERÍA AGRONÓMICA (17.6 %). Tu fortaleza en Ciencias Sociales es coherente con estas opciones. Para mejorar tus posibilidades, refuerza Ciencia y Tecnología antes del examen y considera una preparación preuniversitaria estructurada. Estas probabilidades son estimaciones orientativas basadas en postulantes con perfiles similares, no una garantía de resultado.","Basándome en el perfil y las probabilidades proporcionados, aquí tienes una ruta educativa personalizada para que tu postulante pueda tener más posibilidades de ingresar a las carreras elegidas:

1. **Primera Semana**: 
   - **Matemáticas** y **Ciencias Naturales**: Comenzarás con los fundamentos matemáticos y naturales. La Matemática es crucial ya que será necesaria para muchas de las ciencias técnicas.
   - **Ingeniería Mecánica Electrónica**: Esta carrera te permitirá manejar sistemas electrónicos y mecánicos.

2. **Segunda Semana**:
   - **Geografía e Historia**: Estudiar estas materias te ayudará a entender mejor la estructura física del planeta y cómo se desarrollan las ciudades.
   - **Ingles**: Es importante dominar el inglés porque muchos documentos universitarios son escritos en","Ruta educativa sugerida. Primera opción recomendada: INGENIERÍA AGRONÓMICA, con la mayor probabilidad estimada de ingreso (17.6 %). Alternativas: INGENIERÍA GEOLÓGICA (15.2 %) y EDUCACIÓN SECUNDARIA DE LA ESPECIALIDAD DE MATEMÁTICA, FÍSICA, COMPUTACIÓN E INFORMÁTICA (13.2 %). Tu fortaleza en Ciencias Sociales es coherente con estas opciones. Para mejorar tus posibilidades, refuerza Ciencia y Tecnología antes del examen y considera una preparación preuniversitaria estructurada. Estas probabilidades son estimaciones orientativas basadas en postulantes con perfiles similares, no una garantía de resultado.","Ruta educativa sugerida. Primera opción recomendada: INGENIERÍA MECÁNICA ELÉCTRICA, con la mayor probabilidad estimada de ingreso (20.2 %). Alternativas: INGENIERÍA TOPOGRÁFICA Y AGRIMENSURA (18.2 %) y INGENIERÍA AGRONÓMICA (17.6 %). Tu fortaleza en Ciencias Sociales es coherente con estas opciones. Para mejorar tus posibilidades, refuerza Ciencia y Tecnología antes del examen y considera una preparación preuniversitaria estructurada. Estas probabilidades son estimaciones orientativas basadas en postulantes con perfiles similares, no una garantía de resultado."
"Perfil del postulante: procede de un colegio público de área rural (UGEL CHUCUITO); promedio de secundaria con desempeño satisfactorio; mayor fortaleza en Comunicación y menor en Matemática; postulaciones anteriores: 0; preparación preuniversitaria: academia particular; área de interés: ingenierías. Probabilidades estimadas de ingreso: INGENIERÍA TOPOGRÁFICA Y AGRIMENSURA 26.8 %; EDUCACIÓN SECUNDARIA DE LA ESPECIALIDAD DE MATEMÁTICA, FÍSICA, COMPUTACIÓN E INFORMÁTICA 26.1 %; INGENIERÍA MECÁNICA ELÉCTRICA 25.9 %. Genera una ruta educativa personalizada.","Ruta educativa sugerida. Primera opción recomendada: INGENIERÍA TOPOGRÁFICA Y AGRIMENSURA, con la mayor probabilidad estimada de ingreso (26.8 %). Alternativas: EDUCACIÓN SECUNDARIA DE LA ESPECIALIDAD DE MATEMÁTICA, FÍSICA, COMPUTACIÓN E INFORMÁTICA (26.1 %) y INGENIERÍA MECÁNICA ELÉCTRICA (25.9 %). Tu fortaleza en Comunicación es coherente con estas opciones. Para mejorar tus posibilidades, refuerza Matemática antes del examen. Estas probabilidades son estimaciones orientativas basadas en postulantes con perfiles similares, no una garantía de resultado.","Basado en el perfil proporcionado, aquí tienes una ruta educativa personalizada para que tu postulante pueda aprovechar sus fortalezas y potencial:

1. **Comenzar su educación universitaria**: En este punto, considerando los resultados de la prueba UNISUR, es probable que tu postulante se dirija hacia una carrera en Ingeniería Topográfica o Agrimensura. Esta opción tiene un porcentaje de 26.8%, lo cual es bastante fuerte dado que ya ha demostrado habilidades en Comunicación.

2. **Iniciar la matrícula en la UNEP**:
   - **Primer año**: Inicia su carrera en Ingeniería Topográfica o Agrimensura.
   - **Segundo año**: Continúa en la misma carrera, pero puede optar por tomar cursos adicionales en Geografía o Estadística para complementar sus conocimientos sobre topografía.

3.","Ruta educativa sugerida. Primera opción recomendada: INGENIERÍA AGRONÓMICA, con la mayor probabilidad estimada de ingreso (17.6 %). Alternativas: INGENIERÍA GEOLÓGICA (15.2 %) y EDUCACIÓN SECUNDARIA DE LA ESPECIALIDAD DE MATEMÁTICA, FÍSICA, COMPUTACIÓN E INFORMÁTICA (13.2 %). Tu fortaleza en Comunicación es coherente con estas opciones. Para mejorar tus posibilidades, refuerza Matemática antes del examen. Estas probabilidades son estimaciones orientativas basadas en postulantes con perfiles similares, no una garantía de resultado.","Ruta educativa sugerida. Primera opción recomendada: INGENIERÍA TOPOGRÁFICA Y AGRIMENSURA, con la mayor probabilidad estimada de ingreso (26.8 %). Alternativas: EDUCACIÓN SECUNDARIA DE LA ESPECIALIDAD DE MATEMÁTICA, FÍSICA, COMPUTACIÓN E INFORMÁTICA (26.1 %) y INGENIERÍA MECÁNICA ELÉCTRICA (25.9 %). Tu fortaleza en Comunicación es coherente con estas opciones. Para mejorar tus posibilidades, refuerza Matemática antes del examen. Estas probabilidades son estimaciones orientativas basadas en postulantes con perfiles similares, no una garantía de resultado."
"Perfil del postulante: procede de un colegio público de área urbana (nan); promedio de secundaria con desempeño satisfactorio; mayor fortaleza en Matemática y menor en Inglés; postulaciones anteriores: 0; preparación preuniversitaria: cepreuna; área de interés: ingenierías. Probabilidades estimadas de ingreso: INGENIERÍA TOPOGRÁFICA Y AGRIMENSURA 24.8 %; INGENIERÍA AGRONÓMICA 23.4 %; EDUCACIÓN SECUNDARIA DE LA ESPECIALIDAD DE MATEMÁTICA, FÍSICA, COMPUTACIÓN E INFORMÁTICA 20.7 %. Genera una ruta educativa personalizada.","Ruta educativa sugerida. Primera opción recomendada: INGENIERÍA TOPOGRÁFICA Y AGRIMENSURA, con la mayor probabilidad estimada de ingreso (24.8 %). Alternativas: INGENIERÍA AGRONÓMICA (23.4 %) y EDUCACIÓN SECUNDARIA DE LA ESPECIALIDAD DE MATEMÁTICA, FÍSICA, COMPUTACIÓN E INFORMÁTICA (20.7 %). Tu fortaleza en Matemática es coherente con estas opciones. Para mejorar tus posibilidades, refuerza Inglés antes del examen. Estas probabilidades son estimaciones orientativas basadas en postulantes con perfiles similares, no una garantía de resultado.","Basado en el perfil proporcionado, aquí tienes una ruta educativa personalizada para que tu postulante pueda tener más posibilidades de ingresar a los campos de estudio elegidos:

1. **Matemáticas**: 
   - Continuar tus estudios en matemáticas en secundario.
   - Considerar opciones como matemáticas aplicadas o física avanzada.

2. **Ingeniería Topográfica y Agrimensura**:
   - Siempre es importante destacar en áreas técnicas y científicas.
   - Considerar cursos adicionales en geografía o topografía si no lo has hecho antes.
   - Estudiar Geometría Analítica y Trigonometría.

3. **Ingeniería Agronómica**:
   - En este caso, podrías considerar carreras relacionadas como Ingeniero Agropecuario o Ingeniero Ambiental.
   - Los temas de Agricultura y Ciencias Ambientales son muy","Ruta educativa sugerida. Primera opción recomendada: INGENIERÍA AGRONÓMICA, con la mayor probabilidad estimada de ingreso (17.6 %). Alternativas: INGENIERÍA GEOLÓGICA (15.2 %) y EDUCACIÓN SECUNDARIA DE LA ESPECIALIDAD DE MATEMÁTICA, FÍSICA, COMPUTACIÓN E INFORMÁTICA (13.2 %). Tu fortaleza en Matemática es coherente con estas opciones. Para mejorar tus posibilidades, refuerza Inglés antes del examen. Estas probabilidades son estimaciones orientativas basadas en postulantes con perfiles similares, no una garantía de resultado.","Ruta educativa sugerida. Primera opción recomendada: INGENIERÍA TOPOGRÁFICA Y AGRIMENSURA, con la mayor probabilidad estimada de ingreso (24.8 %). Alternativas: INGENIERÍA AGRONÓMICA (23.4 %) y EDUCACIÓN SECUNDARIA DE LA ESPECIALIDAD DE MATEMÁTICA, FÍSICA, COMPUTACIÓN E INFORMÁTICA (20.7 %). Tu fortaleza en Matemática es coherente con estas opciones. Para mejorar tus posibilidades, refuerza Inglés antes del examen. Estas probabilidades son estimaciones orientativas basadas en postulantes con perfiles similares, no una garantía de resultado."
Perfil del postulante: procede de un colegio privado de área urbana (UGEL SAN ROMÁN); promedio de secundaria con desempeño satisfactorio; mayor fortaleza en Matemática y menor en Comunicación; postulaciones anteriores: 0; preparación preuniversitaria: ninguna; área de interés: ingenierías. Probabilidades estimadas de ingreso: INGENIERÍA AGRONÓMICA 5.1 %; INGENIERÍA GEOLÓGICA 4.8 %; INGENIERÍA TOPOGRÁFICA Y AGRIMENSURA 4.8 %. Genera una ruta educativa personalizada.,"Ruta educativa sugerida. Primera opción recomendada: INGENIERÍA AGRONÓMICA, con la mayor probabilidad estimada de ingreso (5.1 %). Alternativas: INGENIERÍA GEOLÓGICA (4.8 %) y INGENIERÍA TOPOGRÁFICA Y AGRIMENSURA (4.8 %). Tu fortaleza en Matemática es coherente con estas opciones. Para mejorar tus posibilidades, refuerza Comunicación antes del examen y considera una preparación preuniversitaria estructurada. Estas probabilidades son estimaciones orientativas basadas en postulantes con perfiles similares, no una garantía de resultado.","Basándome en el perfil proporcionado, aquí tienes una ruta educativa personalizada para que tu postulante pueda tener más posibilidades de ingresar a las carreras elegidas:

1. **Matemáticas**: 
   - Continuar tus estudios en matemáticas en secundario.
   - Considerar opciones como matemáticas aplicadas o física, ya que estas materias son fuertes en su currículum.

2. **Comunicación**:
   - Siempre es importante mejorar en esta materia. Considerar cursos adicionales en comunicación escrita o oral si aún no lo has hecho.
   - Considerar carreras donde haya necesidad de comunicarse bien, como ingeniería agronómica o geológica.

3. **Ing. Agrónoma**:
   - En este caso, podrías considerar carreras relacionadas con agricultura o producción alimentaria.
   - Estudiar biología, química y ci","Ruta educativa sugerida. Primera opción recomendada: INGENIERÍA AGRONÓMICA, con la mayor probabilidad estimada de ingreso (17.6 %). Alternativas: INGENIERÍA GEOLÓGICA (15.2 %) y EDUCACIÓN SECUNDARIA DE LA ESPECIALIDAD DE MATEMÁTICA, FÍSICA, COMPUTACIÓN E INFORMÁTICA (13.2 %). Tu fortaleza en Matemática es coherente con estas opciones. Para mejorar tus posibilidades, refuerza Comunicación antes del examen y considera una preparación preuniversitaria estructurada. Estas probabilidades son estimaciones orientativas basadas en postulantes con perfiles similares, no una garantía de resultado.","Ruta educativa sugerida. Primera opción recomendada: INGENIERÍA AGRONÓMICA, con la mayor probabilidad estimada de ingreso (5.1 %). Alternativas: INGENIERÍA GEOLÓGICA (4.8 %) y INGENIERÍA TOPOGRÁFICA Y AGRIMENSURA (4.8 %). Tu fortaleza en Matemática es coherente con estas opciones. Para mejorar tus posibilidades, refuerza Comunicación antes del examen y considera una preparación preuniversitaria estructurada. Estas probabilidades son estimaciones orientativas basadas en postulantes con perfiles similares, no una garantía de resultado."
Perfil del postulante: procede de un colegio privado de área urbana (UGEL SAN ROMÁN); promedio de secundaria con desempeño satisfactorio; mayor fortaleza en Comunicación y menor en Ciencia y Tecnología; postulaciones anteriores: 0; preparación preuniversitaria: autoestudio; área de interés: biomédicas. Probabilidades estimadas de ingreso: BIOLOGÍA: PESQUERÍA 17.6 %; BIOLOGÍA: ECOLOGÍA 16.6 %; MEDICINA VETERINARIA Y ZOOTECNIA 12.3 %. Genera una ruta educativa personalizada.,"Ruta educativa sugerida. Primera opción recomendada: BIOLOGÍA: PESQUERÍA, con la mayor probabilidad estimada de ingreso (17.6 %). Alternativas: BIOLOGÍA: ECOLOGÍA (16.6 %) y MEDICINA VETERINARIA Y ZOOTECNIA (12.3 %). Tu fortaleza en Comunicación es coherente con estas opciones. Para mejorar tus posibilidades, refuerza Ciencia y Tecnología antes del examen. Estas probabilidades son estimaciones orientativas basadas en postulantes con perfiles similares, no una garantía de resultado.","Basándome en el perfil proporcionado, aquí tienes una ruta educativa personalizada para que tu postulante pueda tener más posibilidades de ingresar a la carrera de Medicina Veterinaria y Zootecnia:

1. **Comenzar el estudio de medicina veterinaria**: Esta es la opción más probable debido al alto porcentaje de postulantes en esta carrera.

2. **Estudiar Biología**: La segunda opción sería estudiar la carrera de Pescas, ya que también tiene un alto porcentaje de postulantes.

3. **Estudiar Ecología**: Finalmente, si no se puede ingresar a ninguna de las dos carreras mencionadas, consideraría estudiar Ecología.

4. **Prepararse para los exámenes universitarios**: Aunque no estás seguro de qué carrera elegir, te recomendaría que tu postulante se prepare bien para los exámenes universitarios, especialmente","Ruta educativa sugerida. Primera opción recomendada: BIOLOGÍA: ECOLOGÍA, con la mayor probabilidad estimada de ingreso (17.6 %). Alternativas: BIOLOGÍA: PESQUERÍA (17.6 %) y NUTRICIÓN HUMANA (12.3 %). Tu fortaleza en Comunicación es coherente con estas opciones. Para mejorar tus posibilidades, refuerza Ciencia y Tecnología antes del examen. Estas probabilidades son estimaciones orientativas basadas en postulantes con perfiles similares, no una garantía de resultado.","Ruta educativa sugerida. Primera opción recomendada: BIOLOGÍA: PESQUERÍA, con la mayor probabilidad estimada de ingreso (17.6 %). Alternativas: BIOLOGÍA: ECOLOGÍA (16.6 %) y MEDICINA VETERINARIA Y ZOOTECNIA (12.3 %). Tu fortaleza en Comunicación es coherente con estas opciones. Para mejorar tus posibilidades, refuerza Ciencia y Tecnología antes del examen. Estas probabilidades son estimaciones orientativas basadas en postulantes con perfiles similares, no una garantía de resultado."
Perfil del postulante: procede de un colegio público de área rural (UGEL EL COLLAO); promedio de secundaria con desempeño satisfactorio; mayor fortaleza en Matemática y menor en Comunicación; postulaciones anteriores: 1; preparación preuniversitaria: ninguna; área de interés: ingenierías. Probabilidades estimadas de ingreso: INGENIERÍA AGRONÓMICA 5.8 %; INGENIERÍA MECÁNICA ELÉCTRICA 5.8 %; INGENIERÍA TOPOGRÁFICA Y AGRIMENSURA 5.8 %. Genera una ruta educativa personalizada.,"Ruta educativa sugerida. Primera opción recomendada: INGENIERÍA AGRONÓMICA, con la mayor probabilidad estimada de ingreso (5.8 %). Alternativas: INGENIERÍA MECÁNICA ELÉCTRICA (5.8 %) y INGENIERÍA TOPOGRÁFICA Y AGRIMENSURA (5.8 %). Tu fortaleza en Matemática es coherente con estas opciones. Para mejorar tus posibilidades, refuerza Comunicación antes del examen y considera una preparación preuniversitaria estructurada. Estas probabilidades son estimaciones orientativas basadas en postulantes con perfiles similares, no una garantía de resultado.","Basado en el perfil proporcionado, aquí tienes una ruta educativa personalizada para que tu postulante pueda aprovechar al máximo sus posibilidades:

1. **Matemáticas**: 
   - Continuar con matemáticas en secundario.
   - Considerar cursos adicionales como álgebra lineal o cálculo avanzado si es posible.

2. **Comunicación**:
   - Si aún no ha tomado clases de comunicación, considerar opciones como literatura o filosofía.
   - En caso de ser más fuerte en comunicación, considerar carreras donde este habilidad sea fundamental, como publicidad o relaciones públicas.

3. **Ing. Agronomía**:
   - Estudiar agronomía en secundario.
   - Considerar cursos adicionales sobre biología o química aplicada a la agricultura.

4. **Ing. Mecánica Electrónica**:
   - Estudiar","Ruta educativa sugerida. Primera opción recomendada: INGENIERÍA AGRONÓMICA, con la mayor probabilidad estimada de ingreso (26.8 %). Alternativas: INGENIERÍA GEOLÓGICA (25.9 %) y EDUCACIÓN SECUNDARIA DE LA ESPECIALIDAD DE MATEMÁTICA, FÍSICA, COMPUTACIÓN E INFORMÁTICA (23.4 %). Tu fortaleza en Matemática es coherente con estas opciones. Para mejorar tus posibilidades, refuerza Comunicación antes del examen y considera una preparación preuniversitaria estructurada. Estas probabilidades son estimaciones orientativas basadas en postulantes con perfiles similares, no una garantía de resultado.","Ruta educativa sugerida. Primera opción recomendada: INGENIERÍA AGRONÓMICA, con la mayor probabilidad estimada de ingreso (5.8 %). Alternativas: INGENIERÍA MECÁNICA ELÉCTRICA (5.8 %) y INGENIERÍA TOPOGRÁFICA Y AGRIMENSURA (5.8 %). Tu fortaleza en Matemática es coherente con estas opciones. Para mejorar tus posibilidades, refuerza Comunicación antes del examen y considera una preparación preuniversitaria estructurada. Estas probabilidades son estimaciones orientativas basadas en postulantes con perfiles similares, no una garantía de resultado."
Perfil del postulante: procede de un colegio privado de área urbana (UGEL SAN ROMÁN); promedio de secundaria con desempeño satisfactorio; mayor fortaleza en Comunicación y menor en Inglés; postulaciones anteriores: 0; preparación preuniversitaria: academia particular; área de interés: biomédicas. Probabilidades estimadas de ingreso: BIOLOGÍA: PESQUERÍA 25.9 %; BIOLOGÍA: ECOLOGÍA 18.2 %; ENFERMERÍA 12.3 %. Genera una ruta educativa personalizada.,"Ruta educativa sugerida. Primera opción recomendada: BIOLOGÍA: PESQUERÍA, con la mayor probabilidad estimada de ingreso (25.9 %). Alternativas: BIOLOGÍA: ECOLOGÍA (18.2 %) y ENFERMERÍA (12.3 %). Tu fortaleza en Comunicación es coherente con estas opciones. Para mejorar tus posibilidades, refuerza Inglés antes del examen. Estas probabilidades son estimaciones orientativas basadas en postulantes con perfiles similares, no una garantía de resultado.","Basándome en el perfil proporcionado, puedo generar una ruta educativa para que tu postulante tenga más posibilidades de ingresar a la carrera de Biología - Pescaría o Ecología. Aquí te presento algunas sugerencias:

1. **Preparación Académica**: 
   - **Matemáticas**: Es fundamental para entender los conceptos básicos de la biología.
   - **Química**: Para entender mejor los procesos químicos dentro del cuerpo humano.

2. **Comunicación**:
   - **Lengua Inglesa**: Aunque es menos fuerte, es importante tener buenos conocimientos para comunicarse eficazmente con profesores e investigadores extranjeros.

3. **Inglés**:
   - **Practica Continuada**: Considerando que es menos fuerte, podría ser beneficioso practicar inglés diariamente durante todo el año escolar.

4.","Ruta educativa sugerida. Primera opción recomendada: BIOLOGÍA: ECOLOGÍA, con la mayor probabilidad estimada de ingreso (17.6 %). Alternativas: BIOLOGÍA: PESQUERÍA (17.6 %) y NUTRICIÓN HUMANA (12.3 %). Tu fortaleza en Comunicación es coherente con estas opciones. Para mejorar tus posibilidades, refuerza Inglés antes del examen. Estas probabilidades son estimaciones orientativas basadas en postulantes con perfiles similares, no una garantía de resultado.","Ruta educativa sugerida. Primera opción recomendada: BIOLOGÍA: PESQUERÍA, con la mayor probabilidad estimada de ingreso (25.9 %). Alternativas: BIOLOGÍA: ECOLOGÍA (18.2 %) y ENFERMERÍA (12.3 %). Tu fortaleza en Comunicación es coherente con estas opciones. Para mejorar tus posibilidades, refuerza Inglés antes del examen. Estas probabilidades son estimaciones orientativas basadas en postulantes con perfiles similares, no una garantía de resultado."
Perfil del postulante: procede de un colegio público de área rural (UGEL MELGAR); promedio de secundaria con desempeño satisfactorio; mayor fortaleza en Ciencias Sociales y menor en Ciencia y Tecnología; postulaciones anteriores: 0; preparación preuniversitaria: academia particular; área de interés: sociales. Probabilidades estimadas de ingreso: SOCIOLOGÍA 17.6 %; TRABAJO SOCIAL 17.6 %; ADMINISTRACIÓN 13.2 %. Genera una ruta educativa personalizada.,"Ruta educativa sugerida. Primera opción recomendada: SOCIOLOGÍA, con la mayor probabilidad estimada de ingreso (17.6 %). Alternativas: TRABAJO SOCIAL (17.6 %) y ADMINISTRACIÓN (13.2 %). Tu fortaleza en Ciencias Sociales es coherente con estas opciones. Para mejorar tus posibilidades, refuerza Ciencia y Tecnología antes del examen. Estas probabilidades son estimaciones orientativas basadas en postulantes con perfiles similares, no una garantía de resultado.","Basado en el perfil proporcionado, aquí tienes una ruta educativa personalizada para que tu postulante pueda aprovechar sus fortalezas y potencial:

1. **Primera Semana**: 
   - **Iniciación Académica**: Comienza con los fundamentos de la carrera de Trabajo Social. La Trabajo Social es una opción interesante debido a su fuerte conexión con la realidad social local.
   
2. **Segunda Semana**:
   - **Primeros Temas**: Envió a ciencias sociales como Psicología o Sociología. Ambas disciplinas son muy relevantes y pueden complementar bien la formación en Trabajo Social.

3. **Tercera Semana**:
   - **Matemáticas Básicas**: Aunque no se destaca en Matemáticas, puede ser útil tener un buen nivel de estas matemáticas básicas ya que muchas carreras requieren habilidades numéricas.","Ruta educativa sugerida. Primera opción recomendada: SOCIOLOGÍA, con la mayor probabilidad estimada de ingreso (17.6 %). Alternativas: ADMINISTRACIÓN (13.2 %) y EDUCACIÓN FÍSICA (13.2 %). Tu fortaleza en Ciencias Sociales es coherente con estas opciones. Para mejorar tus posibilidades, refuerza Ciencia y Tecnología antes del examen. Estas probabilidades son estimaciones orientativas basadas en postulantes con perfiles similares, no una garantía de resultado.","Ruta educativa sugerida. Primera opción recomendada: SOCIOLOGÍA, con la mayor probabilidad estimada de ingreso (17.6 %). Alternativas: TRABAJO SOCIAL (17.6 %) y ADMINISTRACIÓN (13.2 %). Tu fortaleza en Ciencias Sociales es coherente con estas opciones. Para mejorar tus posibilidades, refuerza Ciencia y Tecnología antes del examen. Estas probabilidades son estimaciones orientativas basadas en postulantes con perfiles similares, no una garantía de resultado."
Perfil del postulante: procede de un colegio público de área urbana (UGEL CHUCUITO); promedio de secundaria con desempeño satisfactorio; mayor fortaleza en Comunicación y menor en Matemática; postulaciones anteriores: 2; preparación preuniversitaria: nan; área de interés: sociales. Probabilidades estimadas de ingreso: SOCIOLOGÍA 27.9 %; TRABAJO SOCIAL 26.8 %; CIENCIAS CONTABLES 20.7 %. Genera una ruta educativa personalizada.,"Ruta educativa sugerida. Primera opción recomendada: SOCIOLOGÍA, con la mayor probabilidad estimada de ingreso (27.9 %). Alternativas: TRABAJO SOCIAL (26.8 %) y CIENCIAS CONTABLES (20.7 %). Tu fortaleza en Comunicación es coherente con estas opciones. Para mejorar tus posibilidades, refuerza Matemática antes del examen. Estas probabilidades son estimaciones orientativas basadas en postulantes con perfiles similares, no una garantía de resultado.","Basándome en el perfil proporcionado, aquí tienes una ruta educativa personalizada para que tu postulante pueda aprovechar sus fortalezas y potencial:

1. **Comenzar su educación universitaria**: En este punto, considerando los datos, sería conveniente comenzar su carrera universitaria en una carrera relacionada con sus áreas de interés. Por lo tanto, optaría por la carrera de **Sociales**.

2. **Matricularse en la carrera de Sociales**: Esta es una buena opción porque se trata de una carrera amplia y flexible, permitiendo al postulante explorar diferentes campos dentro de esta área de estudio. 

3. **Incluir materias relevantes**: Para complementar su currículum, incluiría materias como:
   - **Comunicación Social**
   - **Análisis Sociológico**
   - **Estudios Sociales Internacionales**

4. **Formación práctica**: Consider","Ruta educativa sugerida. Primera opción recomendada: SOCIOLOGÍA, con la mayor probabilidad estimada de ingreso (17.6 %). Alternativas: ADMINISTRACIÓN (13.2 %) y EDUCACIÓN FÍSICA (13.2 %). Tu fortaleza en Comunicación es coherente con estas opciones. Para mejorar tus posibilidades, refuerza Matemática antes del examen. Estas probabilidades son estimaciones orientativas basadas en postulantes con perfiles similares, no una garantía de resultado.","Ruta educativa sugerida. Primera opción recomendada: SOCIOLOGÍA, con la mayor probabilidad estimada de ingreso (27.9 %). Alternativas: TRABAJO SOCIAL (26.8 %) y CIENCIAS CONTABLES (20.7 %). Tu fortaleza en Comunicación es coherente con estas opciones. Para mejorar tus posibilidades, refuerza Matemática antes del examen. Estas probabilidades son estimaciones orientativas basadas en postulantes con perfiles similares, no una garantía de resultado."
Perfil del postulante: procede de un colegio público de área urbana (UGEL SAN ROMÁN); promedio de secundaria con desempeño satisfactorio; mayor fortaleza en Comunicación y menor en Matemática; postulaciones anteriores: 0; preparación preuniversitaria: autoestudio; área de interés: ingenierías. Probabilidades estimadas de ingreso: INGENIERÍA AGRONÓMICA 17.6 %; INGENIERÍA TOPOGRÁFICA Y AGRIMENSURA 17.6 %; INGENIERÍA MECÁNICA ELÉCTRICA 13.2 %. Genera una ruta educativa personalizada.,"Ruta educativa sugerida. Primera opción recomendada: INGENIERÍA AGRONÓMICA, con la mayor probabilidad estimada de ingreso (17.6 %). Alternativas: INGENIERÍA TOPOGRÁFICA Y AGRIMENSURA (17.6 %) y INGENIERÍA MECÁNICA ELÉCTRICA (13.2 %). Tu fortaleza en Comunicación es coherente con estas opciones. Para mejorar tus posibilidades, refuerza Matemática antes del examen. Estas probabilidades son estimaciones orientativas basadas en postulantes con perfiles similares, no una garantía de resultado.","Basándome en el perfil proporcionado, aquí tienes una ruta educativa personalizada para que tu postulante pueda tener más posibilidades de ingresar a las carreras elegidas:

1. **Comenzar la Preparación Académica**: 
   - **Primera Semana**: Iniciar el curso de matemáticas básicas.
   - **Segunda Semana**: Comenzar el curso de inglés o cualquier otro idioma requerido por las carreras seleccionadas.

2. **Establecer Conexiones Educativas**:
   - **Tercera Semana**: Participar en actividades extracurriculares relacionadas con las carreras elegidas.
   - **Cuarta Semana**: Asistir a conferencias o seminarios sobre las carreras de interés.

3. **Formación Profesional**:
   - **Quinta Semana**: Realizar prácticas profesionales si es posible, especialmente en áreas relacion","Ruta educativa sugerida. Primera opción recomendada: INGENIERÍA AGRONÓMICA, con la mayor probabilidad estimada de ingreso (17.6 %). Alternativas: INGENIERÍA GEOLÓGICA (15.2 %) y EDUCACIÓN SECUNDARIA DE LA ESPECIALIDAD DE MATEMÁTICA, FÍSICA, COMPUTACIÓN E INFORMÁTICA (13.2 %). Tu fortaleza en Comunicación es coherente con estas opciones. Para mejorar tus posibilidades, refuerza Matemática antes del examen. Estas probabilidades son estimaciones orientativas basadas en postulantes con perfiles similares, no una garantía de resultado.","Ruta educativa sugerida. Primera opción recomendada: INGENIERÍA AGRONÓMICA, con la mayor probabilidad estimada de ingreso (17.6 %). Alternativas: INGENIERÍA TOPOGRÁFICA Y AGRIMENSURA (17.6 %) y INGENIERÍA MECÁNICA ELÉCTRICA (13.2 %). Tu fortaleza en Comunicación es coherente con estas opciones. Para mejorar tus posibilidades, refuerza Matemática antes del examen. Estas probabilidades son estimaciones orientativas basadas en postulantes con perfiles similares, no una garantía de resultado."
Perfil del postulante: procede de un colegio público de área urbana (UGEL AZÁNGARO); promedio de secundaria con desempeño satisfactorio; mayor fortaleza en Matemática y menor en Ciencia y Tecnología; postulaciones anteriores: 0; preparación preuniversitaria: autoestudio; área de interés: biomédicas. Probabilidades estimadas de ingreso: BIOLOGÍA: PESQUERÍA 7.1 %; BIOLOGÍA: ECOLOGÍA 5.8 %; NUTRICIÓN HUMANA 5.1 %. Genera una ruta educativa personalizada.,"Ruta educativa sugerida. Primera opción recomendada: BIOLOGÍA: PESQUERÍA, con la mayor probabilidad estimada de ingreso (7.1 %). Alternativas: BIOLOGÍA: ECOLOGÍA (5.8 %) y NUTRICIÓN HUMANA (5.1 %). Tu fortaleza en Matemática es coherente con estas opciones. Para mejorar tus posibilidades, refuerza Ciencia y Tecnología antes del examen. Estas probabilidades son estimaciones orientativas basadas en postulantes con perfiles similares, no una garantía de resultado.","Basándome en el perfil proporcionado, aquí tienes una ruta educativa personalizada para que tu postulante pueda aprovechar al máximo sus habilidades y fortalezas:

1. **Matemáticas**: 
   - Continuar con matemáticas en secundario.
   - Considerar cursos avanzados como álgebra lineal, cálculo diferencial e integral o teoría de números si es posible.

2. **Biomédica**:
   - Enseñanza Media: Bioquímica, Biología Molecular, Genética.
   - Preparación para exámenes universitarios de biología.
   - Participar en concursos de competencias científicas relacionadas a la salud humana.

3. **Pescar**:
   - Incluir clases de pesca en su currículum.
   - Considerar carreras relacionadas con la industria pesquera o la investigación en áreas de la salud pública.","Ruta educativa sugerida. Primera opción recomendada: BIOLOGÍA: ECOLOGÍA, con la mayor probabilidad estimada de ingreso (17.6 %). Alternativas: BIOLOGÍA: PESQUERÍA (17.6 %) y NUTRICIÓN HUMANA (12.3 %). Tu fortaleza en Matemática es coherente con estas opciones. Para mejorar tus posibilidades, refuerza Ciencia y Tecnología antes del examen. Estas probabilidades son estimaciones orientativas basadas en postulantes con perfiles similares, no una garantía de resultado.","Ruta educativa sugerida. Primera opción recomendada: BIOLOGÍA: PESQUERÍA, con la mayor probabilidad estimada de ingreso (7.1 %). Alternativas: BIOLOGÍA: ECOLOGÍA (5.8 %) y NUTRICIÓN HUMANA (5.1 %). Tu fortaleza en Matemática es coherente con estas opciones. Para mejorar tus posibilidades, refuerza Ciencia y Tecnología antes del examen. Estas probabilidades son estimaciones orientativas basadas en postulantes con perfiles similares, no una garantía de resultado."
Perfil del postulante: procede de un colegio público de área rural (UGEL SAN ANTONIO DE PUTINA); promedio de secundaria con desempeño satisfactorio; mayor fortaleza en Ciencia y Tecnología y menor en Inglés; postulaciones anteriores: 0; preparación preuniversitaria: academia particular; área de interés: ingenierías. Probabilidades estimadas de ingreso: INGENIERÍA AGRONÓMICA 2.4 %; INGENIERÍA GEOLÓGICA 2.4 %; INGENIERÍA MECÁNICA ELÉCTRICA 2.4 %. Genera una ruta educativa personalizada.,"Ruta educativa sugerida. Primera opción recomendada: INGENIERÍA AGRONÓMICA, con la mayor probabilidad estimada de ingreso (2.4 %). Alternativas: INGENIERÍA GEOLÓGICA (2.4 %) y INGENIERÍA MECÁNICA ELÉCTRICA (2.4 %). Tu fortaleza en Ciencia y Tecnología es coherente con estas opciones. Para mejorar tus posibilidades, refuerza Inglés antes del examen. Estas probabilidades son estimaciones orientativas basadas en postulantes con perfiles similares, no una garantía de resultado.","Basándome en el perfil y las probabilidades proporcionados, aquí tienes una ruta educativa personalizada para que tu postulante pueda tener más oportunidades de éxito:

1. **Preparación Académica**: Comienza con un curso de matemáticas avanzadas y física, ya que estas materias son fundamentales para todas las carreras de ingeniería.

2. **Inglés**: Siempre es importante mejorar el inglés, especialmente si no es su fuerte. Considera tomar clases particulares o utilizar aplicaciones como Duolingo o Rosetta Stone.

3. **Ciencias y Tecnología**: Continúa tus estudios en ciencias y tecnologías, especialmente en química, física y electrónica, ya que estos temas serán cruciales para muchas carreras de ingeniería.

4. **Ingles**: Continue trabajando en el inglés, especialmente en habilidades verbales y escritas. Esto puede ayudarle a superar","Ruta educativa sugerida. Primera opción recomendada: INGENIERÍA AGRONÓMICA, con la mayor probabilidad estimada de ingreso (17.6 %). Alternativas: INGENIERÍA GEOLÓGICA (15.2 %) y EDUCACIÓN SECUNDARIA DE LA ESPECIALIDAD DE MATEMÁTICA, FÍSICA, COMPUTACIÓN E INFORMÁTICA (13.2 %). Tu fortaleza en Ciencia y Tecnología es coherente con estas opciones. Para mejorar tus posibilidades, refuerza Inglés antes del examen. Estas probabilidades son estimaciones orientativas basadas en postulantes con perfiles similares, no una garantía de resultado.","Ruta educativa sugerida. Primera opción recomendada: INGENIERÍA AGRONÓMICA, con la mayor probabilidad estimada de ingreso (2.4 %). Alternativas: INGENIERÍA GEOLÓGICA (2.4 %) y INGENIERÍA MECÁNICA ELÉCTRICA (2.4 %). Tu fortaleza en Ciencia y Tecnología es coherente con estas opciones. Para mejorar tus posibilidades, refuerza Inglés antes del examen. Estas probabilidades son estimaciones orientativas basadas en postulantes con perfiles similares, no una garantía de resultado."
Perfil del postulante: procede de un colegio público de área urbana (UGEL CARABAYA); promedio de secundaria con desempeño en proceso; mayor fortaleza en Ciencia y Tecnología y menor en Matemática; postulaciones anteriores: 0; preparación preuniversitaria: autoestudio; área de interés: sociales. Probabilidades estimadas de ingreso: TRABAJO SOCIAL 1.7 %; CIENCIAS CONTABLES 0.9 %; SOCIOLOGÍA 0.9 %. Genera una ruta educativa personalizada.,"Ruta educativa sugerida. Primera opción recomendada: TRABAJO SOCIAL, con la mayor probabilidad estimada de ingreso (1.7 %). Alternativas: CIENCIAS CONTABLES (0.9 %) y SOCIOLOGÍA (0.9 %). Tu fortaleza en Ciencia y Tecnología es coherente con estas opciones. Para mejorar tus posibilidades, refuerza Matemática antes del examen. Estas probabilidades son estimaciones orientativas basadas en postulantes con perfiles similares, no una garantía de resultado.","Basándome en el perfil proporcionado, aquí tienes una ruta educativa personalizada para que tu postulante pueda aprovechar sus fortalezas y potencial:

1. **Primera Semana**: 
   - **Matemáticas**: Comienza con los fundamentos matemáticos básicos. Utiliza recursos como libros de texto, tutoriales en línea o aplicaciones educativas.
   - **Ciencias Técnicas**: Aprende sobre ciencias naturales e ingeniería. Considera cursos online o seminarios presenciales.

2. **Segunda Semana**:
   - **Tecnología**: Comience con herramientas digitales y software de programación. También puede ser interesante aprender sobre inteligencia artificial o robótica.
   - **Social Science**: Comienza con estudios de género, ética social o sociología. Considera libros de texto o conferencias en línea.

3. **Tercera Semana**","Ruta educativa sugerida. Primera opción recomendada: SOCIOLOGÍA, con la mayor probabilidad estimada de ingreso (17.6 %). Alternativas: TRABAJO SOCIAL (15.2 %) y CIENCIAS CONTABLES (13.2 %). Tu fortaleza en Ciencia y Tecnología es coherente con estas opciones. Para mejorar tus posibilidades, refuerza Matemática antes del examen. Estas probabilidades son estimaciones orientativas basadas en postulantes con perfiles similares, no una garantía de resultado.","Ruta educativa sugerida. Primera opción recomendada: TRABAJO SOCIAL, con la mayor probabilidad estimada de ingreso (1.7 %). Alternativas: CIENCIAS CONTABLES (0.9 %) y SOCIOLOGÍA (0.9 %). Tu fortaleza en Ciencia y Tecnología es coherente con estas opciones. Para mejorar tus posibilidades, refuerza Matemática antes del examen. Estas probabilidades son estimaciones orientativas basadas en postulantes con perfiles similares, no una garantía de resultado."
Perfil del postulante: procede de un colegio público de área urbana (UGEL SAN ROMÁN); promedio de secundaria con desempeño en proceso; mayor fortaleza en Ciencias Sociales y menor en Ciencia y Tecnología; postulaciones anteriores: 0; preparación preuniversitaria: academia particular; área de interés: sociales. Probabilidades estimadas de ingreso: TRABAJO SOCIAL 1.7 %; CIENCIAS CONTABLES 0.9 %; SOCIOLOGÍA 0.9 %. Genera una ruta educativa personalizada.,"Ruta educativa sugerida. Primera opción recomendada: TRABAJO SOCIAL, con la mayor probabilidad estimada de ingreso (1.7 %). Alternativas: CIENCIAS CONTABLES (0.9 %) y SOCIOLOGÍA (0.9 %). Tu fortaleza en Ciencias Sociales es coherente con estas opciones. Para mejorar tus posibilidades, refuerza Ciencia y Tecnología antes del examen. Estas probabilidades son estimaciones orientativas basadas en postulantes con perfiles similares, no una garantía de resultado.","Basándome en el perfil proporcionado, aquí tienes una ruta educativa personalizada para que tu postulante pueda aprovechar sus fortalezas y potencial:

1. **Primera Semana Académica**: 
   - **Matemáticas**: Comienza con los fundamentos matemáticos necesarios para futuros estudios universitarios.
   - **Ciencias Sociales**: Continúa con materias relacionadas a su área de interés, como Historia, Geografía o Cultura.

2. **Segunda Semana Académica**:
   - **Inglés**: Aprende inglés básico para facilitar comunicaciones internacionales si es necesario.
   - **Ciencias Sociales**: Continúa con temas importantes en Ciencias Sociales, como Política, Economía o Sociología.

3. **Tercera Semana Académica**:
   - **Ciencias Naturales**: Comienza con materias básicas en Física","Ruta educativa sugerida. Primera opción recomendada: SOCIOLOGÍA, con la mayor probabilidad estimada de ingreso (17.6 %). Alternativas: TRABAJO SOCIAL (15.2 %) y ADMINISTRACIÓN (13.2 %). Tu fortaleza en Ciencias Sociales es coherente con estas opciones. Para mejorar tus posibilidades, refuerza Ciencia y Tecnología antes del examen. Estas probabilidades son estimaciones orientativas basadas en postulantes con perfiles similares, no una garantía de resultado.","Ruta educativa sugerida. Primera opción recomendada: TRABAJO SOCIAL, con la mayor probabilidad estimada de ingreso (1.7 %). Alternativas: CIENCIAS CONTABLES (0.9 %) y SOCIOLOGÍA (0.9 %). Tu fortaleza en Ciencias Sociales es coherente con estas opciones. Para mejorar tus posibilidades, refuerza Ciencia y Tecnología antes del examen. Estas probabilidades son estimaciones orientativas basadas en postulantes con perfiles similares, no una garantía de resultado."
"Perfil del postulante: procede de un colegio público de área urbana (UGEL SAN ROMÁN); promedio de secundaria con desempeño satisfactorio; mayor fortaleza en Ciencias Sociales y menor en Inglés; postulaciones anteriores: 0; preparación preuniversitaria: cepreuna; área de interés: ingenierías. Probabilidades estimadas de ingreso: EDUCACIÓN SECUNDARIA DE LA ESPECIALIDAD DE MATEMÁTICA, FÍSICA, COMPUTACIÓN E INFORMÁTICA 31.1 %; INGENIERÍA AGRONÓMICA 31.1 %; INGENIERÍA ECONÓMICA 31.1 %. Genera una ruta educativa personalizada.","Ruta educativa sugerida. Primera opción recomendada: EDUCACIÓN SECUNDARIA DE LA ESPECIALIDAD DE MATEMÁTICA, FÍSICA, COMPUTACIÓN E INFORMÁTICA, con la mayor probabilidad estimada de ingreso (31.1 %). Alternativas: INGENIERÍA AGRONÓMICA (31.1 %) y INGENIERÍA ECONÓMICA (31.1 %). Tu fortaleza en Ciencias Sociales es coherente con estas opciones. Para mejorar tus posibilidades, refuerza Inglés antes del examen. Estas probabilidades son estimaciones orientativas basadas en postulantes con perfiles similares, no una garantía de resultado.","Basándome en el perfil proporcionado, puedo generar una ruta educativa para que tu postulante pueda aprovechar sus fortalezas y potencialidades:

1. **Iniciales de Preparación**: 
   - Comienza con los cursos básicos de matemáticas y física en la escuela primaria o secundaria.
   - Si aún no ha completado estos niveles, considera inscribirse en programas de prepares como CEPRENA.

2. **Matemáticas y Física**:
   - Continúa con los cursos avanzados de matemáticas y física en la universidad.
   - Considera opciones como Ingeniería Matemática, donde podrían aplicar su habilidad por excelencia en este campo.

3. **Ingles**:
   - Para mejorar su inglés, puedes considerar cursar clases adicionales o optar por carreras que requieran menos dominio en esta lengua.

4","Ruta educativa sugerida. Primera opción recomendada: INGENIERÍA AGRONÓMICA, con la mayor probabilidad estimada de ingreso (17.6 %). Alternativas: INGENIERÍA GEOLÓGICA (15.2 %) y EDUCACIÓN SECUNDARIA DE LA ESPECIALIDAD DE MATEMÁTICA, FÍSICA, COMPUTACIÓN E INFORMÁTICA (13.2 %). Tu fortaleza en Ciencias Sociales es coherente con estas opciones. Para mejorar tus posibilidades, refuerza Inglés antes del examen. Estas probabilidades son estimaciones orientativas basadas en postulantes con perfiles similares, no una garantía de resultado.","Ruta educativa sugerida. Primera opción recomendada: EDUCACIÓN SECUNDARIA DE LA ESPECIALIDAD DE MATEMÁTICA, FÍSICA, COMPUTACIÓN E INFORMÁTICA, con la mayor probabilidad estimada de ingreso (31.1 %). Alternativas: INGENIERÍA AGRONÓMICA (31.1 %) y INGENIERÍA ECONÓMICA (31.1 %). Tu fortaleza en Ciencias Sociales es coherente con estas opciones. Para mejorar tus posibilidades, refuerza Inglés antes del examen. Estas probabilidades son estimaciones orientativas basadas en postulantes con perfiles similares, no una garantía de resultado."
Perfil del postulante: procede de un colegio público de área urbana (UGEL PUNO); promedio de secundaria con desempeño satisfactorio; mayor fortaleza en Matemática y menor en Comunicación; postulaciones anteriores: 0; preparación preuniversitaria: autoestudio; área de interés: sociales. Probabilidades estimadas de ingreso: SOCIOLOGÍA 8.9 %; TRABAJO SOCIAL 7.3 %; CIENCIAS CONTABLES 7.1 %. Genera una ruta educativa personalizada.,"Ruta educativa sugerida. Primera opción recomendada: SOCIOLOGÍA, con la mayor probabilidad estimada de ingreso (8.9 %). Alternativas: TRABAJO SOCIAL (7.3 %) y CIENCIAS CONTABLES (7.1 %). Tu fortaleza en Matemática es coherente con estas opciones. Para mejorar tus posibilidades, refuerza Comunicación antes del examen. Estas probabilidades son estimaciones orientativas basadas en postulantes con perfiles similares, no una garantía de resultado.","Basándome en el perfil proporcionado, aquí tienes una ruta educativa personalizada para que tu postulante pueda aprovechar sus fortalezas y potencial:

1. **Matemáticas**: 
   - Continuar con matemáticas en secundario.
   - Considerar opciones como ingeniería o ciencias de la computación si es interesado en STEM.

2. **Comunicación**:
   - Enriquecer su currículum con habilidades comunicativas.
   - Considerar carreras relacionadas con comunicación, como publicidad, marketing o relaciones públicas.

3. **Social Science**:
   - Aprovechar su fortaleza en Matemáticas para considerar carreras en Ciencia Social.
   - Considerar áreas como psicología, sociología o economía.

4. **Trabajo Social**:
   - Si se siente más atraído por la aplicación práctica de conocimientos, considerar carreras en Trabajo Social","Ruta educativa sugerida. Primera opción recomendada: SOCIOLOGÍA, con la mayor probabilidad estimada de ingreso (17.6 %). Alternativas: TRABAJO SOCIAL (15.2 %) y CIENCIAS CONTABLES (13.2 %). Tu fortaleza en Matemática es coherente con estas opciones. Para mejorar tus posibilidades, refuerza Comunicación antes del examen. Estas probabilidades son estimaciones orientativas basadas en postulantes con perfiles similares, no una garantía de resultado.","Ruta educativa sugerida. Primera opción recomendada: SOCIOLOGÍA, con la mayor probabilidad estimada de ingreso (8.9 %). Alternativas: TRABAJO SOCIAL (7.3 %) y CIENCIAS CONTABLES (7.1 %). Tu fortaleza en Matemática es coherente con estas opciones. Para mejorar tus posibilidades, refuerza Comunicación antes del examen. Estas probabilidades son estimaciones orientativas basadas en postulantes con perfiles similares, no una garantía de resultado."
Perfil del postulante: procede de un colegio privado de área rural (UGEL SAN ROMÁN); promedio de secundaria con desempeño satisfactorio; mayor fortaleza en Ciencias Sociales y menor en Inglés; postulaciones anteriores: 0; preparación preuniversitaria: academia particular; área de interés: sociales. Probabilidades estimadas de ingreso: SOCIOLOGÍA 5.8 %; TRABAJO SOCIAL 5.3 %; ADMINISTRACIÓN 4.8 %. Genera una ruta educativa personalizada.,"Ruta educativa sugerida. Primera opción recomendada: SOCIOLOGÍA, con la mayor probabilidad estimada de ingreso (5.8 %). Alternativas: TRABAJO SOCIAL (5.3 %) y ADMINISTRACIÓN (4.8 %). Tu fortaleza en Ciencias Sociales es coherente con estas opciones. Para mejorar tus posibilidades, refuerza Inglés antes del examen. Estas probabilidades son estimaciones orientativas basadas en postulantes con perfiles similares, no una garantía de resultado.","Basándome en el perfil proporcionado, puedo generar una ruta educativa para que tu postulante tenga más posibilidades de ingresar a sus áreas de interés favoritas.

1. **Primera Semana**: 
   - **Iniciales de Preparación Académica**:
     - **Matemáticas**: Comienza con los fundamentos matemáticos necesarios para futuras asignaturas.
     - **Lengua Inglesa**: Aprende algunos conceptos básicos de inglés para facilitar la comunicación en clase.
   
2. **Segunda Semana**:
   - **Ciencias Sociales**:
     - **Historia**: Comience con la historia local e internacional para entender mejor su cultura.
     - **Geografía**: Conocerá diferentes culturas y geografías para comprender mejor la sociedad.
   
3. **Tercera Semana**:
   - **Inglés**:
     - **Primer","Ruta educativa sugerida. Primera opción recomendada: SOCIOLOGÍA, con la mayor probabilidad estimada de ingreso (17.6 %). Alternativas: ADMINISTRACIÓN (13.2 %) y EDUCACIÓN FÍSICA (13.2 %). Tu fortaleza en Ciencias Sociales es coherente con estas opciones. Para mejorar tus posibilidades, refuerza Inglés antes del examen. Estas probabilidades son estimaciones orientativas basadas en postulantes con perfiles similares, no una garantía de resultado.","Ruta educativa sugerida. Primera opción recomendada: SOCIOLOGÍA, con la mayor probabilidad estimada de ingreso (5.8 %). Alternativas: TRABAJO SOCIAL (5.3 %) y ADMINISTRACIÓN (4.8 %). Tu fortaleza en Ciencias Sociales es coherente con estas opciones. Para mejorar tus posibilidades, refuerza Inglés antes del examen. Estas probabilidades son estimaciones orientativas basadas en postulantes con perfiles similares, no una garantía de resultado."
Perfil del postulante: procede de un colegio público de área nan (UGEL MELGAR); promedio de secundaria con desempeño satisfactorio; mayor fortaleza en Ciencia y Tecnología y menor en Matemática; postulaciones anteriores: 0; preparación preuniversitaria: nan; área de interés: ingenierías. Probabilidades estimadas de ingreso: INGENIERÍA AGRONÓMICA 12.3 %; INGENIERÍA TOPOGRÁFICA Y AGRIMENSURA 10.5 %; INGENIERÍA MECÁNICA ELÉCTRICA 9.2 %. Genera una ruta educativa personalizada.,"Ruta educativa sugerida. Primera opción recomendada: INGENIERÍA AGRONÓMICA, con la mayor probabilidad estimada de ingreso (12.3 %). Alternativas: INGENIERÍA TOPOGRÁFICA Y AGRIMENSURA (10.5 %) y INGENIERÍA MECÁNICA ELÉCTRICA (9.2 %). Tu fortaleza en Ciencia y Tecnología es coherente con estas opciones. Para mejorar tus posibilidades, refuerza Matemática antes del examen. Estas probabilidades son estimaciones orientativas basadas en postulantes con perfiles similares, no una garantía de resultado.","Basándome en el perfil y las probabilidades proporcionados, aquí tienes una ruta educativa personalizada para que tu postulante pueda tener más posibilidades de ingresar a las carreras elegidas:

1. **Primera Semana**: 
   - **Matemáticas**: Comienza con los fundamentos matemáticos. Utiliza recursos como libros de texto, aplicaciones educativas o tutoriales en línea.
   - **Ciencias Naturales**: Envió al centro de ciencias naturales para profundizar en temas relacionados con la ingeniería agronómica.

2. **Segunda Semana**:
   - **Ing. Agrónoma**: Comienza con cursos prácticos sobre agricultura y manejo de cultivos. También puede considerar cursos de inglés si es necesario para futuras oportunidades laborales.
   - **Ing. Topografía y Agrimensura**: Inicia con estudios sobre geografía física y topografía.","Ruta educativa sugerida. Primera opción recomendada: INGENIERÍA AGRONÓMICA, con la mayor probabilidad estimada de ingreso (17.6 %). Alternativas: INGENIERÍA GEOLÓGICA (15.2 %) y EDUCACIÓN SECUNDARIA DE LA ESPECIALIDAD DE MATEMÁTICA, FÍSICA, COMPUTACIÓN E INFORMÁTICA (13.2 %). Tu fortaleza en Ciencia y Tecnología es coherente con estas opciones. Para mejorar tus posibilidades, refuerza Matemática antes del examen. Estas probabilidades son estimaciones orientativas basadas en postulantes con perfiles similares, no una garantía de resultado.","Ruta educativa sugerida. Primera opción recomendada: INGENIERÍA AGRONÓMICA, con la mayor probabilidad estimada de ingreso (12.3 %). Alternativas: INGENIERÍA TOPOGRÁFICA Y AGRIMENSURA (10.5 %) y INGENIERÍA MECÁNICA ELÉCTRICA (9.2 %). Tu fortaleza en Ciencia y Tecnología es coherente con estas opciones. Para mejorar tus posibilidades, refuerza Matemática antes del examen. Estas probabilidades son estimaciones orientativas basadas en postulantes con perfiles similares, no una garantía de resultado."
Perfil del postulante: procede de un colegio público de área urbana (UGEL TAMBOPATA); promedio de secundaria con desempeño satisfactorio; mayor fortaleza en Matemática y menor en Inglés; postulaciones anteriores: 0; preparación preuniversitaria: autoestudio; área de interés: sociales. Probabilidades estimadas de ingreso: ADMINISTRACIÓN 2.4 %; CIENCIAS CONTABLES 2.4 %; EDUCACIÓN FÍSICA 2.4 %. Genera una ruta educativa personalizada.,"Ruta educativa sugerida. Primera opción recomendada: ADMINISTRACIÓN, con la mayor probabilidad estimada de ingreso (2.4 %). Alternativas: CIENCIAS CONTABLES (2.4 %) y EDUCACIÓN FÍSICA (2.4 %). Tu fortaleza en Matemática es coherente con estas opciones. Para mejorar tus posibilidades, refuerza Inglés antes del examen. Estas probabilidades son estimaciones orientativas basadas en postulantes con perfiles similares, no una garantía de resultado.","Basado en el perfil proporcionado, aquí tienes una ruta educativa personalizada para que tu postulante pueda aprovechar sus fortalezas y potencial:

1. **Matemáticas**: 
   - Continuar con matemáticas en secundario.
   - Considerar cursos avanzados como álgebra lineal o cálculo integral si es posible.

2. **Inglés**:
   - Aprender inglés desde el principio.
   - Considerar clases de inglés en línea o en escuela pública cercana.

3. **Educación Social**:
   - Enseñanza Media: Educación Social.
   - Posteriormente considerar carreras relacionadas con educación social como Pedagogía, Psicología Educativa, etc.

4. **Administración**:
   - Prepararse bien en matemáticas y estadística.
   - Considerar carreras administrativas como Administración Pública, Gestión Empresarial, etc.

5","Ruta educativa sugerida. Primera opción recomendada: SOCIOLOGÍA, con la mayor probabilidad estimada de ingreso (17.6 %). Alternativas: ADMINISTRACIÓN (13.2 %) y EDUCACIÓN FÍSICA (13.2 %). Tu fortaleza en Matemática es coherente con estas opciones. Para mejorar tus posibilidades, refuerza Inglés antes del examen. Estas probabilidades son estimaciones orientativas basadas en postulantes con perfiles similares, no una garantía de resultado.","Ruta educativa sugerida. Primera opción recomendada: ADMINISTRACIÓN, con la mayor probabilidad estimada de ingreso (2.4 %). Alternativas: CIENCIAS CONTABLES (2.4 %) y EDUCACIÓN FÍSICA (2.4 %). Tu fortaleza en Matemática es coherente con estas opciones. Para mejorar tus posibilidades, refuerza Inglés antes del examen. Estas probabilidades son estimaciones orientativas basadas en postulantes con perfiles similares, no una garantía de resultado."
Perfil del postulante: procede de un colegio público de área urbana (UGEL SAN ROMÁN); promedio de secundaria con desempeño satisfactorio; mayor fortaleza en Comunicación y menor en Inglés; postulaciones anteriores: 0; preparación preuniversitaria: nan; área de interés: biomédicas. Probabilidades estimadas de ingreso: BIOLOGÍA: PESQUERÍA 27.9 %; BIOLOGÍA: ECOLOGÍA 26.1 %; NUTRICIÓN HUMANA 17.6 %. Genera una ruta educativa personalizada.,"Ruta educativa sugerida. Primera opción recomendada: BIOLOGÍA: PESQUERÍA, con la mayor probabilidad estimada de ingreso (27.9 %). Alternativas: BIOLOGÍA: ECOLOGÍA (26.1 %) y NUTRICIÓN HUMANA (17.6 %). Tu fortaleza en Comunicación es coherente con estas opciones. Para mejorar tus posibilidades, refuerza Inglés antes del examen. Estas probabilidades son estimaciones orientativas basadas en postulantes con perfiles similares, no una garantía de resultado.","Basándome en el perfil proporcionado, aquí tienes una ruta educativa personalizada para que tu postulante pueda aprovechar al máximo sus posibilidades de ingreso:

1. **Comenzar su preparación universitaria**: 
   - **Primera Semana**: Estudiar los requisitos básicos para ingresar a la carrera de Biomédica.
   - **Segunda Semana**: Comprender cómo se evalúa en la UGEL San Román.

2. **Preparación para la UGEL San Román**:
   - **Tercera Semana**: Revisar los contenidos clave de la secundaria correspondientes a la carrera de Biomédica.
   - **Cuarta Semana**: Practicar habilidades de comunicación y escritura para mejorar su desempeño en la UGEL.

3. **Iniciación a la Preparación Preuniversitaria**:
   - **Qu","Ruta educativa sugerida. Primera opción recomendada: BIOLOGÍA: ECOLOGÍA, con la mayor probabilidad estimada de ingreso (17.6 %). Alternativas: BIOLOGÍA: PESQUERÍA (17.6 %) y NUTRICIÓN HUMANA (12.3 %). Tu fortaleza en Comunicación es coherente con estas opciones. Para mejorar tus posibilidades, refuerza Inglés antes del examen. Estas probabilidades son estimaciones orientativas basadas en postulantes con perfiles similares, no una garantía de resultado.","Ruta educativa sugerida. Primera opción recomendada: BIOLOGÍA: PESQUERÍA, con la mayor probabilidad estimada de ingreso (27.9 %). Alternativas: BIOLOGÍA: ECOLOGÍA (26.1 %) y NUTRICIÓN HUMANA (17.6 %). Tu fortaleza en Comunicación es coherente con estas opciones. Para mejorar tus posibilidades, refuerza Inglés antes del examen. Estas probabilidades son estimaciones orientativas basadas en postulantes con perfiles similares, no una garantía de resultado."
Perfil del postulante: procede de un colegio público de área urbana (UGEL SAN ANTONIO DE PUTINA); promedio de secundaria con desempeño satisfactorio; mayor fortaleza en Ciencias Sociales y menor en Inglés; postulaciones anteriores: 0; preparación preuniversitaria: cepreuna; área de interés: ingenierías. Probabilidades estimadas de ingreso: INGENIERÍA AGRONÓMICA 23.4 %; INGENIERÍA GEOLÓGICA 23.4 %; INGENIERÍA TOPOGRÁFICA Y AGRIMENSURA 23.4 %. Genera una ruta educativa personalizada.,"Ruta educativa sugerida. Primera opción recomendada: INGENIERÍA AGRONÓMICA, con la mayor probabilidad estimada de ingreso (23.4 %). Alternativas: INGENIERÍA GEOLÓGICA (23.4 %) y INGENIERÍA TOPOGRÁFICA Y AGRIMENSURA (23.4 %). Tu fortaleza en Ciencias Sociales es coherente con estas opciones. Para mejorar tus posibilidades, refuerza Inglés antes del examen. Estas probabilidades son estimaciones orientativas basadas en postulantes con perfiles similares, no una garantía de resultado.","Basándome en el perfil proporcionado, aquí tienes una ruta educativa personalizada para que tu postulante pueda aprovechar al máximo sus posibilidades:

1. **Reforzar conocimientos en Ciencias Sociales**: Considerando que es su fortaleza, puedes enfocar más tiempo en esta materia durante tus clases universitarias. Esto puede incluir libros complementarios, tutorias o actividades extraescolares relacionadas.

2. **Inglés**: Si aún no ha alcanzado los niveles necesarios, considera tomar cursos adicionales de inglés o utilizar aplicaciones como Duolingo o Rosetta Stone para practicar en casa.

3. **Preparación para la matrícula**: Antes de entrar a la universidad, asegúrate de tener todos los documentos necesarios y familiarizarte con el proceso de matriculación. También podrías considerar asistir a seminarios o conferencias sobre cómo mane","Ruta educativa sugerida. Primera opción recomendada: INGENIERÍA AGRONÓMICA, con la mayor probabilidad estimada de ingreso (17.6 %). Alternativas: INGENIERÍA GEOLÓGICA (15.2 %) y EDUCACIÓN SECUNDARIA DE LA ESPECIALIDAD DE MATEMÁTICA, FÍSICA, COMPUTACIÓN E INFORMÁTICA (13.2 %). Tu fortaleza en Ciencias Sociales es coherente con estas opciones. Para mejorar tus posibilidades, refuerza Inglés antes del examen. Estas probabilidades son estimaciones orientativas basadas en postulantes con perfiles similares, no una garantía de resultado.","Ruta educativa sugerida. Primera opción recomendada: INGENIERÍA AGRONÓMICA, con la mayor probabilidad estimada de ingreso (23.4 %). Alternativas: INGENIERÍA GEOLÓGICA (23.4 %) y INGENIERÍA TOPOGRÁFICA Y AGRIMENSURA (23.4 %). Tu fortaleza en Ciencias Sociales es coherente con estas opciones. Para mejorar tus posibilidades, refuerza Inglés antes del examen. Estas probabilidades son estimaciones orientativas basadas en postulantes con perfiles similares, no una garantía de resultado."
Perfil del postulante: procede de un colegio público de área rural (UGEL CARABAYA); promedio de secundaria con desempeño en proceso; mayor fortaleza en Matemática y menor en Inglés; postulaciones anteriores: 1; preparación preuniversitaria: cepreuna; área de interés: sociales. Probabilidades estimadas de ingreso: TRABAJO SOCIAL 4.8 %; CIENCIAS CONTABLES 3.1 %; SOCIOLOGÍA 3.1 %. Genera una ruta educativa personalizada.,"Ruta educativa sugerida. Primera opción recomendada: TRABAJO SOCIAL, con la mayor probabilidad estimada de ingreso (4.8 %). Alternativas: CIENCIAS CONTABLES (3.1 %) y SOCIOLOGÍA (3.1 %). Tu fortaleza en Matemática es coherente con estas opciones. Para mejorar tus posibilidades, refuerza Inglés antes del examen. Estas probabilidades son estimaciones orientativas basadas en postulantes con perfiles similares, no una garantía de resultado.","Basándome en el perfil proporcionado, puedo generar una ruta educativa para que tu postulante pueda aprovechar sus fortalezas y potencialidades:

1. **Matemáticas**: 
   - Continuar con matemáticas en la preparatoria.
   - Considerar opciones como ingeniería o ciencias de la computación si es interesado en STEM.

2. **Inglés**:
   - Aprender inglés en la preparatoria.
   - Considerar posibles carreras donde se requiera inglés, como administración de empresas o marketing internacional.

3. **Social Science**:
   - Estudios sobre sociología, economía social, política pública, etc., ya que son áreas de interés.
   - Considerar posibles carreras relacionadas con estos temas, como psicología social, estudios políticos, o carrera en derecho.

4. **Ciencia Contable**:
   - Siempre considerando aspectos financieros y económ","Ruta educativa sugerida. Primera opción recomendada: SOCIOLOGÍA, con la mayor probabilidad estimada de ingreso (26.8 %). Alternativas: TRABAJO SOCIAL (25.9 %) y CIENCIAS CONTABLES (20.7 %). Tu fortaleza en Matemática es coherente con estas opciones. Para mejorar tus posibilidades, refuerza Inglés antes del examen. Estas probabilidades son estimaciones orientativas basadas en postulantes con perfiles similares, no una garantía de resultado.","Ruta educativa sugerida. Primera opción recomendada: TRABAJO SOCIAL, con la mayor probabilidad estimada de ingreso (4.8 %). Alternativas: CIENCIAS CONTABLES (3.1 %) y SOCIOLOGÍA (3.1 %). Tu fortaleza en Matemática es coherente con estas opciones. Para mejorar tus posibilidades, refuerza Inglés antes del examen. Estas probabilidades son estimaciones orientativas basadas en postulantes con perfiles similares, no una garantía de resultado."
Perfil del postulante: procede de un colegio público de área urbana (UGEL SAN ROMÁN); promedio de secundaria con desempeño satisfactorio; mayor fortaleza en Ciencias Sociales y menor en Ciencia y Tecnología; postulaciones anteriores: 0; preparación preuniversitaria: ninguna; área de interés: ingenierías. Probabilidades estimadas de ingreso: INGENIERÍA AGRONÓMICA 5.8 %; INGENIERÍA TOPOGRÁFICA Y AGRIMENSURA 5.8 %; INGENIERÍA MECÁNICA ELÉCTRICA 5.1 %. Genera una ruta educativa personalizada.,"Ruta educativa sugerida. Primera opción recomendada: INGENIERÍA AGRONÓMICA, con la mayor probabilidad estimada de ingreso (5.8 %). Alternativas: INGENIERÍA TOPOGRÁFICA Y AGRIMENSURA (5.8 %) y INGENIERÍA MECÁNICA ELÉCTRICA (5.1 %). Tu fortaleza en Ciencias Sociales es coherente con estas opciones. Para mejorar tus posibilidades, refuerza Ciencia y Tecnología antes del examen y considera una preparación preuniversitaria estructurada. Estas probabilidades son estimaciones orientativas basadas en postulantes con perfiles similares, no una garantía de resultado.","Basándome en el perfil proporcionado, aquí tienes una ruta educativa personalizada para que tu postulante pueda tener más posibilidades de ingresar a las carreras elegidas:

1. **Primera Semana**: 
   - **Matemáticas** y **Ciencias Naturales**: Comenzarás con los fundamentos matemáticos y naturales. La Matemática es crucial ya que será necesaria para muchas de las ciencias técnicas.
   - **Ingeniería Agronómica**: Esta carrera te permitirá aprender sobre agricultura, manejo de cultivos, y gestión de recursos agrícolas.

2. **Segunda Semana**:
   - **Ciencias Sociales**: Continuarás tus estudios en esta área porque es importante para entender la dinámica social y económica de la sociedad.
   - **Ingeniería Topográfica y Agrimensuración**: Este campo combina conocimientos de ge","Ruta educativa sugerida. Primera opción recomendada: INGENIERÍA AGRONÓMICA, con la mayor probabilidad estimada de ingreso (17.6 %). Alternativas: INGENIERÍA GEOLÓGICA (15.2 %) y EDUCACIÓN SECUNDARIA DE LA ESPECIALIDAD DE MATEMÁTICA, FÍSICA, COMPUTACIÓN E INFORMÁTICA (13.2 %). Tu fortaleza en Ciencias Sociales es coherente con estas opciones. Para mejorar tus posibilidades, refuerza Ciencia y Tecnología antes del examen y considera una preparación preuniversitaria estructurada. Estas probabilidades son estimaciones orientativas basadas en postulantes con perfiles similares, no una garantía de resultado.","Ruta educativa sugerida. Primera opción recomendada: INGENIERÍA AGRONÓMICA, con la mayor probabilidad estimada de ingreso (5.8 %). Alternativas: INGENIERÍA TOPOGRÁFICA Y AGRIMENSURA (5.8 %) y INGENIERÍA MECÁNICA ELÉCTRICA (5.1 %). Tu fortaleza en Ciencias Sociales es coherente con estas opciones. Para mejorar tus posibilidades, refuerza Ciencia y Tecnología antes del examen y considera una preparación preuniversitaria estructurada. Estas probabilidades son estimaciones orientativas basadas en postulantes con perfiles similares, no una garantía de resultado."
Perfil del postulante: procede de un colegio privado de área nan (UGEL EL COLLAO); promedio de secundaria con desempeño satisfactorio; mayor fortaleza en Comunicación y menor en Matemática; postulaciones anteriores: 0; preparación preuniversitaria: nan; área de interés: sociales. Probabilidades estimadas de ingreso: SOCIOLOGÍA 24.6 %; EDUCACIÓN FÍSICA 18.2 %; CIENCIAS CONTABLES 17.6 %. Genera una ruta educativa personalizada.,"Ruta educativa sugerida. Primera opción recomendada: SOCIOLOGÍA, con la mayor probabilidad estimada de ingreso (24.6 %). Alternativas: EDUCACIÓN FÍSICA (18.2 %) y CIENCIAS CONTABLES (17.6 %). Tu fortaleza en Comunicación es coherente con estas opciones. Para mejorar tus posibilidades, refuerza Matemática antes del examen. Estas probabilidades son estimaciones orientativas basadas en postulantes con perfiles similares, no una garantía de resultado.","Basándome en el perfil proporcionado, aquí tienes una ruta educativa personalizada para que tu postulante pueda aprovechar sus fortalezas y potencial:

1. **Comenzar su educación universitaria**: La UNEP ofrece carreras como Educación Física, Ciencias Contables y Sociales. Considerando los datos, parece que la opción más probable es la carrera de Educación Física.

2. **Prepararse para la matemática**: Aunque no se destaca en este aspecto, puedes considerar algunas actividades adicionales o cursos específicos para mejorar tus habilidades matemáticas.

3. **Formación en Comunicación**: Siempre mantén un enfoque fuerte en esta área, ya sea mediante clases adicionales, talleres o prácticas profesionales.

4. **Practicar en áreas relacionadas**: Para asegurar un buen desempeño en la matemática, podrías considerar","Ruta educativa sugerida. Primera opción recomendada: SOCIOLOGÍA, con la mayor probabilidad estimada de ingreso (17.6 %). Alternativas: ADMINISTRACIÓN (13.2 %) y EDUCACIÓN FÍSICA (13.2 %). Tu fortaleza en Comunicación es coherente con estas opciones. Para mejorar tus posibilidades, refuerza Matemática antes del examen. Estas probabilidades son estimaciones orientativas basadas en postulantes con perfiles similares, no una garantía de resultado.","Ruta educativa sugerida. Primera opción recomendada: SOCIOLOGÍA, con la mayor probabilidad estimada de ingreso (24.6 %). Alternativas: EDUCACIÓN FÍSICA (18.2 %) y CIENCIAS CONTABLES (17.6 %). Tu fortaleza en Comunicación es coherente con estas opciones. Para mejorar tus posibilidades, refuerza Matemática antes del examen. Estas probabilidades son estimaciones orientativas basadas en postulantes con perfiles similares, no una garantía de resultado."
Perfil del postulante: procede de un colegio público de área urbana (UGEL LAMPA); promedio de secundaria con desempeño satisfactorio; mayor fortaleza en Ciencias Sociales y menor en Matemática; postulaciones anteriores: 1; preparación preuniversitaria: cepreuna previo; área de interés: sociales. Probabilidades estimadas de ingreso: SOCIOLOGÍA 7.3 %; ADMINISTRACIÓN 5.8 %; EDUCACIÓN FÍSICA 5.8 %. Genera una ruta educativa personalizada.,"Ruta educativa sugerida. Primera opción recomendada: SOCIOLOGÍA, con la mayor probabilidad estimada de ingreso (7.3 %). Alternativas: ADMINISTRACIÓN (5.8 %) y EDUCACIÓN FÍSICA (5.8 %). Tu fortaleza en Ciencias Sociales es coherente con estas opciones. Para mejorar tus posibilidades, refuerza Matemática antes del examen. Estas probabilidades son estimaciones orientativas basadas en postulantes con perfiles similares, no una garantía de resultado.","Basado en el perfil proporcionado, aquí tienes una ruta educativa personalizada para que tu postulante pueda aprovechar sus fortalezas y potencial:

1. **Primera Semana**: 
   - **Matemáticas**:
     - Comienza con los primeros niveles de matemáticas en la preparatoria.
     - Utiliza recursos como libros de texto, tutorias o aplicaciones educativas.
     - Participa en actividades prácticas relacionadas con la matemática.

2. **Segunda Semana**:
   - **Ciencias Sociales**:
     - Inicia con los cursos básicos de ciencias sociales en la preparatoria.
     - Realiza ejercicios de lectura y escritura sobre temas de ciencias sociales.
     - Participa en talleres o conferencias sobre temas de interés.

3. **Tercera Semana**:
   - **Educación Física**:
     - Comienza con","Ruta educativa sugerida. Primera opción recomendada: SOCIOLOGÍA, con la mayor probabilidad estimada de ingreso (26.8 %). Alternativas: TRABAJO SOCIAL (25.9 %) y ADMINISTRACIÓN (20.7 %). Tu fortaleza en Ciencias Sociales es coherente con estas opciones. Para mejorar tus posibilidades, refuerza Matemática antes del examen. Estas probabilidades son estimaciones orientativas basadas en postulantes con perfiles similares, no una garantía de resultado.","Ruta educativa sugerida. Primera opción recomendada: SOCIOLOGÍA, con la mayor probabilidad estimada de ingreso (7.3 %). Alternativas: ADMINISTRACIÓN (5.8 %) y EDUCACIÓN FÍSICA (5.8 %). Tu fortaleza en Ciencias Sociales es coherente con estas opciones. Para mejorar tus posibilidades, refuerza Matemática antes del examen. Estas probabilidades son estimaciones orientativas basadas en postulantes con perfiles similares, no una garantía de resultado."
Perfil del postulante: procede de un colegio público de área urbana (UGEL AZÁNGARO); promedio de secundaria con desempeño satisfactorio; mayor fortaleza en Comunicación y menor en Matemática; postulaciones anteriores: 0; preparación preuniversitaria: academia particular; área de interés: sociales. Probabilidades estimadas de ingreso: SOCIOLOGÍA 26.1 %; ADMINISTRACIÓN 23.4 %; CIENCIAS CONTABLES 23.4 %. Genera una ruta educativa personalizada.,"Ruta educativa sugerida. Primera opción recomendada: SOCIOLOGÍA, con la mayor probabilidad estimada de ingreso (26.1 %). Alternativas: ADMINISTRACIÓN (23.4 %) y CIENCIAS CONTABLES (23.4 %). Tu fortaleza en Comunicación es coherente con estas opciones. Para mejorar tus posibilidades, refuerza Matemática antes del examen. Estas probabilidades son estimaciones orientativas basadas en postulantes con perfiles similares, no una garantía de resultado.","Basándome en el perfil proporcionado, puedo generar una ruta educativa para que tu postulante pueda aprovechar sus fortalezas y potencialidades. Aquí te presento algunas sugerencias:

1. **Comenzar su educación universitaria**: Considerando que ya ha tenido experiencias previas en la academia particular, podría considerarse como un buen punto de partida. La Academia particular puede ofrecer un ambiente familiar y seguro.

2. **Matemáticas**: Aunque no es su fuerte, podrías considerar tomar clases adicionales o cursos online para mejorar en esta materia. Esto puede ayudarle a superar los obstáculos y alcanzar mejores notas.

3. **Comunicación**: Esta es su fortaleza. Podría considerar especializarse en áreas relacionadas a la comunicación, como Administración de Empresas o Ciencias Sociales. Ambos campos requieren habilidades comunicativas y pueden ser interesantes para ella.","Ruta educativa sugerida. Primera opción recomendada: SOCIOLOGÍA, con la mayor probabilidad estimada de ingreso (17.6 %). Alternativas: TRABAJO SOCIAL (15.2 %) y ADMINISTRACIÓN (13.2 %). Tu fortaleza en Comunicación es coherente con estas opciones. Para mejorar tus posibilidades, refuerza Matemática antes del examen. Estas probabilidades son estimaciones orientativas basadas en postulantes con perfiles similares, no una garantía de resultado.","Ruta educativa sugerida. Primera opción recomendada: SOCIOLOGÍA, con la mayor probabilidad estimada de ingreso (26.1 %). Alternativas: ADMINISTRACIÓN (23.4 %) y CIENCIAS CONTABLES (23.4 %). Tu fortaleza en Comunicación es coherente con estas opciones. Para mejorar tus posibilidades, refuerza Matemática antes del examen. Estas probabilidades son estimaciones orientativas basadas en postulantes con perfiles similares, no una garantía de resultado."
Perfil del postulante: procede de un colegio público de área urbana (UGEL LAMPA); promedio de secundaria con desempeño satisfactorio; mayor fortaleza en Matemática y menor en Inglés; postulaciones anteriores: 2; preparación preuniversitaria: autoestudio; área de interés: sociales. Probabilidades estimadas de ingreso: SOCIOLOGÍA 10.5 %; TRABAJO SOCIAL 8.9 %; CIENCIAS CONTABLES 7.3 %. Genera una ruta educativa personalizada.,"Ruta educativa sugerida. Primera opción recomendada: SOCIOLOGÍA, con la mayor probabilidad estimada de ingreso (10.5 %). Alternativas: TRABAJO SOCIAL (8.9 %) y CIENCIAS CONTABLES (7.3 %). Tu fortaleza en Matemática es coherente con estas opciones. Para mejorar tus posibilidades, refuerza Inglés antes del examen. Estas probabilidades son estimaciones orientativas basadas en postulantes con perfiles similares, no una garantía de resultado.","Basándome en el perfil proporcionado, aquí tienes una ruta educativa personalizada para que tu postulante pueda aprovechar sus fortalezas y potencial:

1. **Matemáticas**: 
   - Continuar con matemáticas en secundario.
   - Considerar opciones como ingeniería o ciencias de la computación si es interesado en STEM.

2. **Inglés**:
   - Aprender inglés en preparación para futuras carreras donde este sea relevante.
   - Considerar posibles carreras en áreas donde se requiera fluidez en inglés, como marketing internacional o traducción.

3. **Social Science**:
   - Enseñanza Media Social o Ciencia Política.
   - Esta opción podría ser más atractiva debido al interés social y a la alta probabilidad de ingreso en esta carrera.

4. **Carrera de Interés Personal**:
   - Siempre considerando su fortaleza","Ruta educativa sugerida. Primera opción recomendada: SOCIOLOGÍA, con la mayor probabilidad estimada de ingreso (17.6 %). Alternativas: TRABAJO SOCIAL (15.2 %) y CIENCIAS CONTABLES (13.2 %). Tu fortaleza en Matemática es coherente con estas opciones. Para mejorar tus posibilidades, refuerza Inglés antes del examen. Estas probabilidades son estimaciones orientativas basadas en postulantes con perfiles similares, no una garantía de resultado.","Ruta educativa sugerida. Primera opción recomendada: SOCIOLOGÍA, con la mayor probabilidad estimada de ingreso (10.5 %). Alternativas: TRABAJO SOCIAL (8.9 %) y CIENCIAS CONTABLES (7.3 %). Tu fortaleza en Matemática es coherente con estas opciones. Para mejorar tus posibilidades, refuerza Inglés antes del examen. Estas probabilidades son estimaciones orientativas basadas en postulantes con perfiles similares, no una garantía de resultado."
Perfil del postulante: procede de un colegio público de área urbana (UGEL PUNO); promedio de secundaria con desempeño en proceso; mayor fortaleza en Inglés y menor en Comunicación; postulaciones anteriores: 0; preparación preuniversitaria: academia particular; área de interés: sociales. Probabilidades estimadas de ingreso: TRABAJO SOCIAL 1.7 %; CIENCIAS CONTABLES 0.9 %; EDUCACIÓN INICIAL 0.9 %. Genera una ruta educativa personalizada.,"Ruta educativa sugerida. Primera opción recomendada: TRABAJO SOCIAL, con la mayor probabilidad estimada de ingreso (1.7 %). Alternativas: CIENCIAS CONTABLES (0.9 %) y EDUCACIÓN INICIAL (0.9 %). Tu fortaleza en Inglés es coherente con estas opciones. Para mejorar tus posibilidades, refuerza Comunicación antes del examen. Estas probabilidades son estimaciones orientativas basadas en postulantes con perfiles similares, no una garantía de resultado.","Basándome en el perfil proporcionado, aquí tienes una ruta educativa personalizada para que tu postulante pueda aprovechar sus fortalezas y potencial:

1. **Iniciales de Preparación Académica**:
   - **Primera Semana**: Enseñanza de inglés avanzado.
   - **Segunda Semana**: Comienza los estudios de matemáticas básicas.

2. **Preparación para la Matrícula Universitaria**:
   - **Tercera Semana**: Comienza los estudios de ciencias sociales.
   - **Cuarta Semana**: Comienza los estudios de biología básica.

3. **Estudios Básicos**:
   - **Quinta Semana**: Continúa los estudios de biología básica.
   - **Sexta Semana**: Comienza los estudios de química básica.

4. **Estudios Avanzados**:
   -","Ruta educativa sugerida. Primera opción recomendada: SOCIOLOGÍA, con la mayor probabilidad estimada de ingreso (17.6 %). Alternativas: TRABAJO SOCIAL (15.2 %) y CIENCIAS CONTABLES (13.2 %). Tu fortaleza en Inglés es coherente con estas opciones. Para mejorar tus posibilidades, refuerza Comunicación antes del examen. Estas probabilidades son estimaciones orientativas basadas en postulantes con perfiles similares, no una garantía de resultado.","Ruta educativa sugerida. Primera opción recomendada: TRABAJO SOCIAL, con la mayor probabilidad estimada de ingreso (1.7 %). Alternativas: CIENCIAS CONTABLES (0.9 %) y EDUCACIÓN INICIAL (0.9 %). Tu fortaleza en Inglés es coherente con estas opciones. Para mejorar tus posibilidades, refuerza Comunicación antes del examen. Estas probabilidades son estimaciones orientativas basadas en postulantes con perfiles similares, no una garantía de resultado."
Perfil del postulante: procede de un colegio público de área urbana (UGEL AZÁNGARO); promedio de secundaria con desempeño satisfactorio; mayor fortaleza en Ciencia y Tecnología y menor en Matemática; postulaciones anteriores: 0; preparación preuniversitaria: nan; área de interés: sociales. Probabilidades estimadas de ingreso: SOCIOLOGÍA 10.5 %; CIENCIAS CONTABLES 8.9 %; EDUCACIÓN FÍSICA 7.3 %. Genera una ruta educativa personalizada.,"Ruta educativa sugerida. Primera opción recomendada: SOCIOLOGÍA, con la mayor probabilidad estimada de ingreso (10.5 %). Alternativas: CIENCIAS CONTABLES (8.9 %) y EDUCACIÓN FÍSICA (7.3 %). Tu fortaleza en Ciencia y Tecnología es coherente con estas opciones. Para mejorar tus posibilidades, refuerza Matemática antes del examen. Estas probabilidades son estimaciones orientativas basadas en postulantes con perfiles similares, no una garantía de resultado.","Basándome en el perfil proporcionado, aquí tienes una ruta educativa personalizada para que tu postulante pueda aprovechar sus fortalezas y potencial:

1. **Primera Semana**: 
   - **Matemáticas**:
     - Comienza con los primeros niveles de matemáticas básicas.
     - Utiliza recursos como libros escolares, aplicaciones educativas o tutoriales online.

2. **Segunda Semana**:
   - **Ciencias Sociales**:
     - Inicia con los temas más importantes de la educación básica.
     - Aprende sobre diferentes culturas, sociedades y problemas globales.

3. **Tercera Semana**:
   - **Educación Física**:
     - Realiza actividades físicas regulares durante el tiempo libre.
     - Participa en deportes o actividades recreativas.

4. **Cuarta Semana**:
   - **Ciencias Contables**:","Ruta educativa sugerida. Primera opción recomendada: SOCIOLOGÍA, con la mayor probabilidad estimada de ingreso (17.6 %). Alternativas: EDUCACIÓN FÍSICA (15.2 %) y TRABAJO SOCIAL (13.2 %). Tu fortaleza en Ciencia y Tecnología es coherente con estas opciones. Para mejorar tus posibilidades, refuerza Matemática antes del examen. Estas probabilidades son estimaciones orientativas basadas en postulantes con perfiles similares, no una garantía de resultado.","Ruta educativa sugerida. Primera opción recomendada: SOCIOLOGÍA, con la mayor probabilidad estimada de ingreso (10.5 %). Alternativas: CIENCIAS CONTABLES (8.9 %) y EDUCACIÓN FÍSICA (7.3 %). Tu fortaleza en Ciencia y Tecnología es coherente con estas opciones. Para mejorar tus posibilidades, refuerza Matemática antes del examen. Estas probabilidades son estimaciones orientativas basadas en postulantes con perfiles similares, no una garantía de resultado."
"Perfil del postulante: procede de un colegio público de área rural (UGEL SAN ROMÁN); promedio de secundaria con desempeño satisfactorio; mayor fortaleza en Comunicación y menor en Ciencia y Tecnología; postulaciones anteriores: 0; preparación preuniversitaria: academia particular; área de interés: ingenierías. Probabilidades estimadas de ingreso: INGENIERÍA AGRONÓMICA 10.5 %; INGENIERÍA TOPOGRÁFICA Y AGRIMENSURA 9.2 %; EDUCACIÓN SECUNDARIA DE LA ESPECIALIDAD DE MATEMÁTICA, FÍSICA, COMPUTACIÓN E INFORMÁTICA 8.9 %. Genera una ruta educativa personalizada.","Ruta educativa sugerida. Primera opción recomendada: INGENIERÍA AGRONÓMICA, con la mayor probabilidad estimada de ingreso (10.5 %). Alternativas: INGENIERÍA TOPOGRÁFICA Y AGRIMENSURA (9.2 %) y EDUCACIÓN SECUNDARIA DE LA ESPECIALIDAD DE MATEMÁTICA, FÍSICA, COMPUTACIÓN E INFORMÁTICA (8.9 %). Tu fortaleza en Comunicación es coherente con estas opciones. Para mejorar tus posibilidades, refuerza Ciencia y Tecnología antes del examen. Estas probabilidades son estimaciones orientativas basadas en postulantes con perfiles similares, no una garantía de resultado.","Basándome en el perfil proporcionado, puedo generar una ruta educativa para que tu postulante pueda aprovechar sus fortalezas y potencialidades. Aquí te presento algunas sugerencias:

1. **Comunicación**: 
   - Continuar con su fortaleza en este campo.
   - Considerar cursos o actividades relacionados con comunicación en línea, redes sociales, etc.

2. **Ciencia y Tecnología**:
   - Si aún no ha tomado clases universitarias en esta área, considerar opciones como matemáticas avanzadas, física, informática o ciencias de la computación.
   - Participar en proyectos prácticos o laboratorios relacionados con estos campos.

3. **Ing. Agronomía**:
   - Siempre es importante tener un buen conocimiento de la agricultura y la gestión agrícola.
   - Considerar carreras en ingeniería agronómica o áreas relacionadas si se s","Ruta educativa sugerida. Primera opción recomendada: INGENIERÍA AGRONÓMICA, con la mayor probabilidad estimada de ingreso (17.6 %). Alternativas: INGENIERÍA GEOLÓGICA (15.2 %) y EDUCACIÓN SECUNDARIA DE LA ESPECIALIDAD DE MATEMÁTICA, FÍSICA, COMPUTACIÓN E INFORMÁTICA (13.2 %). Tu fortaleza en Comunicación es coherente con estas opciones. Para mejorar tus posibilidades, refuerza Ciencia y Tecnología antes del examen. Estas probabilidades son estimaciones orientativas basadas en postulantes con perfiles similares, no una garantía de resultado.","Ruta educativa sugerida. Primera opción recomendada: INGENIERÍA AGRONÓMICA, con la mayor probabilidad estimada de ingreso (10.5 %). Alternativas: INGENIERÍA TOPOGRÁFICA Y AGRIMENSURA (9.2 %) y EDUCACIÓN SECUNDARIA DE LA ESPECIALIDAD DE MATEMÁTICA, FÍSICA, COMPUTACIÓN E INFORMÁTICA (8.9 %). Tu fortaleza en Comunicación es coherente con estas opciones. Para mejorar tus posibilidades, refuerza Ciencia y Tecnología antes del examen. Estas probabilidades son estimaciones orientativas basadas en postulantes con perfiles similares, no una garantía de resultado."
Perfil del postulante: procede de un colegio privado de área rural (UGEL SAN ROMÁN); promedio de secundaria con desempeño satisfactorio; mayor fortaleza en Ciencias Sociales y menor en Matemática; postulaciones anteriores: 0; preparación preuniversitaria: cepreuna; área de interés: sociales. Probabilidades estimadas de ingreso: SOCIOLOGÍA 20.2 %; TRABAJO SOCIAL 17.6 %; CIENCIAS CONTABLES 12.3 %. Genera una ruta educativa personalizada.,"Ruta educativa sugerida. Primera opción recomendada: SOCIOLOGÍA, con la mayor probabilidad estimada de ingreso (20.2 %). Alternativas: TRABAJO SOCIAL (17.6 %) y CIENCIAS CONTABLES (12.3 %). Tu fortaleza en Ciencias Sociales es coherente con estas opciones. Para mejorar tus posibilidades, refuerza Matemática antes del examen. Estas probabilidades son estimaciones orientativas basadas en postulantes con perfiles similares, no una garantía de resultado.","Basándome en el perfil proporcionado, puedo generar una ruta educativa para que tu postulante pueda aprovechar sus fortalezas y potencialidades. Aquí te presento algunas sugerencias:

1. **Matemáticas**: Aunque no es su fuerte, puede mejorar su rendimiento matemático mediante:
   - Practicar problemas prácticos diarios.
   - Usar aplicaciones educativas como Khan Academy o Wolfram Alpha.
   - Participar en actividades recreativas que involucren cálculos.

2. **Ciencias Sociales**: Su fortaleza en este campo podría ser un punto fuerte. Considerando su desempeño en secundario, podrías:
   - Asignarse a disciplinas relacionadas en preuniversidad.
   - Participar en proyectos de investigación sobre temas sociales.
   - Realizar trabajos de grupo en clase para abordar temas complejos.

3. **Preparación","Ruta educativa sugerida. Primera opción recomendada: SOCIOLOGÍA, con la mayor probabilidad estimada de ingreso (17.6 %). Alternativas: TRABAJO SOCIAL (15.2 %) y ADMINISTRACIÓN (13.2 %). Tu fortaleza en Ciencias Sociales es coherente con estas opciones. Para mejorar tus posibilidades, refuerza Matemática antes del examen. Estas probabilidades son estimaciones orientativas basadas en postulantes con perfiles similares, no una garantía de resultado.","Ruta educativa sugerida. Primera opción recomendada: SOCIOLOGÍA, con la mayor probabilidad estimada de ingreso (20.2 %). Alternativas: TRABAJO SOCIAL (17.6 %) y CIENCIAS CONTABLES (12.3 %). Tu fortaleza en Ciencias Sociales es coherente con estas opciones. Para mejorar tus posibilidades, refuerza Matemática antes del examen. Estas probabilidades son estimaciones orientativas basadas en postulantes con perfiles similares, no una garantía de resultado."
Perfil del postulante: procede de un colegio público de área rural (UGEL MELGAR); promedio de secundaria con desempeño satisfactorio; mayor fortaleza en Ciencia y Tecnología y menor en Matemática; postulaciones anteriores: 0; preparación preuniversitaria: nan; área de interés: ingenierías. Probabilidades estimadas de ingreso: INGENIERÍA AGRONÓMICA 5.1 %; INGENIERÍA TOPOGRÁFICA Y AGRIMENSURA 5.1 %; INGENIERÍA MECÁNICA ELÉCTRICA 4.8 %. Genera una ruta educativa personalizada.,"Ruta educativa sugerida. Primera opción recomendada: INGENIERÍA AGRONÓMICA, con la mayor probabilidad estimada de ingreso (5.1 %). Alternativas: INGENIERÍA TOPOGRÁFICA Y AGRIMENSURA (5.1 %) y INGENIERÍA MECÁNICA ELÉCTRICA (4.8 %). Tu fortaleza en Ciencia y Tecnología es coherente con estas opciones. Para mejorar tus posibilidades, refuerza Matemática antes del examen. Estas probabilidades son estimaciones orientativas basadas en postulantes con perfiles similares, no una garantía de resultado.","Basándome en el perfil proporcionado, aquí tienes una ruta educativa personalizada para que tu postulante pueda tener más posibilidades de ingresar a las carreras elegidas:

1. **Primera Semana**: 
   - **Matemáticas**: Comienza con los fundamentos matemáticos. Utiliza recursos como libros de texto, tutoriales en línea o aplicaciones educativas.
   - **Ciencias Naturales**: Inicia con materias relacionadas a ciencias naturales, como química o física. Esto te ayudará a entender mejor cómo se relacionan las diferentes disciplinas.

2. **Segunda Semana**:
   - **Tecnología**: Comienza con herramientas tecnológicas básicas, como programación básica o uso de software común.
   - **Ingles**: Si aún no lo has hecho, comenzarás con inglés básico. Hay muchos recursos gratuitos disponibles en línea.

3. **Tercera Sem","Ruta educativa sugerida. Primera opción recomendada: INGENIERÍA AGRONÓMICA, con la mayor probabilidad estimada de ingreso (17.6 %). Alternativas: INGENIERÍA GEOLÓGICA (15.2 %) y EDUCACIÓN SECUNDARIA DE LA ESPECIALIDAD DE MATEMÁTICA, FÍSICA, COMPUTACIÓN E INFORMÁTICA (13.2 %). Tu fortaleza en Ciencia y Tecnología es coherente con estas opciones. Para mejorar tus posibilidades, refuerza Matemática antes del examen. Estas probabilidades son estimaciones orientativas basadas en postulantes con perfiles similares, no una garantía de resultado.","Ruta educativa sugerida. Primera opción recomendada: INGENIERÍA AGRONÓMICA, con la mayor probabilidad estimada de ingreso (5.1 %). Alternativas: INGENIERÍA TOPOGRÁFICA Y AGRIMENSURA (5.1 %) y INGENIERÍA MECÁNICA ELÉCTRICA (4.8 %). Tu fortaleza en Ciencia y Tecnología es coherente con estas opciones. Para mejorar tus posibilidades, refuerza Matemática antes del examen. Estas probabilidades son estimaciones orientativas basadas en postulantes con perfiles similares, no una garantía de resultado."
Perfil del postulante: procede de un colegio público de área urbana (UGEL SANDIA); promedio de secundaria con desempeño satisfactorio; mayor fortaleza en Ciencias Sociales y menor en Inglés; postulaciones anteriores: 0; preparación preuniversitaria: autoestudio; área de interés: biomédicas. Probabilidades estimadas de ingreso: BIOLOGÍA: PESQUERÍA 23.4 %; BIOLOGÍA: ECOLOGÍA 18.2 %; MEDICINA VETERINARIA Y ZOOTECNIA 17.6 %. Genera una ruta educativa personalizada.,"Ruta educativa sugerida. Primera opción recomendada: BIOLOGÍA: PESQUERÍA, con la mayor probabilidad estimada de ingreso (23.4 %). Alternativas: BIOLOGÍA: ECOLOGÍA (18.2 %) y MEDICINA VETERINARIA Y ZOOTECNIA (17.6 %). Tu fortaleza en Ciencias Sociales es coherente con estas opciones. Para mejorar tus posibilidades, refuerza Inglés antes del examen. Estas probabilidades son estimaciones orientativas basadas en postulantes con perfiles similares, no una garantía de resultado.","Basándome en el perfil proporcionado, aquí tienes una ruta educativa personalizada para que tu postulante pueda tener más posibilidades de ingresar a la carrera de Medicina Veterinaria y Zootecnia:

1. **Preparación Académica**:
   - **Primera Semana**: Comienza con los fundamentos de la medicina veterinaria y zootecnía. Esto incluye estudiar sobre la estructura básica del cuerpo humano, la anatomía y fisiología.
   - **Segunda Semana**: Aprende sobre la salud animal, enfermedades comunes en animales domésticos y cómo identificarlas.

2. **Primer Ano**:
   - **Tercera Semana**: Enseñan sobre la microbiología, genética y evolución. También se introducirán conceptos básicos de química y física aplicados a la medicina veterinaria.
   - **Cuarta","Ruta educativa sugerida. Primera opción recomendada: BIOLOGÍA: ECOLOGÍA, con la mayor probabilidad estimada de ingreso (17.6 %). Alternativas: BIOLOGÍA: PESQUERÍA (17.6 %) y NUTRICIÓN HUMANA (12.3 %). Tu fortaleza en Ciencias Sociales es coherente con estas opciones. Para mejorar tus posibilidades, refuerza Inglés antes del examen. Estas probabilidades son estimaciones orientativas basadas en postulantes con perfiles similares, no una garantía de resultado.","Ruta educativa sugerida. Primera opción recomendada: BIOLOGÍA: PESQUERÍA, con la mayor probabilidad estimada de ingreso (23.4 %). Alternativas: BIOLOGÍA: ECOLOGÍA (18.2 %) y MEDICINA VETERINARIA Y ZOOTECNIA (17.6 %). Tu fortaleza en Ciencias Sociales es coherente con estas opciones. Para mejorar tus posibilidades, refuerza Inglés antes del examen. Estas probabilidades son estimaciones orientativas basadas en postulantes con perfiles similares, no una garantía de resultado."
"Perfil del postulante: procede de un colegio público de área rural (UGEL PUNO); promedio de secundaria con desempeño satisfactorio; mayor fortaleza en Matemática y menor en Ciencia y Tecnología; postulaciones anteriores: 0; preparación preuniversitaria: cepreuna; área de interés: ingenierías. Probabilidades estimadas de ingreso: EDUCACIÓN SECUNDARIA DE LA ESPECIALIDAD DE MATEMÁTICA, FÍSICA, COMPUTACIÓN E INFORMÁTICA 31.1 %; INGENIERÍA AGRONÓMICA 31.1 %; INGENIERÍA GEOLÓGICA 31.1 %. Genera una ruta educativa personalizada.","Ruta educativa sugerida. Primera opción recomendada: EDUCACIÓN SECUNDARIA DE LA ESPECIALIDAD DE MATEMÁTICA, FÍSICA, COMPUTACIÓN E INFORMÁTICA, con la mayor probabilidad estimada de ingreso (31.1 %). Alternativas: INGENIERÍA AGRONÓMICA (31.1 %) y INGENIERÍA GEOLÓGICA (31.1 %). Tu fortaleza en Matemática es coherente con estas opciones. Para mejorar tus posibilidades, refuerza Ciencia y Tecnología antes del examen. Estas probabilidades son estimaciones orientativas basadas en postulantes con perfiles similares, no una garantía de resultado.","Basándome en el perfil y las probabilidades proporcionados, aquí tienes una ruta educativa personalizada para que tu postulante pueda aprovechar al máximo sus posibilidades:

1. **Matemáticas**: 
   - Continuar con matemáticas en la universidad.
   - Considerar carreras como Ingeniería de Sistemas Computacionales o Informática.
   - Si es posible, considerar cursos adicionales en matemáticas avanzadas.

2. **Física**:
   - Considerar carreras como Ingeniería Química o Ingeniería Civil.
   - Si es posible, considerar cursos adicionales en física.

3. **Computación e Informática**:
   - Considerar carreras como Ingeniería de Software o Ingeniería de Telecomunicaciones.
   - Si es posible, considerar cursos adicionales en computación.

4. **Ingeniería Agronómica**:
   - Considerar","Ruta educativa sugerida. Primera opción recomendada: INGENIERÍA AGRONÓMICA, con la mayor probabilidad estimada de ingreso (17.6 %). Alternativas: INGENIERÍA GEOLÓGICA (15.2 %) y EDUCACIÓN SECUNDARIA DE LA ESPECIALIDAD DE MATEMÁTICA, FÍSICA, COMPUTACIÓN E INFORMÁTICA (13.2 %). Tu fortaleza en Matemática es coherente con estas opciones. Para mejorar tus posibilidades, refuerza Ciencia y Tecnología antes del examen. Estas probabilidades son estimaciones orientativas basadas en postulantes con perfiles similares, no una garantía de resultado.","Ruta educativa sugerida. Primera opción recomendada: EDUCACIÓN SECUNDARIA DE LA ESPECIALIDAD DE MATEMÁTICA, FÍSICA, COMPUTACIÓN E INFORMÁTICA, con la mayor probabilidad estimada de ingreso (31.1 %). Alternativas: INGENIERÍA AGRONÓMICA (31.1 %) y INGENIERÍA GEOLÓGICA (31.1 %). Tu fortaleza en Matemática es coherente con estas opciones. Para mejorar tus posibilidades, refuerza Ciencia y Tecnología antes del examen. Estas probabilidades son estimaciones orientativas basadas en postulantes con perfiles similares, no una garantía de resultado."
Perfil del postulante: procede de un colegio privado de área urbana (UGEL SAN ROMÁN); promedio de secundaria con desempeño en proceso; mayor fortaleza en Inglés y menor en Ciencia y Tecnología; postulaciones anteriores: 0; preparación preuniversitaria: ninguna; área de interés: ingenierías. Probabilidades estimadas de ingreso: INGENIERÍA AGRONÓMICA 1.7 %; INGENIERÍA GEOLÓGICA 1.7 %; INGENIERÍA MECÁNICA ELÉCTRICA 1.7 %. Genera una ruta educativa personalizada.,"Ruta educativa sugerida. Primera opción recomendada: INGENIERÍA AGRONÓMICA, con la mayor probabilidad estimada de ingreso (1.7 %). Alternativas: INGENIERÍA GEOLÓGICA (1.7 %) y INGENIERÍA MECÁNICA ELÉCTRICA (1.7 %). Tu fortaleza en Inglés es coherente con estas opciones. Para mejorar tus posibilidades, refuerza Ciencia y Tecnología antes del examen y considera una preparación preuniversitaria estructurada. Estas probabilidades son estimaciones orientativas basadas en postulantes con perfiles similares, no una garantía de resultado.","Basándome en el perfil proporcionado, aquí tienes una ruta educativa personalizada para que tu postulante pueda tener más posibilidades de ingresar a las carreras elegidas:

1. **Iniciales de Preparación Académica**:
   - **Primera Semana**: Comienza con los fundamentos básicos de inglés, especialmente gramática y vocabulario.
   - **Segunda Semana**: Enseñanza básica de matemáticas, incluyendo álgebra y geometría.

2. **Primer Anillo de Formación**:
   - **Tercera Semana**: Comienza con la introducción a ciencias naturales, específicamente química y física.
   - **Cuarta Semana**: Continúa con la química, enfocándose en sus aplicaciones prácticas.

3. **Segundo Anillo de Formación**:
   - **Quinta Semana**: Comienza con la introducción","Ruta educativa sugerida. Primera opción recomendada: INGENIERÍA AGRONÓMICA, con la mayor probabilidad estimada de ingreso (12.3 %). Alternativas: INGENIERÍA GEOLÓGICA (12.3 %) y EDUCACIÓN SECUNDARIA DE LA ESPECIALIDAD DE MATEMÁTICA, FÍSICA, COMPUTACIÓN E INFORMÁTICA (9.2 %). Tu fortaleza en Inglés es coherente con estas opciones. Para mejorar tus posibilidades, refuerza Ciencia y Tecnología antes del examen y considera una preparación preuniversitaria estructurada. Estas probabilidades son estimaciones orientativas basadas en postulantes con perfiles similares, no una garantía de resultado.","Ruta educativa sugerida. Primera opción recomendada: INGENIERÍA AGRONÓMICA, con la mayor probabilidad estimada de ingreso (1.7 %). Alternativas: INGENIERÍA GEOLÓGICA (1.7 %) y INGENIERÍA MECÁNICA ELÉCTRICA (1.7 %). Tu fortaleza en Inglés es coherente con estas opciones. Para mejorar tus posibilidades, refuerza Ciencia y Tecnología antes del examen y considera una preparación preuniversitaria estructurada. Estas probabilidades son estimaciones orientativas basadas en postulantes con perfiles similares, no una garantía de resultado."
Perfil del postulante: procede de un colegio público de área rural (UGEL HUANCANÉ); promedio de secundaria con desempeño satisfactorio; mayor fortaleza en Ciencia y Tecnología y menor en Matemática; postulaciones anteriores: 0; preparación preuniversitaria: academia particular; área de interés: ingenierías. Probabilidades estimadas de ingreso: INGENIERÍA TOPOGRÁFICA Y AGRIMENSURA 12.3 %; INGENIERÍA AGRONÓMICA 11.0 %; INGENIERÍA GEOLÓGICA 11.0 %. Genera una ruta educativa personalizada.,"Ruta educativa sugerida. Primera opción recomendada: INGENIERÍA TOPOGRÁFICA Y AGRIMENSURA, con la mayor probabilidad estimada de ingreso (12.3 %). Alternativas: INGENIERÍA AGRONÓMICA (11.0 %) y INGENIERÍA GEOLÓGICA (11.0 %). Tu fortaleza en Ciencia y Tecnología es coherente con estas opciones. Para mejorar tus posibilidades, refuerza Matemática antes del examen. Estas probabilidades son estimaciones orientativas basadas en postulantes con perfiles similares, no una garantía de resultado.","Basándome en el perfil y las probabilidades proporcionados, aquí tienes una ruta educativa personalizada para que tu postulante pueda aprovechar al máximo sus posibilidades:

1. **Preparación Académica**:
   - **Matemáticas**: Comienza con los fundamentos matemáticos desde cero. Utiliza recursos como libros de texto, aplicaciones educativas en línea o tutoriales.
   - **Ciencias y Tecnología**: En este campo, puedes enfocarte en materias como física, química y biología. Considera cursos adicionales en ciencias naturales si es necesario.

2. **Pruebas de Admisión**:
   - **Ingeniería Topográfica y Agrimensura**: Esta carrera requiere habilidades en geografía, topografía y cartografía. Investiga sobre cómo se pueden utilizar tus habilidades en esta área específica.
   - **Ingeniería Agronómica**: Este","Ruta educativa sugerida. Primera opción recomendada: INGENIERÍA AGRONÓMICA, con la mayor probabilidad estimada de ingreso (17.6 %). Alternativas: INGENIERÍA GEOLÓGICA (15.2 %) y EDUCACIÓN SECUNDARIA DE LA ESPECIALIDAD DE MATEMÁTICA, FÍSICA, COMPUTACIÓN E INFORMÁTICA (13.2 %). Tu fortaleza en Ciencia y Tecnología es coherente con estas opciones. Para mejorar tus posibilidades, refuerza Matemática antes del examen. Estas probabilidades son estimaciones orientativas basadas en postulantes con perfiles similares, no una garantía de resultado.","Ruta educativa sugerida. Primera opción recomendada: INGENIERÍA TOPOGRÁFICA Y AGRIMENSURA, con la mayor probabilidad estimada de ingreso (12.3 %). Alternativas: INGENIERÍA AGRONÓMICA (11.0 %) y INGENIERÍA GEOLÓGICA (11.0 %). Tu fortaleza en Ciencia y Tecnología es coherente con estas opciones. Para mejorar tus posibilidades, refuerza Matemática antes del examen. Estas probabilidades son estimaciones orientativas basadas en postulantes con perfiles similares, no una garantía de resultado."
Perfil del postulante: procede de un colegio privado de área urbana (UGEL SAN ROMÁN); promedio de secundaria con desempeño satisfactorio; mayor fortaleza en Ciencias Sociales y menor en Ciencia y Tecnología; postulaciones anteriores: 0; preparación preuniversitaria: cepreuna; área de interés: biomédicas. Probabilidades estimadas de ingreso: BIOLOGÍA: PESQUERÍA 5.8 %; BIOLOGÍA: ECOLOGÍA 5.1 %; MEDICINA VETERINARIA Y ZOOTECNIA 3.1 %. Genera una ruta educativa personalizada.,"Ruta educativa sugerida. Primera opción recomendada: BIOLOGÍA: PESQUERÍA, con la mayor probabilidad estimada de ingreso (5.8 %). Alternativas: BIOLOGÍA: ECOLOGÍA (5.1 %) y MEDICINA VETERINARIA Y ZOOTECNIA (3.1 %). Tu fortaleza en Ciencias Sociales es coherente con estas opciones. Para mejorar tus posibilidades, refuerza Ciencia y Tecnología antes del examen. Estas probabilidades son estimaciones orientativas basadas en postulantes con perfiles similares, no una garantía de resultado.","Basándome en el perfil proporcionado, aquí tienes una ruta educativa personalizada para que tu postulante pueda tener más posibilidades de ingresar a la carrera de Medicina Veterinaria o Zootecnia:

1. **Preparación Académica**:
   - **Primera Semana**: Comienza con los fundamentos de la medicina veterinaria o zootecnía. Esto incluye materias como Biología Molecular, Fisiología Animal, Bioquímica, y Anatomía.
   
2. **Segunda Semana**: A continuación, profundiza en temas específicos relacionados con tus áreas de interés. Por ejemplo, si te interesa la ecología, podrías estudiar sobre Ecología Animal, Ecología Humana, o Ecología Ambiental.

3. **Tercera Semana**: En esta etapa, puedes comenzar a explorar disciplinas adicionales que puedan complementar tus conocimientos.","Ruta educativa sugerida. Primera opción recomendada: BIOLOGÍA: ECOLOGÍA, con la mayor probabilidad estimada de ingreso (17.6 %). Alternativas: BIOLOGÍA: PESQUERÍA (17.6 %) y NUTRICIÓN HUMANA (12.3 %). Tu fortaleza en Ciencias Sociales es coherente con estas opciones. Para mejorar tus posibilidades, refuerza Ciencia y Tecnología antes del examen. Estas probabilidades son estimaciones orientativas basadas en postulantes con perfiles similares, no una garantía de resultado.","Ruta educativa sugerida. Primera opción recomendada: BIOLOGÍA: PESQUERÍA, con la mayor probabilidad estimada de ingreso (5.8 %). Alternativas: BIOLOGÍA: ECOLOGÍA (5.1 %) y MEDICINA VETERINARIA Y ZOOTECNIA (3.1 %). Tu fortaleza en Ciencias Sociales es coherente con estas opciones. Para mejorar tus posibilidades, refuerza Ciencia y Tecnología antes del examen. Estas probabilidades son estimaciones orientativas basadas en postulantes con perfiles similares, no una garantía de resultado."
Perfil del postulante: procede de un colegio público de área urbana (UGEL LAMPA); promedio de secundaria con desempeño en proceso; mayor fortaleza en Comunicación y menor en Matemática; postulaciones anteriores: 0; preparación preuniversitaria: academia particular; área de interés: biomédicas. Probabilidades estimadas de ingreso: BIOLOGÍA: PESQUERÍA 5.1 %; BIOLOGÍA: ECOLOGÍA 4.8 %; NUTRICIÓN HUMANA 3.1 %. Genera una ruta educativa personalizada.,"Ruta educativa sugerida. Primera opción recomendada: BIOLOGÍA: PESQUERÍA, con la mayor probabilidad estimada de ingreso (5.1 %). Alternativas: BIOLOGÍA: ECOLOGÍA (4.8 %) y NUTRICIÓN HUMANA (3.1 %). Tu fortaleza en Comunicación es coherente con estas opciones. Para mejorar tus posibilidades, refuerza Matemática antes del examen. Estas probabilidades son estimaciones orientativas basadas en postulantes con perfiles similares, no una garantía de resultado.","Basándome en el perfil proporcionado, aquí tienes una ruta educativa personalizada para que tu postulante pueda aprovechar al máximo sus posibilidades:

1. **Comenzar su preparación universitaria**: 
   - **Primera Semana**: Iniciar su preparación universitaria en la Academia Particular. Esto te permitirá conocer mejor los recursos disponibles y adaptarse a la nueva estructura.
   
2. **Matemáticas**:
   - **Segunda Semana**: Aprender matemáticas desde cero. La probabilidad de éxito es baja debido a la menor fortaleza en esta materia. Considera tomar clases particulares o buscar tutorías.

3. **Comunicación**:
   - **Tercera Semana**: Mejorar su comunicación. El curso de inglés podría ser una buena opción si ya ha tomado clases de idioma antes. Si no, considera cursos online o grupos de estudio.

4.","Ruta educativa sugerida. Primera opción recomendada: BIOLOGÍA: ECOLOGÍA, con la mayor probabilidad estimada de ingreso (17.6 %). Alternativas: BIOLOGÍA: PESQUERÍA (17.6 %) y NUTRICIÓN HUMANA (12.3 %). Tu fortaleza en Comunicación es coherente con estas opciones. Para mejorar tus posibilidades, refuerza Matemática antes del examen. Estas probabilidades son estimaciones orientativas basadas en postulantes con perfiles similares, no una garantía de resultado.","Ruta educativa sugerida. Primera opción recomendada: BIOLOGÍA: PESQUERÍA, con la mayor probabilidad estimada de ingreso (5.1 %). Alternativas: BIOLOGÍA: ECOLOGÍA (4.8 %) y NUTRICIÓN HUMANA (3.1 %). Tu fortaleza en Comunicación es coherente con estas opciones. Para mejorar tus posibilidades, refuerza Matemática antes del examen. Estas probabilidades son estimaciones orientativas basadas en postulantes con perfiles similares, no una garantía de resultado."
Perfil del postulante: procede de un colegio público de área rural (UGEL MELGAR); promedio de secundaria con desempeño satisfactorio; mayor fortaleza en Ciencia y Tecnología y menor en Comunicación; postulaciones anteriores: 0; preparación preuniversitaria: cepreuna; área de interés: sociales. Probabilidades estimadas de ingreso: TRABAJO SOCIAL 17.6 %; SOCIOLOGÍA 17.6 %; ADMINISTRACIÓN 13.2 %. Genera una ruta educativa personalizada.,"Ruta educativa sugerida. Primera opción recomendada: TRABAJO SOCIAL, con la mayor probabilidad estimada de ingreso (17.6 %). Alternativas: SOCIOLOGÍA (17.6 %) y ADMINISTRACIÓN (13.2 %). Tu fortaleza en Ciencia y Tecnología es coherente con estas opciones. Para mejorar tus posibilidades, refuerza Comunicación antes del examen. Estas probabilidades son estimaciones orientativas basadas en postulantes con perfiles similares, no una garantía de resultado.","Basándome en el perfil proporcionado, aquí tienes una ruta educativa personalizada para que tu postulante pueda aprovechar sus fortalezas y potencial:

1. **Primera Semana**: 
   - **Matemáticas** y **Física**: Estudiarán estas materias durante la primera semana para consolidar sus habilidades matemáticas y físicas.
   
2. **Segunda Semana**:
   - **Ciencias Sociales**: Aprenderán sobre los temas sociales relevantes para su área de interés, como la justicia social o la ética.

3. **Tercera Semana**:
   - **Comunicación**: En esta semana, se enfocará en mejorar sus habilidades comunicativas, especialmente en escritura y presentación oral.

4. **Cuarta Semana**:
   - **Tecnología**: Se centrará en aprender nuevas herramientas tecnológicas que puedan ser útiles en","Ruta educativa sugerida. Primera opción recomendada: SOCIOLOGÍA, con la mayor probabilidad estimada de ingreso (17.6 %). Alternativas: TRABAJO SOCIAL (15.2 %) y CIENCIAS CONTABLES (13.2 %). Tu fortaleza en Ciencia y Tecnología es coherente con estas opciones. Para mejorar tus posibilidades, refuerza Comunicación antes del examen. Estas probabilidades son estimaciones orientativas basadas en postulantes con perfiles similares, no una garantía de resultado.","Ruta educativa sugerida. Primera opción recomendada: TRABAJO SOCIAL, con la mayor probabilidad estimada de ingreso (17.6 %). Alternativas: SOCIOLOGÍA (17.6 %) y ADMINISTRACIÓN (13.2 %). Tu fortaleza en Ciencia y Tecnología es coherente con estas opciones. Para mejorar tus posibilidades, refuerza Comunicación antes del examen. Estas probabilidades son estimaciones orientativas basadas en postulantes con perfiles similares, no una garantía de resultado."
"Perfil del postulante: procede de un colegio público de área rural (UGEL HUANCANÉ); promedio de secundaria con desempeño satisfactorio; mayor fortaleza en Ciencias Sociales y menor en Inglés; postulaciones anteriores: 0; preparación preuniversitaria: academia particular; área de interés: ingenierías. Probabilidades estimadas de ingreso: EDUCACIÓN SECUNDARIA DE LA ESPECIALIDAD DE MATEMÁTICA, FÍSICA, COMPUTACIÓN E INFORMÁTICA 36.7 %; INGENIERÍA TOPOGRÁFICA Y AGRIMENSURA 36.7 %; INGENIERÍA AGRONÓMICA 31.1 %. Genera una ruta educativa personalizada.","Ruta educativa sugerida. Primera opción recomendada: EDUCACIÓN SECUNDARIA DE LA ESPECIALIDAD DE MATEMÁTICA, FÍSICA, COMPUTACIÓN E INFORMÁTICA, con la mayor probabilidad estimada de ingreso (36.7 %). Alternativas: INGENIERÍA TOPOGRÁFICA Y AGRIMENSURA (36.7 %) y INGENIERÍA AGRONÓMICA (31.1 %). Tu fortaleza en Ciencias Sociales es coherente con estas opciones. Para mejorar tus posibilidades, refuerza Inglés antes del examen. Estas probabilidades son estimaciones orientativas basadas en postulantes con perfiles similares, no una garantía de resultado.","Basándome en el perfil proporcionado, puedo generar una ruta educativa para que tu postulante pueda aprovechar al máximo sus habilidades y fortalezas, mientras se adapte a las posibilidades de ingreso.

**Primera Semana:** 
- **Matemáticas**: Comenzarás con los fundamentos matemáticos. La Matemática es una asignatura fuerte en tu currículum, por lo que puedes comenzar con temas como álgebra, trigonometría o geometría.
- **Inglés**: Para mejorar tus habilidades en inglés, podrías considerar tomar clases particulares o utilizar aplicaciones de aprendizaje en línea que te ayuden a practicar la gramática básica y conversación.

**Segunda Semana:**
- **Ciencias Sociales**: Continuarás con tus estudios en ciencias sociales. Considera cursos sobre historia local, geografía o economía regional para profundizar en este","Ruta educativa sugerida. Primera opción recomendada: INGENIERÍA AGRONÓMICA, con la mayor probabilidad estimada de ingreso (17.6 %). Alternativas: INGENIERÍA GEOLÓGICA (15.2 %) y EDUCACIÓN SECUNDARIA DE LA ESPECIALIDAD DE MATEMÁTICA, FÍSICA, COMPUTACIÓN E INFORMÁTICA (13.2 %). Tu fortaleza en Ciencias Sociales es coherente con estas opciones. Para mejorar tus posibilidades, refuerza Inglés antes del examen. Estas probabilidades son estimaciones orientativas basadas en postulantes con perfiles similares, no una garantía de resultado.","Ruta educativa sugerida. Primera opción recomendada: EDUCACIÓN SECUNDARIA DE LA ESPECIALIDAD DE MATEMÁTICA, FÍSICA, COMPUTACIÓN E INFORMÁTICA, con la mayor probabilidad estimada de ingreso (36.7 %). Alternativas: INGENIERÍA TOPOGRÁFICA Y AGRIMENSURA (36.7 %) y INGENIERÍA AGRONÓMICA (31.1 %). Tu fortaleza en Ciencias Sociales es coherente con estas opciones. Para mejorar tus posibilidades, refuerza Inglés antes del examen. Estas probabilidades son estimaciones orientativas basadas en postulantes con perfiles similares, no una garantía de resultado."
Perfil del postulante: procede de un colegio privado de área nan (UGEL SAN ROMÁN); promedio de secundaria con desempeño satisfactorio; mayor fortaleza en Ciencia y Tecnología y menor en Inglés; postulaciones anteriores: 0; preparación preuniversitaria: nan; área de interés: sociales. Probabilidades estimadas de ingreso: SOCIOLOGÍA 12.3 %; TRABAJO SOCIAL 8.9 %; ADMINISTRACIÓN 7.3 %. Genera una ruta educativa personalizada.,"Ruta educativa sugerida. Primera opción recomendada: SOCIOLOGÍA, con la mayor probabilidad estimada de ingreso (12.3 %). Alternativas: TRABAJO SOCIAL (8.9 %) y ADMINISTRACIÓN (7.3 %). Tu fortaleza en Ciencia y Tecnología es coherente con estas opciones. Para mejorar tus posibilidades, refuerza Inglés antes del examen. Estas probabilidades son estimaciones orientativas basadas en postulantes con perfiles similares, no una garantía de resultado.","Basándome en el perfil proporcionado, aquí tienes una ruta educativa personalizada para que tu postulante pueda tener más posibilidades de ingresar a la carrera de SocioLOGÍA:

1. **Primera Semana**: 
   - **Matemáticas** (para mejorar habilidad matemática necesaria para ciencias sociales)
   - **Inglés** (para mejorar habilidad lingüística necesaria para comunicarse en inglés)

2. **Segunda Semana**:
   - **Ciencias Naturales** (para fortalecer base científica necesaria para entender fenómenos sociales)
   - **Historia Social** o **Geografía** (para profundizar conocimientos sobre la sociedad peruana)

3. **Tercera Semana**:
   - **Filosofía** o **Ética** (para fortalecer pensamiento crítico necesario para analizar problemas sociales)
   - **Psicología","Ruta educativa sugerida. Primera opción recomendada: SOCIOLOGÍA, con la mayor probabilidad estimada de ingreso (17.6 %). Alternativas: CIENCIAS CONTABLES (15.2 %) y TRABAJO SOCIAL (13.2 %). Tu fortaleza en Ciencia y Tecnología es coherente con estas opciones. Para mejorar tus posibilidades, refuerza Inglés antes del examen. Estas probabilidades son estimaciones orientativas basadas en postulantes con perfiles similares, no una garantía de resultado.","Ruta educativa sugerida. Primera opción recomendada: SOCIOLOGÍA, con la mayor probabilidad estimada de ingreso (12.3 %). Alternativas: TRABAJO SOCIAL (8.9 %) y ADMINISTRACIÓN (7.3 %). Tu fortaleza en Ciencia y Tecnología es coherente con estas opciones. Para mejorar tus posibilidades, refuerza Inglés antes del examen. Estas probabilidades son estimaciones orientativas basadas en postulantes con perfiles similares, no una garantía de resultado."
Perfil del postulante: procede de un colegio público de área urbana (UGEL PUNO); promedio de secundaria con desempeño satisfactorio; mayor fortaleza en Matemática y menor en Comunicación; postulaciones anteriores: 0; preparación preuniversitaria: autoestudio; área de interés: ingenierías. Probabilidades estimadas de ingreso: INGENIERÍA AGRONÓMICA 12.3 %; INGENIERÍA TOPOGRÁFICA Y AGRIMENSURA 11.0 %; INGENIERÍA MECÁNICA ELÉCTRICA 8.9 %. Genera una ruta educativa personalizada.,"Ruta educativa sugerida. Primera opción recomendada: INGENIERÍA AGRONÓMICA, con la mayor probabilidad estimada de ingreso (12.3 %). Alternativas: INGENIERÍA TOPOGRÁFICA Y AGRIMENSURA (11.0 %) y INGENIERÍA MECÁNICA ELÉCTRICA (8.9 %). Tu fortaleza en Matemática es coherente con estas opciones. Para mejorar tus posibilidades, refuerza Comunicación antes del examen. Estas probabilidades son estimaciones orientativas basadas en postulantes con perfiles similares, no una garantía de resultado.","Basándome en el perfil y las probabilidades proporcionados, aquí tienes una ruta educativa personalizada para que tu postulante pueda tener más posibilidades de ingresar a las carreras elegidas:

1. **Matemáticas**: 
   - Continuar tus estudios en matemáticas durante los primeros años universitarios.
   - Considerar opciones como Ingeniería Agronómica o Ingeniería Topográfica y Agromensurística si estas son sus preferencias.

2. **Comunicación**:
   - Si es menos fuerte en esta materia, considerar cursos adicionales en comunicación escrita y oral.
   - Enseñanzas de comunicadores sociales o publicistas pueden ser interesantes.

3. **Ing. Agrónoma**:
   - Estudiar Ciencias Agrarias en secundario.
   - Posteriormente, considerar carreras relacionadas como Ingeniería Agronómica o Ingenier","Ruta educativa sugerida. Primera opción recomendada: INGENIERÍA AGRONÓMICA, con la mayor probabilidad estimada de ingreso (17.6 %). Alternativas: INGENIERÍA GEOLÓGICA (15.2 %) y EDUCACIÓN SECUNDARIA DE LA ESPECIALIDAD DE MATEMÁTICA, FÍSICA, COMPUTACIÓN E INFORMÁTICA (13.2 %). Tu fortaleza en Matemática es coherente con estas opciones. Para mejorar tus posibilidades, refuerza Comunicación antes del examen. Estas probabilidades son estimaciones orientativas basadas en postulantes con perfiles similares, no una garantía de resultado.","Ruta educativa sugerida. Primera opción recomendada: INGENIERÍA AGRONÓMICA, con la mayor probabilidad estimada de ingreso (12.3 %). Alternativas: INGENIERÍA TOPOGRÁFICA Y AGRIMENSURA (11.0 %) y INGENIERÍA MECÁNICA ELÉCTRICA (8.9 %). Tu fortaleza en Matemática es coherente con estas opciones. Para mejorar tus posibilidades, refuerza Comunicación antes del examen. Estas probabilidades son estimaciones orientativas basadas en postulantes con perfiles similares, no una garantía de resultado."
Perfil del postulante: procede de un colegio público de área rural (UGEL MELGAR); promedio de secundaria con desempeño satisfactorio; mayor fortaleza en Ciencia y Tecnología y menor en Matemática; postulaciones anteriores: 1; preparación preuniversitaria: autoestudio; área de interés: sociales. Probabilidades estimadas de ingreso: SOCIOLOGÍA 3.1 %; TRABAJO SOCIAL 2.4 %; ADMINISTRACIÓN 1.7 %. Genera una ruta educativa personalizada.,"Ruta educativa sugerida. Primera opción recomendada: SOCIOLOGÍA, con la mayor probabilidad estimada de ingreso (3.1 %). Alternativas: TRABAJO SOCIAL (2.4 %) y ADMINISTRACIÓN (1.7 %). Tu fortaleza en Ciencia y Tecnología es coherente con estas opciones. Para mejorar tus posibilidades, refuerza Matemática antes del examen. Estas probabilidades son estimaciones orientativas basadas en postulantes con perfiles similares, no una garantía de resultado.","Basándome en el perfil proporcionado, puedo generar una ruta educativa para que tu postulante pueda aprovechar sus fortalezas y potencialidades. Aquí te presento algunas sugerencias:

1. **Matemáticas**: Aunque no es su fuerte, puede mejorar su rendimiento matemático si se concentra en ella. Considera tomar cursos adicionales o revisar conceptos importantes.

2. **Ciencia y Tecnología**: Su fortaleza en esta área podría ser un punto fuerte. Considera optar por carreras relacionadas como Ingeniería, Sistemas Informáticos, o Ciencias de la Computación.

3. **Social Science**: Siempre ha mostrado interés en este campo, considera estudiar áreas como Psicología Social, Sociología, o Geografía Social. Estas carreras pueden ofrecer oportunidades laborales interesantes.

4. **Preparación Preuniversitaria**: Continúa con","Ruta educativa sugerida. Primera opción recomendada: SOCIOLOGÍA, con la mayor probabilidad estimada de ingreso (26.8 %). Alternativas: TRABAJO SOCIAL (25.9 %) y CIENCIAS CONTABLES (20.7 %). Tu fortaleza en Ciencia y Tecnología es coherente con estas opciones. Para mejorar tus posibilidades, refuerza Matemática antes del examen. Estas probabilidades son estimaciones orientativas basadas en postulantes con perfiles similares, no una garantía de resultado.","Ruta educativa sugerida. Primera opción recomendada: SOCIOLOGÍA, con la mayor probabilidad estimada de ingreso (3.1 %). Alternativas: TRABAJO SOCIAL (2.4 %) y ADMINISTRACIÓN (1.7 %). Tu fortaleza en Ciencia y Tecnología es coherente con estas opciones. Para mejorar tus posibilidades, refuerza Matemática antes del examen. Estas probabilidades son estimaciones orientativas basadas en postulantes con perfiles similares, no una garantía de resultado."
Perfil del postulante: procede de un colegio público de área urbana (UGEL PUNO); promedio de secundaria con desempeño satisfactorio; mayor fortaleza en Comunicación y menor en Matemática; postulaciones anteriores: 2; preparación preuniversitaria: cepreuna; área de interés: biomédicas. Probabilidades estimadas de ingreso: BIOLOGÍA: PESQUERÍA 46.3 %; BIOLOGÍA: ECOLOGÍA 42.2 %; MEDICINA VETERINARIA Y ZOOTECNIA 42.2 %. Genera una ruta educativa personalizada.,"Ruta educativa sugerida. Primera opción recomendada: BIOLOGÍA: PESQUERÍA, con la mayor probabilidad estimada de ingreso (46.3 %). Alternativas: BIOLOGÍA: ECOLOGÍA (42.2 %) y MEDICINA VETERINARIA Y ZOOTECNIA (42.2 %). Tu fortaleza en Comunicación es coherente con estas opciones. Para mejorar tus posibilidades, refuerza Matemática antes del examen. Estas probabilidades son estimaciones orientativas basadas en postulantes con perfiles similares, no una garantía de resultado.","Basándome en el perfil proporcionado, puedo generar una ruta educativa para que tu postulante tenga más posibilidades de ingresar a la carrera de Medicina Veterinaria y Zootecnia en la Universidad Nacional del Altiplano de Puno.

1. **Comenzar su preparación universitaria**: 
   - **Primera Semana de Ingreso**: Enseñarle sobre los requisitos básicos para entrar a la universidad, incluyendo la matrícula, la documentación necesaria y cómo se presentan estos documentos.
   
2. **Matemáticas**:
   - **Segunda Semana de Ingreso**: Aprender sobre la importancia de la Matemática en todas las carreras universitarias, especialmente en medicina veterinaria y zootecnía. Proporcionar ejemplos prácticos relacionados con estas áreas.
   
3. **Comunicación**:","Ruta educativa sugerida. Primera opción recomendada: BIOLOGÍA: ECOLOGÍA, con la mayor probabilidad estimada de ingreso (17.6 %). Alternativas: BIOLOGÍA: PESQUERÍA (17.6 %) y NUTRICIÓN HUMANA (13.2 %). Tu fortaleza en Comunicación es coherente con estas opciones. Para mejorar tus posibilidades, refuerza Matemática antes del examen. Estas probabilidades son estimaciones orientativas basadas en postulantes con perfiles similares, no una garantía de resultado.","Ruta educativa sugerida. Primera opción recomendada: BIOLOGÍA: PESQUERÍA, con la mayor probabilidad estimada de ingreso (46.3 %). Alternativas: BIOLOGÍA: ECOLOGÍA (42.2 %) y MEDICINA VETERINARIA Y ZOOTECNIA (42.2 %). Tu fortaleza en Comunicación es coherente con estas opciones. Para mejorar tus posibilidades, refuerza Matemática antes del examen. Estas probabilidades son estimaciones orientativas basadas en postulantes con perfiles similares, no una garantía de resultado."
Perfil del postulante: procede de un colegio público de área rural (UGEL AZÁNGARO); promedio de secundaria con desempeño satisfactorio; mayor fortaleza en Comunicación y menor en Ciencia y Tecnología; postulaciones anteriores: 0; preparación preuniversitaria: cepreuna previo; área de interés: biomédicas. Probabilidades estimadas de ingreso: BIOLOGÍA: PESQUERÍA 7.3 %; BIOLOGÍA: ECOLOGÍA 5.8 %; ODONTOLOGÍA 4.8 %. Genera una ruta educativa personalizada.,"Ruta educativa sugerida. Primera opción recomendada: BIOLOGÍA: PESQUERÍA, con la mayor probabilidad estimada de ingreso (7.3 %). Alternativas: BIOLOGÍA: ECOLOGÍA (5.8 %) y ODONTOLOGÍA (4.8 %). Tu fortaleza en Comunicación es coherente con estas opciones. Para mejorar tus posibilidades, refuerza Ciencia y Tecnología antes del examen. Estas probabilidades son estimaciones orientativas basadas en postulantes con perfiles similares, no una garantía de resultado.","Basándome en el perfil proporcionado, aquí tienes una ruta educativa personalizada para que tu postulante pueda tener más posibilidades de ingresar a la carrera de Biología:

1. **Comenzar con los fundamentos**: 
   - Inicia tus estudios universitarios en la carrera de Biología.
   - Aprende sobre la estructura básica de la vida, genética, biología celular, bioquímica, ecología y biodiversidad.

2. **Incorporar aspectos prácticos**:
   - Participa en talleres o seminarios relacionados con la investigación científica.
   - Realiza proyectos prácticos en laboratorios de biología.

3. **Formación práctica**:
   - Considera participar en programas de prácticas profesionales durante la estancia universitaria.
   - Si es posible, considera trabajar en empresas o organizaciones relacionadas con la salud pública o","Ruta educativa sugerida. Primera opción recomendada: BIOLOGÍA: ECOLOGÍA, con la mayor probabilidad estimada de ingreso (17.6 %). Alternativas: BIOLOGÍA: PESQUERÍA (17.6 %) y NUTRICIÓN HUMANA (12.3 %). Tu fortaleza en Comunicación es coherente con estas opciones. Para mejorar tus posibilidades, refuerza Ciencia y Tecnología antes del examen. Estas probabilidades son estimaciones orientativas basadas en postulantes con perfiles similares, no una garantía de resultado.","Ruta educativa sugerida. Primera opción recomendada: BIOLOGÍA: PESQUERÍA, con la mayor probabilidad estimada de ingreso (7.3 %). Alternativas: BIOLOGÍA: ECOLOGÍA (5.8 %) y ODONTOLOGÍA (4.8 %). Tu fortaleza en Comunicación es coherente con estas opciones. Para mejorar tus posibilidades, refuerza Ciencia y Tecnología antes del examen. Estas probabilidades son estimaciones orientativas basadas en postulantes con perfiles similares, no una garantía de resultado."
Perfil del postulante: procede de un colegio público de área urbana (UGEL SAN ANTONIO DE PUTINA); promedio de secundaria con desempeño satisfactorio; mayor fortaleza en Ciencias Sociales y menor en Inglés; postulaciones anteriores: 0; preparación preuniversitaria: academia particular; área de interés: ingenierías. Probabilidades estimadas de ingreso: INGENIERÍA ECONÓMICA 25.9 %; INGENIERÍA GEOLÓGICA 25.9 %; INGENIERÍA TOPOGRÁFICA Y AGRIMENSURA 25.9 %. Genera una ruta educativa personalizada.,"Ruta educativa sugerida. Primera opción recomendada: INGENIERÍA ECONÓMICA, con la mayor probabilidad estimada de ingreso (25.9 %). Alternativas: INGENIERÍA GEOLÓGICA (25.9 %) y INGENIERÍA TOPOGRÁFICA Y AGRIMENSURA (25.9 %). Tu fortaleza en Ciencias Sociales es coherente con estas opciones. Para mejorar tus posibilidades, refuerza Inglés antes del examen. Estas probabilidades son estimaciones orientativas basadas en postulantes con perfiles similares, no una garantía de resultado.","Basándome en el perfil proporcionado, aquí tienes una ruta educativa personalizada para que tu postulante pueda tener más posibilidades de ingresar a las carreras elegidas:

1. **Primera Semana**: 
   - **Iniciación Académica**: Comienza con los fundamentos de la matemática básica y ciencias naturales.
   - **Primeros Pasos en Ciencias Sociales**: Comience con temas como historia, política o economía.

2. **Segunda Semana**:
   - **Matemáticas avanzadas**: Comience con álgebra y trigonometría.
   - **Ciencias Naturales**: Continúe con física y química.

3. **Tercera Semana**:
   - **Geografía e Historia**: Comience con mapas y geografía local.
   - **Política y Economía**: Comience con conceptos básicos de economía y política.

4. **","Ruta educativa sugerida. Primera opción recomendada: INGENIERÍA AGRONÓMICA, con la mayor probabilidad estimada de ingreso (17.6 %). Alternativas: INGENIERÍA GEOLÓGICA (15.2 %) y EDUCACIÓN SECUNDARIA DE LA ESPECIALIDAD DE MATEMÁTICA, FÍSICA, COMPUTACIÓN E INFORMÁTICA (13.2 %). Tu fortaleza en Ciencias Sociales es coherente con estas opciones. Para mejorar tus posibilidades, refuerza Inglés antes del examen. Estas probabilidades son estimaciones orientativas basadas en postulantes con perfiles similares, no una garantía de resultado.","Ruta educativa sugerida. Primera opción recomendada: INGENIERÍA ECONÓMICA, con la mayor probabilidad estimada de ingreso (25.9 %). Alternativas: INGENIERÍA GEOLÓGICA (25.9 %) y INGENIERÍA TOPOGRÁFICA Y AGRIMENSURA (25.9 %). Tu fortaleza en Ciencias Sociales es coherente con estas opciones. Para mejorar tus posibilidades, refuerza Inglés antes del examen. Estas probabilidades son estimaciones orientativas basadas en postulantes con perfiles similares, no una garantía de resultado."
Perfil del postulante: procede de un colegio público de área rural (UGEL HUANCANÉ); promedio de secundaria con desempeño satisfactorio; mayor fortaleza en Comunicación y menor en Matemática; postulaciones anteriores: 3; preparación preuniversitaria: ninguna; área de interés: biomédicas. Probabilidades estimadas de ingreso: BIOLOGÍA: PESQUERÍA 13.2 %; BIOLOGÍA: ECOLOGÍA 11.0 %; ODONTOLOGÍA 8.9 %. Genera una ruta educativa personalizada.,"Ruta educativa sugerida. Primera opción recomendada: BIOLOGÍA: PESQUERÍA, con la mayor probabilidad estimada de ingreso (13.2 %). Alternativas: BIOLOGÍA: ECOLOGÍA (11.0 %) y ODONTOLOGÍA (8.9 %). Tu fortaleza en Comunicación es coherente con estas opciones. Para mejorar tus posibilidades, refuerza Matemática antes del examen y considera una preparación preuniversitaria estructurada. Estas probabilidades son estimaciones orientativas basadas en postulantes con perfiles similares, no una garantía de resultado.","Basándome en el perfil proporcionado, aquí tienes una ruta educativa personalizada para que tu postulante pueda aprovechar al máximo sus posibilidades:

1. **Comenzar su preparación universitaria**: 
   - **Primera Semana**: Iniciar los estudios de Preuniversitario.
   - **Segunda Semana**: Comenzar los cursos de matemáticas básicas.

2. **Establecer un plan de estudio**:
   - **Primeros Meses**: Concentrarse en materias como inglés, biología y química.
   - **Segundos Meses**: Continuar con matemáticas avanzadas y ciencias sociales.

3. **Formación práctica en Comunicación**:
   - **Tercer Mes**: Participar en talleres o seminarios sobre comunicación efectiva.
   - **Cuarto Mes**: Realizar prácticas de redacción y presentación oral.

4","Ruta educativa sugerida. Primera opción recomendada: BIOLOGÍA: ECOLOGÍA, con la mayor probabilidad estimada de ingreso (17.6 %). Alternativas: BIOLOGÍA: PESQUERÍA (17.6 %) y NUTRICIÓN HUMANA (12.3 %). Tu fortaleza en Comunicación es coherente con estas opciones. Para mejorar tus posibilidades, refuerza Matemática antes del examen y considera una preparación preuniversitaria estructurada. Estas probabilidades son estimaciones orientativas basadas en postulantes con perfiles similares, no una garantía de resultado.","Ruta educativa sugerida. Primera opción recomendada: BIOLOGÍA: PESQUERÍA, con la mayor probabilidad estimada de ingreso (13.2 %). Alternativas: BIOLOGÍA: ECOLOGÍA (11.0 %) y ODONTOLOGÍA (8.9 %). Tu fortaleza en Comunicación es coherente con estas opciones. Para mejorar tus posibilidades, refuerza Matemática antes del examen y considera una preparación preuniversitaria estructurada. Estas probabilidades son estimaciones orientativas basadas en postulantes con perfiles similares, no una garantía de resultado."
Perfil del postulante: procede de un colegio público de área urbana (nan); promedio de secundaria con desempeño satisfactorio; mayor fortaleza en Ciencia y Tecnología y menor en Matemática; postulaciones anteriores: 0; preparación preuniversitaria: cepreuna; área de interés: sociales. Probabilidades estimadas de ingreso: SOCIOLOGÍA 17.6 %; TRABAJO SOCIAL 17.6 %; ADMINISTRACIÓN 13.2 %. Genera una ruta educativa personalizada.,"Ruta educativa sugerida. Primera opción recomendada: SOCIOLOGÍA, con la mayor probabilidad estimada de ingreso (17.6 %). Alternativas: TRABAJO SOCIAL (17.6 %) y ADMINISTRACIÓN (13.2 %). Tu fortaleza en Ciencia y Tecnología es coherente con estas opciones. Para mejorar tus posibilidades, refuerza Matemática antes del examen. Estas probabilidades son estimaciones orientativas basadas en postulantes con perfiles similares, no una garantía de resultado.","Basándome en el perfil proporcionado, puedo generar una ruta educativa para que tu postulante tenga más posibilidades de ingresar a la carrera de Trabajo Social o Administración en la Universidad Nacional del Altiplano de Puno.

1. **Primera Semana**: Inicia con los cursos básicos de matemáticas y ciencias naturales. Esto ayudará a fortalecer sus habilidades en estas áreas fundamentales.
   
2. **Segunda Semana**: Comienza con los cursos de biología y química. Estas materias son esenciales para entender mejor el mundo físico y natural, lo cual será útil en futuras carreras como Trabajo Social o Administración.

3. **Tercera Semana**: Aprende sobre economía y finanzas. Este curso puede ser relevante si tu postulante aspira a entrar a la carrera de Trabajo Social.

4. **Cuarta Semana**: Comienza","Ruta educativa sugerida. Primera opción recomendada: SOCIOLOGÍA, con la mayor probabilidad estimada de ingreso (17.6 %). Alternativas: TRABAJO SOCIAL (15.2 %) y CIENCIAS CONTABLES (13.2 %). Tu fortaleza en Ciencia y Tecnología es coherente con estas opciones. Para mejorar tus posibilidades, refuerza Matemática antes del examen. Estas probabilidades son estimaciones orientativas basadas en postulantes con perfiles similares, no una garantía de resultado.","Ruta educativa sugerida. Primera opción recomendada: SOCIOLOGÍA, con la mayor probabilidad estimada de ingreso (17.6 %). Alternativas: TRABAJO SOCIAL (17.6 %) y ADMINISTRACIÓN (13.2 %). Tu fortaleza en Ciencia y Tecnología es coherente con estas opciones. Para mejorar tus posibilidades, refuerza Matemática antes del examen. Estas probabilidades son estimaciones orientativas basadas en postulantes con perfiles similares, no una garantía de resultado."
Perfil del postulante: procede de un colegio público de área urbana (UGEL SAN ROMÁN); promedio de secundaria con desempeño satisfactorio; mayor fortaleza en Ciencias Sociales y menor en Ciencia y Tecnología; postulaciones anteriores: 0; preparación preuniversitaria: academia particular; área de interés: sociales. Probabilidades estimadas de ingreso: SOCIOLOGÍA 26.1 %; TRABAJO SOCIAL 24.8 %; ADMINISTRACIÓN 23.4 %. Genera una ruta educativa personalizada.,"Ruta educativa sugerida. Primera opción recomendada: SOCIOLOGÍA, con la mayor probabilidad estimada de ingreso (26.1 %). Alternativas: TRABAJO SOCIAL (24.8 %) y ADMINISTRACIÓN (23.4 %). Tu fortaleza en Ciencias Sociales es coherente con estas opciones. Para mejorar tus posibilidades, refuerza Ciencia y Tecnología antes del examen. Estas probabilidades son estimaciones orientativas basadas en postulantes con perfiles similares, no una garantía de resultado.","Basado en el perfil proporcionado, aquí tienes una ruta educativa personalizada para que tu postulante pueda aprovechar sus fortalezas y potencial:

1. **Primera Semana Académica**: 
   - **Iniciales**: Comienza con los fundamentos de la carrera de Trabajo Social.
   - **Primer Cuatrimestre**: Inicia con materias como ""Introducción al Trabajo Social"", ""Análisis Sociológico"" o ""Sociedad Moderna"".
   - **Segundo Cuatrimestre**: Continúa con ""Tratamiento Social"", ""Gestión de Conflictos"" o ""Política Social"".

2. **Segunda Semana Académica**:
   - **Tercer Cuatrimestre**: Aprovecha tus fortalezas en Ciencias Sociales para profundizar en temas relacionados.
   - **Cuarto Cuatrimestre**: Considera matrículate en ""","Ruta educativa sugerida. Primera opción recomendada: SOCIOLOGÍA, con la mayor probabilidad estimada de ingreso (17.6 %). Alternativas: ADMINISTRACIÓN (13.2 %) y EDUCACIÓN FÍSICA (13.2 %). Tu fortaleza en Ciencias Sociales es coherente con estas opciones. Para mejorar tus posibilidades, refuerza Ciencia y Tecnología antes del examen. Estas probabilidades son estimaciones orientativas basadas en postulantes con perfiles similares, no una garantía de resultado.","Ruta educativa sugerida. Primera opción recomendada: SOCIOLOGÍA, con la mayor probabilidad estimada de ingreso (26.1 %). Alternativas: TRABAJO SOCIAL (24.8 %) y ADMINISTRACIÓN (23.4 %). Tu fortaleza en Ciencias Sociales es coherente con estas opciones. Para mejorar tus posibilidades, refuerza Ciencia y Tecnología antes del examen. Estas probabilidades son estimaciones orientativas basadas en postulantes con perfiles similares, no una garantía de resultado."
"Perfil del postulante: procede de un colegio público de área nan (UGEL AZÁNGARO); promedio de secundaria con desempeño satisfactorio; mayor fortaleza en Ciencia y Tecnología y menor en Inglés; postulaciones anteriores: 0; preparación preuniversitaria: cepreuna previo; área de interés: ingenierías. Probabilidades estimadas de ingreso: EDUCACIÓN SECUNDARIA DE LA ESPECIALIDAD DE MATEMÁTICA, FÍSICA, COMPUTACIÓN E INFORMÁTICA 36.7 %; INGENIERÍA AGRONÓMICA 36.7 %; INGENIERÍA GEOLÓGICA 36.7 %. Genera una ruta educativa personalizada.","Ruta educativa sugerida. Primera opción recomendada: EDUCACIÓN SECUNDARIA DE LA ESPECIALIDAD DE MATEMÁTICA, FÍSICA, COMPUTACIÓN E INFORMÁTICA, con la mayor probabilidad estimada de ingreso (36.7 %). Alternativas: INGENIERÍA AGRONÓMICA (36.7 %) y INGENIERÍA GEOLÓGICA (36.7 %). Tu fortaleza en Ciencia y Tecnología es coherente con estas opciones. Para mejorar tus posibilidades, refuerza Inglés antes del examen. Estas probabilidades son estimaciones orientativas basadas en postulantes con perfiles similares, no una garantía de resultado.","Basándome en el perfil y las probabilidades proporcionados, aquí tienes una ruta educativa personalizada para que tu postulante pueda aprovechar al máximo sus posibilidades:

1. **Preparación Preuniversitaria**: Comienza con los cursos de preparación preuniversitaria existentes en CEPRENA. Esto te permitirá revisar tus conocimientos y fortalezas antes de entrar al nivel universitario.

2. **Matemáticas y Física**: En este punto, es importante enfocarte en materias donde tengas mayor fortaleza. Por lo tanto, puedes comenzar con matemáticas y física. Estos son dos áreas donde tu postulante ha demostrado mayor desempeño.

3. **Ingeniería Matemática**: Una vez dominada la matemática básica, podrías considerar estudiar ciencias de la computación o ingeniería informática. Ambas áreas tienen","Ruta educativa sugerida. Primera opción recomendada: INGENIERÍA AGRONÓMICA, con la mayor probabilidad estimada de ingreso (17.6 %). Alternativas: INGENIERÍA GEOLÓGICA (15.2 %) y EDUCACIÓN SECUNDARIA DE LA ESPECIALIDAD DE MATEMÁTICA, FÍSICA, COMPUTACIÓN E INFORMÁTICA (13.2 %). Tu fortaleza en Ciencia y Tecnología es coherente con estas opciones. Para mejorar tus posibilidades, refuerza Inglés antes del examen. Estas probabilidades son estimaciones orientativas basadas en postulantes con perfiles similares, no una garantía de resultado.","Ruta educativa sugerida. Primera opción recomendada: EDUCACIÓN SECUNDARIA DE LA ESPECIALIDAD DE MATEMÁTICA, FÍSICA, COMPUTACIÓN E INFORMÁTICA, con la mayor probabilidad estimada de ingreso (36.7 %). Alternativas: INGENIERÍA AGRONÓMICA (36.7 %) y INGENIERÍA GEOLÓGICA (36.7 %). Tu fortaleza en Ciencia y Tecnología es coherente con estas opciones. Para mejorar tus posibilidades, refuerza Inglés antes del examen. Estas probabilidades son estimaciones orientativas basadas en postulantes con perfiles similares, no una garantía de resultado."
Perfil del postulante: procede de un colegio público de área urbana (UGEL AZÁNGARO); promedio de secundaria con desempeño satisfactorio; mayor fortaleza en Comunicación y menor en Matemática; postulaciones anteriores: 0; preparación preuniversitaria: cepreuna previo; área de interés: biomédicas. Probabilidades estimadas de ingreso: BIOLOGÍA: PESQUERÍA 31.1 %; BIOLOGÍA: ECOLOGÍA 27.9 %; MEDICINA VETERINARIA Y ZOOTECNIA 26.1 %. Genera una ruta educativa personalizada.,"Ruta educativa sugerida. Primera opción recomendada: BIOLOGÍA: PESQUERÍA, con la mayor probabilidad estimada de ingreso (31.1 %). Alternativas: BIOLOGÍA: ECOLOGÍA (27.9 %) y MEDICINA VETERINARIA Y ZOOTECNIA (26.1 %). Tu fortaleza en Comunicación es coherente con estas opciones. Para mejorar tus posibilidades, refuerza Matemática antes del examen. Estas probabilidades son estimaciones orientativas basadas en postulantes con perfiles similares, no una garantía de resultado.","Basándome en el perfil proporcionado, aquí tienes una ruta educativa personalizada para que tu postulante pueda aprovechar al máximo sus posibilidades:

1. **Comenzar su preparación universitaria**: 
   - **Primera Semana**: Iniciar su preparación universitaria en la UGEL AZÁNGARO. Esto permitirá familiarizarse con los recursos disponibles y establecer una rutina de estudio.
   
2. **Matemáticas**:
   - **Segunda Semana**: Aprender matemáticas básicas y avanzadas. Considerando su desempeño en esta materia, puede optar por cursos de matemáticas avanzadas o preparación específica para este campo.

3. **Comunicación**:
   - **Tercera Semana**: Enfocarse en habilidades comunicativas. Este podría incluir clases de idiomas, comunicación efectiva, o actividades extracurriculares relacion","Ruta educativa sugerida. Primera opción recomendada: BIOLOGÍA: ECOLOGÍA, con la mayor probabilidad estimada de ingreso (17.6 %). Alternativas: BIOLOGÍA: PESQUERÍA (17.6 %) y NUTRICIÓN HUMANA (12.3 %). Tu fortaleza en Comunicación es coherente con estas opciones. Para mejorar tus posibilidades, refuerza Matemática antes del examen. Estas probabilidades son estimaciones orientativas basadas en postulantes con perfiles similares, no una garantía de resultado.","Ruta educativa sugerida. Primera opción recomendada: BIOLOGÍA: PESQUERÍA, con la mayor probabilidad estimada de ingreso (31.1 %). Alternativas: BIOLOGÍA: ECOLOGÍA (27.9 %) y MEDICINA VETERINARIA Y ZOOTECNIA (26.1 %). Tu fortaleza en Comunicación es coherente con estas opciones. Para mejorar tus posibilidades, refuerza Matemática antes del examen. Estas probabilidades son estimaciones orientativas basadas en postulantes con perfiles similares, no una garantía de resultado."
Perfil del postulante: procede de un colegio público de área rural (UGEL MELGAR); promedio de secundaria con desempeño en proceso; mayor fortaleza en Ciencia y Tecnología y menor en Ciencias Sociales; postulaciones anteriores: 0; preparación preuniversitaria: cepreuna; área de interés: sociales. Probabilidades estimadas de ingreso: TRABAJO SOCIAL 3.1 %; SOCIOLOGÍA 2.9 %; CIENCIAS CONTABLES 2.4 %. Genera una ruta educativa personalizada.,"Ruta educativa sugerida. Primera opción recomendada: TRABAJO SOCIAL, con la mayor probabilidad estimada de ingreso (3.1 %). Alternativas: SOCIOLOGÍA (2.9 %) y CIENCIAS CONTABLES (2.4 %). Tu fortaleza en Ciencia y Tecnología es coherente con estas opciones. Para mejorar tus posibilidades, refuerza Ciencias Sociales antes del examen. Estas probabilidades son estimaciones orientativas basadas en postulantes con perfiles similares, no una garantía de resultado.","Basándome en el perfil proporcionado, aquí tienes una ruta educativa personalizada para que tu postulante pueda aprovechar sus fortalezas y potencial:

1. **Primera Semana**: 
   - **Iniciación al Estudio**:
     - Comienza con los fundamentos básicos de la matemática.
     - Inicia con los conceptos de estadística y probabilidad.

2. **Segunda Semana**:
   - **Ciencias Sociales**:
     - Aprende sobre los sistemas políticos y económicos.
     - Explora temas como la justicia social y la ética.

3. **Tercera Semana**:
   - **Matemáticas**:
     - Continúa con el estudio de álgebra y geometría.
     - Introduce conceptos avanzados de estadística y probabilidad.

4. **Cuarta Semana**:
   - **Ciencias Naturales**:
     - Com","Ruta educativa sugerida. Primera opción recomendada: SOCIOLOGÍA, con la mayor probabilidad estimada de ingreso (17.6 %). Alternativas: TRABAJO SOCIAL (15.2 %) y ADMINISTRACIÓN (13.2 %). Tu fortaleza en Ciencia y Tecnología es coherente con estas opciones. Para mejorar tus posibilidades, refuerza Ciencias Sociales antes del examen. Estas probabilidades son estimaciones orientativas basadas en postulantes con perfiles similares, no una garantía de resultado.","Ruta educativa sugerida. Primera opción recomendada: TRABAJO SOCIAL, con la mayor probabilidad estimada de ingreso (3.1 %). Alternativas: SOCIOLOGÍA (2.9 %) y CIENCIAS CONTABLES (2.4 %). Tu fortaleza en Ciencia y Tecnología es coherente con estas opciones. Para mejorar tus posibilidades, refuerza Ciencias Sociales antes del examen. Estas probabilidades son estimaciones orientativas basadas en postulantes con perfiles similares, no una garantía de resultado."
Perfil del postulante: procede de un colegio público de área urbana (UGEL PUNO); promedio de secundaria con desempeño satisfactorio; mayor fortaleza en Comunicación y menor en Ciencia y Tecnología; postulaciones anteriores: 0; preparación preuniversitaria: academia particular; área de interés: biomédicas. Probabilidades estimadas de ingreso: BIOLOGÍA: PESQUERÍA 31.1 %; BIOLOGÍA: ECOLOGÍA 27.9 %; MEDICINA VETERINARIA Y ZOOTECNIA 26.8 %. Genera una ruta educativa personalizada.,"Ruta educativa sugerida. Primera opción recomendada: BIOLOGÍA: PESQUERÍA, con la mayor probabilidad estimada de ingreso (31.1 %). Alternativas: BIOLOGÍA: ECOLOGÍA (27.9 %) y MEDICINA VETERINARIA Y ZOOTECNIA (26.8 %). Tu fortaleza en Comunicación es coherente con estas opciones. Para mejorar tus posibilidades, refuerza Ciencia y Tecnología antes del examen. Estas probabilidades son estimaciones orientativas basadas en postulantes con perfiles similares, no una garantía de resultado.","Basándome en el perfil proporcionado, aquí tienes una ruta educativa personalizada para que tu postulante pueda tener más posibilidades de ingresar a la carrera de Medicina Veterinaria y Zootecnia:

1. **Comenzar desde cero**: Asegúrate de revisar tus estudios previos y asegurarte de que hayas completado todas las materias necesarias para entrar a esta carrera.

2. **Reforzar tus habilidades en Comunicación**: Como te mencionan en el perfil, es importante que tengas una fuerte base en este campo. Considera tomar cursos adicionales o participar en talleres de comunicación profesional.

3. **Estudiar Ciencias Naturales**: Si aún no has hecho esto, considera incluir ciencias naturales como parte de tu plan de estudio. Esto puede ayudarle a superar los obstáculos en esta área.

4. **Practicar la Mat","Ruta educativa sugerida. Primera opción recomendada: BIOLOGÍA: ECOLOGÍA, con la mayor probabilidad estimada de ingreso (17.6 %). Alternativas: BIOLOGÍA: PESQUERÍA (17.6 %) y NUTRICIÓN HUMANA (12.3 %). Tu fortaleza en Comunicación es coherente con estas opciones. Para mejorar tus posibilidades, refuerza Ciencia y Tecnología antes del examen. Estas probabilidades son estimaciones orientativas basadas en postulantes con perfiles similares, no una garantía de resultado.","Ruta educativa sugerida. Primera opción recomendada: BIOLOGÍA: PESQUERÍA, con la mayor probabilidad estimada de ingreso (31.1 %). Alternativas: BIOLOGÍA: ECOLOGÍA (27.9 %) y MEDICINA VETERINARIA Y ZOOTECNIA (26.8 %). Tu fortaleza en Comunicación es coherente con estas opciones. Para mejorar tus posibilidades, refuerza Ciencia y Tecnología antes del examen. Estas probabilidades son estimaciones orientativas basadas en postulantes con perfiles similares, no una garantía de resultado."
Perfil del postulante: procede de un colegio público de área urbana (UGEL EL COLLAO); promedio de secundaria con desempeño satisfactorio; mayor fortaleza en Matemática y menor en Inglés; postulaciones anteriores: 0; preparación preuniversitaria: academia particular; área de interés: sociales. Probabilidades estimadas de ingreso: SOCIOLOGÍA 13.2 %; ADMINISTRACIÓN 12.3 %; EDUCACIÓN FÍSICA 12.3 %. Genera una ruta educativa personalizada.,"Ruta educativa sugerida. Primera opción recomendada: SOCIOLOGÍA, con la mayor probabilidad estimada de ingreso (13.2 %). Alternativas: ADMINISTRACIÓN (12.3 %) y EDUCACIÓN FÍSICA (12.3 %). Tu fortaleza en Matemática es coherente con estas opciones. Para mejorar tus posibilidades, refuerza Inglés antes del examen. Estas probabilidades son estimaciones orientativas basadas en postulantes con perfiles similares, no una garantía de resultado.","Basándome en el perfil proporcionado, aquí tienes una ruta educativa personalizada para que tu postulante pueda aprovechar sus fortalezas y potencial:

1. **Matemáticas**: 
   - Continuar con matemáticas en la universidad.
   - Considerar carreras como Economía, Ciencias Económicas o Matemáticas aplicadas.

2. **Inglés**:
   - Aprender inglés en la escuela primaria y secundaria.
   - Considerar carreras como Administración de Empresas o Marketing Internacional.

3. **Social Science**:
   - Estudiar sociología en la universidad.
   - Considerar carreras como Psicología, Sociología o Educación Social.

4. **Educación Física**:
   - Considerar carreras relacionadas con la salud o educación física.
   - Considerar carreras como Educación Física, Salud Pública o Pedagogía.

5","Ruta educativa sugerida. Primera opción recomendada: SOCIOLOGÍA, con la mayor probabilidad estimada de ingreso (17.6 %). Alternativas: ADMINISTRACIÓN (13.2 %) y EDUCACIÓN FÍSICA (13.2 %). Tu fortaleza en Matemática es coherente con estas opciones. Para mejorar tus posibilidades, refuerza Inglés antes del examen. Estas probabilidades son estimaciones orientativas basadas en postulantes con perfiles similares, no una garantía de resultado.","Ruta educativa sugerida. Primera opción recomendada: SOCIOLOGÍA, con la mayor probabilidad estimada de ingreso (13.2 %). Alternativas: ADMINISTRACIÓN (12.3 %) y EDUCACIÓN FÍSICA (12.3 %). Tu fortaleza en Matemática es coherente con estas opciones. Para mejorar tus posibilidades, refuerza Inglés antes del examen. Estas probabilidades son estimaciones orientativas basadas en postulantes con perfiles similares, no una garantía de resultado."
Perfil del postulante: procede de un colegio privado de área urbana (UGEL PUNO); promedio de secundaria con desempeño satisfactorio; mayor fortaleza en Ciencia y Tecnología y menor en Matemática; postulaciones anteriores: 0; preparación preuniversitaria: academia particular; área de interés: ingenierías. Probabilidades estimadas de ingreso: INGENIERÍA TOPOGRÁFICA Y AGRIMENSURA 23.4 %; INGENIERÍA AGRONÓMICA 20.2 %; INGENIERÍA ECONÓMICA 17.6 %. Genera una ruta educativa personalizada.,"Ruta educativa sugerida. Primera opción recomendada: INGENIERÍA TOPOGRÁFICA Y AGRIMENSURA, con la mayor probabilidad estimada de ingreso (23.4 %). Alternativas: INGENIERÍA AGRONÓMICA (20.2 %) y INGENIERÍA ECONÓMICA (17.6 %). Tu fortaleza en Ciencia y Tecnología es coherente con estas opciones. Para mejorar tus posibilidades, refuerza Matemática antes del examen. Estas probabilidades son estimaciones orientativas basadas en postulantes con perfiles similares, no una garantía de resultado.","Basándome en el perfil y las probabilidades proporcionados, aquí tienes una ruta educativa personalizada para que tu postulante pueda tener más posibilidades de ingresar a sus áreas de interés:

1. **Preparación Académica**:
   - **Matemáticas**: Comienza con los fundamentos matemáticos desde cero. Utiliza recursos como libros de texto, aplicaciones de aprendizaje en línea y tutoriales explicativos.
   - **Ciencias y Tecnología**: En este campo, puedes comenzar con cursos de física, química o biología avanzada. También es importante familiarizarte con herramientas tecnológicas y software de programación.

2. **Pruebas de Admisión**:
   - **Ingeniería Topográfica y Agrimensura**: Esta carrera requiere habilidades en geografía, topografía y cartografía. Considera cursos adicionales en estos campos antes de tomar pruebas de admisión","Ruta educativa sugerida. Primera opción recomendada: INGENIERÍA AGRONÓMICA, con la mayor probabilidad estimada de ingreso (17.6 %). Alternativas: INGENIERÍA GEOLÓGICA (15.2 %) y EDUCACIÓN SECUNDARIA DE LA ESPECIALIDAD DE MATEMÁTICA, FÍSICA, COMPUTACIÓN E INFORMÁTICA (13.2 %). Tu fortaleza en Ciencia y Tecnología es coherente con estas opciones. Para mejorar tus posibilidades, refuerza Matemática antes del examen. Estas probabilidades son estimaciones orientativas basadas en postulantes con perfiles similares, no una garantía de resultado.","Ruta educativa sugerida. Primera opción recomendada: INGENIERÍA TOPOGRÁFICA Y AGRIMENSURA, con la mayor probabilidad estimada de ingreso (23.4 %). Alternativas: INGENIERÍA AGRONÓMICA (20.2 %) y INGENIERÍA ECONÓMICA (17.6 %). Tu fortaleza en Ciencia y Tecnología es coherente con estas opciones. Para mejorar tus posibilidades, refuerza Matemática antes del examen. Estas probabilidades son estimaciones orientativas basadas en postulantes con perfiles similares, no una garantía de resultado."
Perfil del postulante: procede de un colegio público de área urbana (UGEL AZÁNGARO); promedio de secundaria con desempeño satisfactorio; mayor fortaleza en Ciencias Sociales y menor en Ciencia y Tecnología; postulaciones anteriores: 0; preparación preuniversitaria: academia particular; área de interés: sociales. Probabilidades estimadas de ingreso: SOCIOLOGÍA 10.5 %; ADMINISTRACIÓN 8.9 %; EDUCACIÓN FÍSICA 8.9 %. Genera una ruta educativa personalizada.,"Ruta educativa sugerida. Primera opción recomendada: SOCIOLOGÍA, con la mayor probabilidad estimada de ingreso (10.5 %). Alternativas: ADMINISTRACIÓN (8.9 %) y EDUCACIÓN FÍSICA (8.9 %). Tu fortaleza en Ciencias Sociales es coherente con estas opciones. Para mejorar tus posibilidades, refuerza Ciencia y Tecnología antes del examen. Estas probabilidades son estimaciones orientativas basadas en postulantes con perfiles similares, no una garantía de resultado.","Basándome en el perfil proporcionado, puedo generar una ruta educativa para que tu postulante tenga más posibilidades de ingresar a los campos de estudio elegidos.

1. **Primera Semana**: Inicia su preparación para la universidad. Comienza con los fundamentos de la educación superior, como matemáticas y ciencias básicas. Esto es importante ya que estos son requisitos mínimos para muchas carreras.

2. **Segunda Semana**: Envié sus resultados de la prueba de acceso a la universidad (PAU) a todas las instituciones donde ha postulado. Esta será una buena manera de conocer cuáles son las opciones más favorables para él.

3. **Tercera Semana**: Realice sesiones de concienciación sobre los estudios de Ciencias Sociales. Esto puede incluir libros, conferencias o talleres para entender mejor cómo se relacionan estas disciplinas con la vida cotid","Ruta educativa sugerida. Primera opción recomendada: SOCIOLOGÍA, con la mayor probabilidad estimada de ingreso (17.6 %). Alternativas: ADMINISTRACIÓN (13.2 %) y EDUCACIÓN FÍSICA (13.2 %). Tu fortaleza en Ciencias Sociales es coherente con estas opciones. Para mejorar tus posibilidades, refuerza Ciencia y Tecnología antes del examen. Estas probabilidades son estimaciones orientativas basadas en postulantes con perfiles similares, no una garantía de resultado.","Ruta educativa sugerida. Primera opción recomendada: SOCIOLOGÍA, con la mayor probabilidad estimada de ingreso (10.5 %). Alternativas: ADMINISTRACIÓN (8.9 %) y EDUCACIÓN FÍSICA (8.9 %). Tu fortaleza en Ciencias Sociales es coherente con estas opciones. Para mejorar tus posibilidades, refuerza Ciencia y Tecnología antes del examen. Estas probabilidades son estimaciones orientativas basadas en postulantes con perfiles similares, no una garantía de resultado."
Perfil del postulante: procede de un colegio público de área urbana (UGEL EL COLLAO); promedio de secundaria con desempeño satisfactorio; mayor fortaleza en Matemática y menor en Inglés; postulaciones anteriores: 0; preparación preuniversitaria: cepreuna; área de interés: sociales. Probabilidades estimadas de ingreso: SOCIOLOGÍA 26.1 %; TRABAJO SOCIAL 25.9 %; CIENCIAS CONTABLES 20.7 %. Genera una ruta educativa personalizada.,"Ruta educativa sugerida. Primera opción recomendada: SOCIOLOGÍA, con la mayor probabilidad estimada de ingreso (26.1 %). Alternativas: TRABAJO SOCIAL (25.9 %) y CIENCIAS CONTABLES (20.7 %). Tu fortaleza en Matemática es coherente con estas opciones. Para mejorar tus posibilidades, refuerza Inglés antes del examen. Estas probabilidades son estimaciones orientativas basadas en postulantes con perfiles similares, no una garantía de resultado.","Basándome en el perfil proporcionado, puedo generar una ruta educativa para que tu postulante pueda aprovechar sus fortalezas y potencialidades. Aquí te presento algunas sugerencias:

1. **Matemáticas**: Esta es su fortaleza. Considerando que ya ha demostrado un buen desempeño en esta materia, podrías considerar opciones relacionadas con matemáticas o ciencias naturales.

   - **Carrera de Matemáticas**: Siempre hay demanda de profesionales en este campo.
   - **Ciencias Naturales**: También tiene mucha demanda laboral.

2. **Inglés**: Su rendimiento en inglés es inferior al esperado. En este caso, podría ser beneficioso considerar carreras donde se requiera fluidez en inglés.

   - **Trabajo Social**: Este campo puede requerir habilidades en comunicación y escritura, lo cual podría beneficiarse con mejoras en inglés","Ruta educativa sugerida. Primera opción recomendada: SOCIOLOGÍA, con la mayor probabilidad estimada de ingreso (17.6 %). Alternativas: TRABAJO SOCIAL (15.2 %) y CIENCIAS CONTABLES (13.2 %). Tu fortaleza en Matemática es coherente con estas opciones. Para mejorar tus posibilidades, refuerza Inglés antes del examen. Estas probabilidades son estimaciones orientativas basadas en postulantes con perfiles similares, no una garantía de resultado.","Ruta educativa sugerida. Primera opción recomendada: SOCIOLOGÍA, con la mayor probabilidad estimada de ingreso (26.1 %). Alternativas: TRABAJO SOCIAL (25.9 %) y CIENCIAS CONTABLES (20.7 %). Tu fortaleza en Matemática es coherente con estas opciones. Para mejorar tus posibilidades, refuerza Inglés antes del examen. Estas probabilidades son estimaciones orientativas basadas en postulantes con perfiles similares, no una garantía de resultado."
Perfil del postulante: procede de un colegio público de área rural (UGEL AREQUIPA); promedio de secundaria con desempeño satisfactorio; mayor fortaleza en Ciencias Sociales y menor en Inglés; postulaciones anteriores: 0; preparación preuniversitaria: autoestudio; área de interés: sociales. Probabilidades estimadas de ingreso: SOCIOLOGÍA 5.1 %; TRABAJO SOCIAL 4.8 %; ADMINISTRACIÓN 2.4 %. Genera una ruta educativa personalizada.,"Ruta educativa sugerida. Primera opción recomendada: SOCIOLOGÍA, con la mayor probabilidad estimada de ingreso (5.1 %). Alternativas: TRABAJO SOCIAL (4.8 %) y ADMINISTRACIÓN (2.4 %). Tu fortaleza en Ciencias Sociales es coherente con estas opciones. Para mejorar tus posibilidades, refuerza Inglés antes del examen. Estas probabilidades son estimaciones orientativas basadas en postulantes con perfiles similares, no una garantía de resultado.","Basándome en el perfil proporcionado, aquí tienes una ruta educativa personalizada para que tu postulante pueda aprovechar sus fortalezas y potencial:

1. **Primera Semana**: 
   - **Iniciación al Estudiar**: Comienza con los fundamentos de la sociología, especialmente en temas relacionados a la sociedad rural.
   - **Primeros Pasos en Inglés**: Aprende algunos conceptos básicos de inglés para facilitar la comunicación.

2. **Segunda Semana**:
   - **Continuación de la Sociología**: Continúa con la sociología, profundizando en aspectos específicos relevantes para su contexto rural.
   - **Introducción a la Administración**: Comienza con conceptos generales de administración pública, especialmente en áreas relacionadas a la gestión de recursos locales.

3. **Tercera Semana**:
   - **Continuación de la Sociología","Ruta educativa sugerida. Primera opción recomendada: SOCIOLOGÍA, con la mayor probabilidad estimada de ingreso (17.6 %). Alternativas: CIENCIAS CONTABLES (15.2 %) y TRABAJO SOCIAL (13.2 %). Tu fortaleza en Ciencias Sociales es coherente con estas opciones. Para mejorar tus posibilidades, refuerza Inglés antes del examen. Estas probabilidades son estimaciones orientativas basadas en postulantes con perfiles similares, no una garantía de resultado.","Ruta educativa sugerida. Primera opción recomendada: SOCIOLOGÍA, con la mayor probabilidad estimada de ingreso (5.1 %). Alternativas: TRABAJO SOCIAL (4.8 %) y ADMINISTRACIÓN (2.4 %). Tu fortaleza en Ciencias Sociales es coherente con estas opciones. Para mejorar tus posibilidades, refuerza Inglés antes del examen. Estas probabilidades son estimaciones orientativas basadas en postulantes con perfiles similares, no una garantía de resultado."
Perfil del postulante: procede de un colegio público de área urbana (UGEL SAN ROMÁN); promedio de secundaria con desempeño satisfactorio; mayor fortaleza en Comunicación y menor en Ciencia y Tecnología; postulaciones anteriores: 0; preparación preuniversitaria: cepreuna; área de interés: ingenierías. Probabilidades estimadas de ingreso: INGENIERÍA GEOLÓGICA 18.2 %; INGENIERÍA AGRONÓMICA 17.6 %; INGENIERÍA TOPOGRÁFICA Y AGRIMENSURA 17.6 %. Genera una ruta educativa personalizada.,"Ruta educativa sugerida. Primera opción recomendada: INGENIERÍA GEOLÓGICA, con la mayor probabilidad estimada de ingreso (18.2 %). Alternativas: INGENIERÍA AGRONÓMICA (17.6 %) y INGENIERÍA TOPOGRÁFICA Y AGRIMENSURA (17.6 %). Tu fortaleza en Comunicación es coherente con estas opciones. Para mejorar tus posibilidades, refuerza Ciencia y Tecnología antes del examen. Estas probabilidades son estimaciones orientativas basadas en postulantes con perfiles similares, no una garantía de resultado.","Basándome en el perfil y las probabilidades proporcionados, aquí tienes una ruta educativa personalizada para que tu postulante pueda aprovechar al máximo sus posibilidades:

1. **Comenzar su preparación universitaria**: 
   - **Primera Semana**: Iniciar el curso de preparación preuniversitaria CEPRENA.
   - **Segunda Semana**: Asignarse a materias relacionadas con la Ingeniería Geológica como Fundamentos de la Geología, Matemáticas Aplicadas a la Ingeniería, o Física.

2. **Iniciando en Comunicación**:
   - **Tercera Semana**: Enseñarle sobre los fundamentos de la comunicación, incluyendo habilidades verbales, escritas y visuales.
   - **Cuarta Semana**: Comenzar a practicar técnicas de presentación y comunicación efectiva.

3. **","Ruta educativa sugerida. Primera opción recomendada: INGENIERÍA AGRONÓMICA, con la mayor probabilidad estimada de ingreso (17.6 %). Alternativas: INGENIERÍA GEOLÓGICA (15.2 %) y EDUCACIÓN SECUNDARIA DE LA ESPECIALIDAD DE MATEMÁTICA, FÍSICA, COMPUTACIÓN E INFORMÁTICA (13.2 %). Tu fortaleza en Comunicación es coherente con estas opciones. Para mejorar tus posibilidades, refuerza Ciencia y Tecnología antes del examen. Estas probabilidades son estimaciones orientativas basadas en postulantes con perfiles similares, no una garantía de resultado.","Ruta educativa sugerida. Primera opción recomendada: INGENIERÍA GEOLÓGICA, con la mayor probabilidad estimada de ingreso (18.2 %). Alternativas: INGENIERÍA AGRONÓMICA (17.6 %) y INGENIERÍA TOPOGRÁFICA Y AGRIMENSURA (17.6 %). Tu fortaleza en Comunicación es coherente con estas opciones. Para mejorar tus posibilidades, refuerza Ciencia y Tecnología antes del examen. Estas probabilidades son estimaciones orientativas basadas en postulantes con perfiles similares, no una garantía de resultado."
Perfil del postulante: procede de un colegio público de área urbana (UGEL PUNO); promedio de secundaria con desempeño satisfactorio; mayor fortaleza en Ciencia y Tecnología y menor en Matemática; postulaciones anteriores: 0; preparación preuniversitaria: autoestudio; área de interés: sociales. Probabilidades estimadas de ingreso: SOCIOLOGÍA 5.8 %; CIENCIAS CONTABLES 5.3 %; TRABAJO SOCIAL 5.3 %. Genera una ruta educativa personalizada.,"Ruta educativa sugerida. Primera opción recomendada: SOCIOLOGÍA, con la mayor probabilidad estimada de ingreso (5.8 %). Alternativas: CIENCIAS CONTABLES (5.3 %) y TRABAJO SOCIAL (5.3 %). Tu fortaleza en Ciencia y Tecnología es coherente con estas opciones. Para mejorar tus posibilidades, refuerza Matemática antes del examen. Estas probabilidades son estimaciones orientativas basadas en postulantes con perfiles similares, no una garantía de resultado.","Basándome en el perfil proporcionado, aquí tienes una ruta educativa personalizada para que tu postulante pueda aprovechar sus fortalezas y potencial:

1. **Primera Semana**: 
   - **Matemáticas**: Comienza con los fundamentos matemáticos básicos. Utiliza recursos como libros de texto, tutoriales en línea o aplicaciones educativas.
   - **Ciencias Sociales**: Aprende sobre temas relacionados al campo de estudio social. Esto puede incluir historia local, cultura punita, economía, etc.

2. **Segunda Semana**:
   - **Tecnología**: Comience con herramientas digitales importantes para futuros profesionales. Esto podría ser programación básica, diseño web, o manejo de software común.
   - **Ciencias Técnicas**: Comience con ciencias naturales o ingeniería. Siempre hay un curso básico de física o química disponibles en","Ruta educativa sugerida. Primera opción recomendada: SOCIOLOGÍA, con la mayor probabilidad estimada de ingreso (17.6 %). Alternativas: CIENCIAS CONTABLES (15.2 %) y TRABAJO SOCIAL (13.2 %). Tu fortaleza en Ciencia y Tecnología es coherente con estas opciones. Para mejorar tus posibilidades, refuerza Matemática antes del examen. Estas probabilidades son estimaciones orientativas basadas en postulantes con perfiles similares, no una garantía de resultado.","Ruta educativa sugerida. Primera opción recomendada: SOCIOLOGÍA, con la mayor probabilidad estimada de ingreso (5.8 %). Alternativas: CIENCIAS CONTABLES (5.3 %) y TRABAJO SOCIAL (5.3 %). Tu fortaleza en Ciencia y Tecnología es coherente con estas opciones. Para mejorar tus posibilidades, refuerza Matemática antes del examen. Estas probabilidades son estimaciones orientativas basadas en postulantes con perfiles similares, no una garantía de resultado."
"Perfil del postulante: procede de un colegio público de área rural (UGEL EL COLLAO); promedio de secundaria con desempeño satisfactorio; mayor fortaleza en Matemática y menor en Inglés; postulaciones anteriores: 0; preparación preuniversitaria: cepreuna previo; área de interés: ingenierías. Probabilidades estimadas de ingreso: INGENIERÍA AGRONÓMICA 5.1 %; EDUCACIÓN SECUNDARIA DE LA ESPECIALIDAD DE MATEMÁTICA, FÍSICA, COMPUTACIÓN E INFORMÁTICA 4.3 %; INGENIERÍA GEOLÓGICA 4.3 %. Genera una ruta educativa personalizada.","Ruta educativa sugerida. Primera opción recomendada: INGENIERÍA AGRONÓMICA, con la mayor probabilidad estimada de ingreso (5.1 %). Alternativas: EDUCACIÓN SECUNDARIA DE LA ESPECIALIDAD DE MATEMÁTICA, FÍSICA, COMPUTACIÓN E INFORMÁTICA (4.3 %) y INGENIERÍA GEOLÓGICA (4.3 %). Tu fortaleza en Matemática es coherente con estas opciones. Para mejorar tus posibilidades, refuerza Inglés antes del examen. Estas probabilidades son estimaciones orientativas basadas en postulantes con perfiles similares, no una garantía de resultado.","Basándome en el perfil y las probabilidades proporcionados, aquí tienes una ruta educativa personalizada para que tu postulante pueda aprovechar al máximo sus posibilidades:

1. **Matemáticas**: 
   - Continuar con matemáticas en la universidad.
   - Considerar opciones como Ingeniería Agronómica o Ingeniería Geológica, ya que estas áreas tienen una probabilidad más alta de éxito.

2. **Ingeniería Agronómica**:
   - Si se decide por esta carrera, considerar estudios adicionales en Ciencias Agropecuarias o Agricultura.
   - Mantenerse actualizado en temas agrícolas y ambientales.

3. **Educación Secundaria de la Especialidad de Matemáticas, Física, Computación e Informática**:
   - Esta opción es menos probable pero no insuficiente. Considerar carreras relacionadas como Educación Bás","Ruta educativa sugerida. Primera opción recomendada: INGENIERÍA AGRONÓMICA, con la mayor probabilidad estimada de ingreso (17.6 %). Alternativas: INGENIERÍA GEOLÓGICA (15.2 %) y EDUCACIÓN SECUNDARIA DE LA ESPECIALIDAD DE MATEMÁTICA, FÍSICA, COMPUTACIÓN E INFORMÁTICA (13.2 %). Tu fortaleza en Matemática es coherente con estas opciones. Para mejorar tus posibilidades, refuerza Inglés antes del examen. Estas probabilidades son estimaciones orientativas basadas en postulantes con perfiles similares, no una garantía de resultado.","Ruta educativa sugerida. Primera opción recomendada: INGENIERÍA AGRONÓMICA, con la mayor probabilidad estimada de ingreso (5.1 %). Alternativas: EDUCACIÓN SECUNDARIA DE LA ESPECIALIDAD DE MATEMÁTICA, FÍSICA, COMPUTACIÓN E INFORMÁTICA (4.3 %) y INGENIERÍA GEOLÓGICA (4.3 %). Tu fortaleza en Matemática es coherente con estas opciones. Para mejorar tus posibilidades, refuerza Inglés antes del examen. Estas probabilidades son estimaciones orientativas basadas en postulantes con perfiles similares, no una garantía de resultado."
Perfil del postulante: procede de un colegio público de área rural (UGEL PUNO); promedio de secundaria con desempeño satisfactorio; mayor fortaleza en Comunicación y menor en Ciencia y Tecnología; postulaciones anteriores: 2; preparación preuniversitaria: cepreuna; área de interés: ingenierías. Probabilidades estimadas de ingreso: INGENIERÍA AGRONÓMICA 12.3 %; INGENIERÍA GEOLÓGICA 8.9 %; INGENIERÍA MECÁNICA ELÉCTRICA 7.3 %. Genera una ruta educativa personalizada.,"Ruta educativa sugerida. Primera opción recomendada: INGENIERÍA AGRONÓMICA, con la mayor probabilidad estimada de ingreso (12.3 %). Alternativas: INGENIERÍA GEOLÓGICA (8.9 %) y INGENIERÍA MECÁNICA ELÉCTRICA (7.3 %). Tu fortaleza en Comunicación es coherente con estas opciones. Para mejorar tus posibilidades, refuerza Ciencia y Tecnología antes del examen. Estas probabilidades son estimaciones orientativas basadas en postulantes con perfiles similares, no una garantía de resultado.","Basándome en el perfil y las probabilidades proporcionados, aquí tienes una ruta educativa personalizada para que tu postulante pueda aprovechar al máximo sus posibilidades:

1. **Comenzar su educación universitaria**: 
   - **Primera Semana Académica**: Iniciar su carrera universitaria en la UNGEL PUNO. Esta institución es reconocida por su calidad educativa y tiene una buena reputación.
   
2. **Prepararse para los exámenes preliminares**:
   - **Cepreuna**: Utilizar esta preparatoria para revisar conceptos clave y familiarizarse con el formato de examen. Esto ayudará a reducir el estrés durante el examen principal.

3. **Ingresar a la carrera elegida**:
   - **Ing. Agronomía**: Siempre considerando que este campo puede ser interesante pero también requiere dedicación y tiempo. La","Ruta educativa sugerida. Primera opción recomendada: INGENIERÍA AGRONÓMICA, con la mayor probabilidad estimada de ingreso (17.6 %). Alternativas: INGENIERÍA GEOLÓGICA (15.2 %) y EDUCACIÓN SECUNDARIA DE LA ESPECIALIDAD DE MATEMÁTICA, FÍSICA, COMPUTACIÓN E INFORMÁTICA (13.2 %). Tu fortaleza en Comunicación es coherente con estas opciones. Para mejorar tus posibilidades, refuerza Ciencia y Tecnología antes del examen. Estas probabilidades son estimaciones orientativas basadas en postulantes con perfiles similares, no una garantía de resultado.","Ruta educativa sugerida. Primera opción recomendada: INGENIERÍA AGRONÓMICA, con la mayor probabilidad estimada de ingreso (12.3 %). Alternativas: INGENIERÍA GEOLÓGICA (8.9 %) y INGENIERÍA MECÁNICA ELÉCTRICA (7.3 %). Tu fortaleza en Comunicación es coherente con estas opciones. Para mejorar tus posibilidades, refuerza Ciencia y Tecnología antes del examen. Estas probabilidades son estimaciones orientativas basadas en postulantes con perfiles similares, no una garantía de resultado."
Perfil del postulante: procede de un colegio público de área urbana (UGEL SAN ROMÁN); promedio de secundaria con desempeño satisfactorio; mayor fortaleza en Matemática y menor en Ciencia y Tecnología; postulaciones anteriores: 0; preparación preuniversitaria: nan; área de interés: ingenierías. Probabilidades estimadas de ingreso: INGENIERÍA AGRONÓMICA 4.8 %; INGENIERÍA GEOLÓGICA 3.1 %; INGENIERÍA MECÁNICA ELÉCTRICA 3.1 %. Genera una ruta educativa personalizada.,"Ruta educativa sugerida. Primera opción recomendada: INGENIERÍA AGRONÓMICA, con la mayor probabilidad estimada de ingreso (4.8 %). Alternativas: INGENIERÍA GEOLÓGICA (3.1 %) y INGENIERÍA MECÁNICA ELÉCTRICA (3.1 %). Tu fortaleza en Matemática es coherente con estas opciones. Para mejorar tus posibilidades, refuerza Ciencia y Tecnología antes del examen. Estas probabilidades son estimaciones orientativas basadas en postulantes con perfiles similares, no una garantía de resultado.","Basándome en el perfil proporcionado, aquí tienes una ruta educativa personalizada para que tu postulante pueda tener más posibilidades de ingresar a las carreras elegidas:

1. **Matemáticas**: 
   - Continuar tus estudios en matemáticas en secundario.
   - Considerar opciones como matemáticas aplicadas o física, ya que estas materias son fundamentales para muchas carreras técnicas.

2. **Ciencias y Tecnología**:
   - Siempre es importante destacar en esta área. Considerar carreras como ingeniería civil, ingeniería mecánica o ingeniería eléctrica puede ser una buena opción si estás interesado en estos campos.

3. **Ing. Agrónoma**:
   - La carrera agronómica requiere un buen conocimiento en biología, química y ciencias de la tierra. Considerar áreas de especialización como agricultura orgán","Ruta educativa sugerida. Primera opción recomendada: INGENIERÍA AGRONÓMICA, con la mayor probabilidad estimada de ingreso (17.6 %). Alternativas: INGENIERÍA GEOLÓGICA (15.2 %) y EDUCACIÓN SECUNDARIA DE LA ESPECIALIDAD DE MATEMÁTICA, FÍSICA, COMPUTACIÓN E INFORMÁTICA (13.2 %). Tu fortaleza en Matemática es coherente con estas opciones. Para mejorar tus posibilidades, refuerza Ciencia y Tecnología antes del examen. Estas probabilidades son estimaciones orientativas basadas en postulantes con perfiles similares, no una garantía de resultado.","Ruta educativa sugerida. Primera opción recomendada: INGENIERÍA AGRONÓMICA, con la mayor probabilidad estimada de ingreso (4.8 %). Alternativas: INGENIERÍA GEOLÓGICA (3.1 %) y INGENIERÍA MECÁNICA ELÉCTRICA (3.1 %). Tu fortaleza en Matemática es coherente con estas opciones. Para mejorar tus posibilidades, refuerza Ciencia y Tecnología antes del examen. Estas probabilidades son estimaciones orientativas basadas en postulantes con perfiles similares, no una garantía de resultado."
Perfil del postulante: procede de un colegio público de área urbana (UGEL SAN ROMÁN); promedio de secundaria con desempeño satisfactorio; mayor fortaleza en Comunicación y menor en Ciencias Sociales; postulaciones anteriores: 0; preparación preuniversitaria: cepreuna; área de interés: biomédicas. Probabilidades estimadas de ingreso: BIOLOGÍA: PESQUERÍA 46.3 %; BIOLOGÍA: ECOLOGÍA 36.7 %; MEDICINA VETERINARIA Y ZOOTECNIA 36.7 %. Genera una ruta educativa personalizada.,"Ruta educativa sugerida. Primera opción recomendada: BIOLOGÍA: PESQUERÍA, con la mayor probabilidad estimada de ingreso (46.3 %). Alternativas: BIOLOGÍA: ECOLOGÍA (36.7 %) y MEDICINA VETERINARIA Y ZOOTECNIA (36.7 %). Tu fortaleza en Comunicación es coherente con estas opciones. Para mejorar tus posibilidades, refuerza Ciencias Sociales antes del examen. Estas probabilidades son estimaciones orientativas basadas en postulantes con perfiles similares, no una garantía de resultado.","Basándome en el perfil proporcionado, puedo generar una ruta educativa para que tu postulante tenga más posibilidades de ingresar a la carrera de Medicina Veterinaria y Zootecnia en la Universidad Nacional del Altiplano de Puno.

1. **Comenzar su preparación universitaria**: 
   - **Primera Semana de Preparatoria**: Iniciar sus estudios universitarios en la Preparatoria CEPRENA.
   - **Segunda Semana de Preparatoria**: Enseñarle sobre los requisitos y procesos de admisión al nivel superior.
   
2. **Estudios Secundarios**:
   - **Primer año de Secundario**: Continuar sus estudios en la UGEL San Román, aprovechando su desempeño académico.
   - **Segundo año de Secundario**: Considerar opciones como la Facultad de Medicina","Ruta educativa sugerida. Primera opción recomendada: BIOLOGÍA: ECOLOGÍA, con la mayor probabilidad estimada de ingreso (17.6 %). Alternativas: BIOLOGÍA: PESQUERÍA (17.6 %) y NUTRICIÓN HUMANA (12.3 %). Tu fortaleza en Comunicación es coherente con estas opciones. Para mejorar tus posibilidades, refuerza Ciencias Sociales antes del examen. Estas probabilidades son estimaciones orientativas basadas en postulantes con perfiles similares, no una garantía de resultado.","Ruta educativa sugerida. Primera opción recomendada: BIOLOGÍA: PESQUERÍA, con la mayor probabilidad estimada de ingreso (46.3 %). Alternativas: BIOLOGÍA: ECOLOGÍA (36.7 %) y MEDICINA VETERINARIA Y ZOOTECNIA (36.7 %). Tu fortaleza en Comunicación es coherente con estas opciones. Para mejorar tus posibilidades, refuerza Ciencias Sociales antes del examen. Estas probabilidades son estimaciones orientativas basadas en postulantes con perfiles similares, no una garantía de resultado."
Perfil del postulante: procede de un colegio privado de área urbana (UGEL SAN ROMÁN); promedio de secundaria con desempeño satisfactorio; mayor fortaleza en Comunicación y menor en Matemática; postulaciones anteriores: 0; preparación preuniversitaria: academia particular; área de interés: biomédicas. Probabilidades estimadas de ingreso: BIOLOGÍA: PESQUERÍA 26.1 %; BIOLOGÍA: ECOLOGÍA 20.2 %; NUTRICIÓN HUMANA 17.6 %. Genera una ruta educativa personalizada.,"Ruta educativa sugerida. Primera opción recomendada: BIOLOGÍA: PESQUERÍA, con la mayor probabilidad estimada de ingreso (26.1 %). Alternativas: BIOLOGÍA: ECOLOGÍA (20.2 %) y NUTRICIÓN HUMANA (17.6 %). Tu fortaleza en Comunicación es coherente con estas opciones. Para mejorar tus posibilidades, refuerza Matemática antes del examen. Estas probabilidades son estimaciones orientativas basadas en postulantes con perfiles similares, no una garantía de resultado.","Basándome en el perfil proporcionado, puedo generar una ruta educativa para que tu postulante tenga más posibilidades de ingresar a la carrera de Biomédica en la UGEL San Román.

1. **Preparación Académica**:
   - **Matemáticas**: Asegúrate de revisar los conceptos básicos de matemáticas, especialmente aquellos relacionados con la biología. Considera tomar cursos adicionales o tutorías si es necesario.
   - **Comunicación**: Mantén un buen nivel en esta materia ya que será crucial durante tus estudios universitarios. Considera actividades extraescolares como concursos de escritura, presentaciones orales o talleres de comunicación.

2. **Práctica Profesional**:
   - **Laboratorios de Biología**: Si tienes oportunidad, considera participar en laboratorios de biología en institutos profesionales cercanos. Esto te","Ruta educativa sugerida. Primera opción recomendada: BIOLOGÍA: ECOLOGÍA, con la mayor probabilidad estimada de ingreso (17.6 %). Alternativas: BIOLOGÍA: PESQUERÍA (17.6 %) y NUTRICIÓN HUMANA (12.3 %). Tu fortaleza en Comunicación es coherente con estas opciones. Para mejorar tus posibilidades, refuerza Matemática antes del examen. Estas probabilidades son estimaciones orientativas basadas en postulantes con perfiles similares, no una garantía de resultado.","Ruta educativa sugerida. Primera opción recomendada: BIOLOGÍA: PESQUERÍA, con la mayor probabilidad estimada de ingreso (26.1 %). Alternativas: BIOLOGÍA: ECOLOGÍA (20.2 %) y NUTRICIÓN HUMANA (17.6 %). Tu fortaleza en Comunicación es coherente con estas opciones. Para mejorar tus posibilidades, refuerza Matemática antes del examen. Estas probabilidades son estimaciones orientativas basadas en postulantes con perfiles similares, no una garantía de resultado."
Perfil del postulante: procede de un colegio público de área urbana (UGEL CHUCUITO); promedio de secundaria con desempeño satisfactorio; mayor fortaleza en Ciencia y Tecnología y menor en Inglés; postulaciones anteriores: 0; preparación preuniversitaria: cepreuna previo; área de interés: biomédicas. Probabilidades estimadas de ingreso: BIOLOGÍA: PESQUERÍA 24.8 %; BIOLOGÍA: ECOLOGÍA 18.2 %; MEDICINA VETERINARIA Y ZOOTECNIA 17.6 %. Genera una ruta educativa personalizada.,"Ruta educativa sugerida. Primera opción recomendada: BIOLOGÍA: PESQUERÍA, con la mayor probabilidad estimada de ingreso (24.8 %). Alternativas: BIOLOGÍA: ECOLOGÍA (18.2 %) y MEDICINA VETERINARIA Y ZOOTECNIA (17.6 %). Tu fortaleza en Ciencia y Tecnología es coherente con estas opciones. Para mejorar tus posibilidades, refuerza Inglés antes del examen. Estas probabilidades son estimaciones orientativas basadas en postulantes con perfiles similares, no una garantía de resultado.","Basándome en el perfil proporcionado, aquí tienes una ruta educativa personalizada para que tu postulante pueda tener más posibilidades de ingresar a la carrera de Medicina Veterinaria y Zootecnia:

1. **Preparación Académica**:
   - **Matemáticas**: Comienza con los fundamentos matemáticos necesarios para entender conceptos avanzados en medicina veterinaria.
   - **Química**: Es importante dominar la química básica ya que es fundamental en muchos aspectos de la medicina veterinaria.

2. **Primeros Pasos en la Matemática**:
   - **Algebra**: Aprende algebra lineal y cuántica para abordar problemas complejos en medicina veterinaria.
   - **Geometría**: Conocimientos básicos de geometría permiten entender mejor los diseños y estructuras en medicina veterinaria.

3. **Inglés","Ruta educativa sugerida. Primera opción recomendada: BIOLOGÍA: PESQUERÍA, con la mayor probabilidad estimada de ingreso (17.6 %). Alternativas: BIOLOGÍA: ECOLOGÍA (13.2 %) y MEDICINA VETERINARIA Y ZOOTECNIA (8.9 %). Tu fortaleza en Ciencia y Tecnología es coherente con estas opciones. Para mejorar tus posibilidades, refuerza Inglés antes del examen. Estas probabilidades son estimaciones orientativas basadas en postulantes con perfiles similares, no una garantía de resultado.","Ruta educativa sugerida. Primera opción recomendada: BIOLOGÍA: PESQUERÍA, con la mayor probabilidad estimada de ingreso (24.8 %). Alternativas: BIOLOGÍA: ECOLOGÍA (18.2 %) y MEDICINA VETERINARIA Y ZOOTECNIA (17.6 %). Tu fortaleza en Ciencia y Tecnología es coherente con estas opciones. Para mejorar tus posibilidades, refuerza Inglés antes del examen. Estas probabilidades son estimaciones orientativas basadas en postulantes con perfiles similares, no una garantía de resultado."
Perfil del postulante: procede de un colegio público de área urbana (UGEL LAMPA); promedio de secundaria con desempeño satisfactorio; mayor fortaleza en Ciencia y Tecnología y menor en Inglés; postulaciones anteriores: 0; preparación preuniversitaria: academia particular; área de interés: ingenierías. Probabilidades estimadas de ingreso: INGENIERÍA AGRONÓMICA 15.2 %; INGENIERÍA GEOLÓGICA 13.2 %; INGENIERÍA TOPOGRÁFICA Y AGRIMENSURA 13.2 %. Genera una ruta educativa personalizada.,"Ruta educativa sugerida. Primera opción recomendada: INGENIERÍA AGRONÓMICA, con la mayor probabilidad estimada de ingreso (15.2 %). Alternativas: INGENIERÍA GEOLÓGICA (13.2 %) y INGENIERÍA TOPOGRÁFICA Y AGRIMENSURA (13.2 %). Tu fortaleza en Ciencia y Tecnología es coherente con estas opciones. Para mejorar tus posibilidades, refuerza Inglés antes del examen. Estas probabilidades son estimaciones orientativas basadas en postulantes con perfiles similares, no una garantía de resultado.","Basándome en el perfil y las probabilidades proporcionados, aquí tienes una ruta educativa personalizada para que tu postulante pueda aprovechar al máximo sus posibilidades de ingresar a la universidad:

1. **Preparación Académica**:
   - **Matemáticas**: Comienza con los fundamentos matemáticos desde cero. Los temas clave son álgebra, trigonometría, geometría analítica y cálculo.
   - **Ingeniería Básica**: En este punto, puedes introducir conceptos básicos de ciencias de la computación y programación.

2. **Primeros Pasos Universitarios**:
   - **Ingles**: Siempre es importante tener buenos conocimientos de inglés. Considera tomar clases particulares o utilizar aplicaciones como Duolingo o Rosetta Stone para mejorar tus habilidades.
   - **Ciencia y Tecnología**: Continúa con los cursos de física","Ruta educativa sugerida. Primera opción recomendada: INGENIERÍA AGRONÓMICA, con la mayor probabilidad estimada de ingreso (17.6 %). Alternativas: INGENIERÍA GEOLÓGICA (15.2 %) y EDUCACIÓN SECUNDARIA DE LA ESPECIALIDAD DE MATEMÁTICA, FÍSICA, COMPUTACIÓN E INFORMÁTICA (13.2 %). Tu fortaleza en Ciencia y Tecnología es coherente con estas opciones. Para mejorar tus posibilidades, refuerza Inglés antes del examen. Estas probabilidades son estimaciones orientativas basadas en postulantes con perfiles similares, no una garantía de resultado.","Ruta educativa sugerida. Primera opción recomendada: INGENIERÍA AGRONÓMICA, con la mayor probabilidad estimada de ingreso (15.2 %). Alternativas: INGENIERÍA GEOLÓGICA (13.2 %) y INGENIERÍA TOPOGRÁFICA Y AGRIMENSURA (13.2 %). Tu fortaleza en Ciencia y Tecnología es coherente con estas opciones. Para mejorar tus posibilidades, refuerza Inglés antes del examen. Estas probabilidades son estimaciones orientativas basadas en postulantes con perfiles similares, no una garantía de resultado."
Perfil del postulante: procede de un colegio público de área rural (UGEL AZÁNGARO); promedio de secundaria con desempeño satisfactorio; mayor fortaleza en Comunicación y menor en Inglés; postulaciones anteriores: 0; preparación preuniversitaria: academia particular; área de interés: sociales. Probabilidades estimadas de ingreso: SOCIOLOGÍA 10.5 %; TRABAJO SOCIAL 8.9 %; CIENCIAS CONTABLES 5.8 %. Genera una ruta educativa personalizada.,"Ruta educativa sugerida. Primera opción recomendada: SOCIOLOGÍA, con la mayor probabilidad estimada de ingreso (10.5 %). Alternativas: TRABAJO SOCIAL (8.9 %) y CIENCIAS CONTABLES (5.8 %). Tu fortaleza en Comunicación es coherente con estas opciones. Para mejorar tus posibilidades, refuerza Inglés antes del examen. Estas probabilidades son estimaciones orientativas basadas en postulantes con perfiles similares, no una garantía de resultado.","Basándome en el perfil proporcionado, aquí tienes una ruta educativa personalizada para que tu postulante pueda aprovechar sus fortalezas y potencial:

1. **Comenzar su educación universitaria**: En este punto, considerando los resultados de la prueba SAT, es probable que tu postulante deba concentrarse en carreras donde haya más posibilidades de éxito. Por lo tanto, se recomienda comenzar con una carrera en Ciencias Sociales.

2. **Iniciar en la carrera de Trabajo Social**: Esta opción tiene una probabilidad de 8.9%, lo cual es bastante alta debido a que tu postulante ha demostrado fortalezas en Comunicación y ya está familiarizado con el tema social. La carrera de Trabajo Social te permitirá aplicar tus habilidades comunicativas y también aprenderás sobre la intervención social y la gestión de conflictos.

3. **Continuar en la carrera de Cont","Ruta educativa sugerida. Primera opción recomendada: SOCIOLOGÍA, con la mayor probabilidad estimada de ingreso (17.6 %). Alternativas: TRABAJO SOCIAL (15.2 %) y ADMINISTRACIÓN (13.2 %). Tu fortaleza en Comunicación es coherente con estas opciones. Para mejorar tus posibilidades, refuerza Inglés antes del examen. Estas probabilidades son estimaciones orientativas basadas en postulantes con perfiles similares, no una garantía de resultado.","Ruta educativa sugerida. Primera opción recomendada: SOCIOLOGÍA, con la mayor probabilidad estimada de ingreso (10.5 %). Alternativas: TRABAJO SOCIAL (8.9 %) y CIENCIAS CONTABLES (5.8 %). Tu fortaleza en Comunicación es coherente con estas opciones. Para mejorar tus posibilidades, refuerza Inglés antes del examen. Estas probabilidades son estimaciones orientativas basadas en postulantes con perfiles similares, no una garantía de resultado."
Perfil del postulante: procede de un colegio privado de área nan (UGEL PUNO); promedio de secundaria con desempeño satisfactorio; mayor fortaleza en Comunicación y menor en Ciencia y Tecnología; postulaciones anteriores: 0; preparación preuniversitaria: ninguna; área de interés: biomédicas. Probabilidades estimadas de ingreso: BIOLOGÍA: PESQUERÍA 8.9 %; BIOLOGÍA: ECOLOGÍA 5.8 %; ODONTOLOGÍA 4.8 %. Genera una ruta educativa personalizada.,"Ruta educativa sugerida. Primera opción recomendada: BIOLOGÍA: PESQUERÍA, con la mayor probabilidad estimada de ingreso (8.9 %). Alternativas: BIOLOGÍA: ECOLOGÍA (5.8 %) y ODONTOLOGÍA (4.8 %). Tu fortaleza en Comunicación es coherente con estas opciones. Para mejorar tus posibilidades, refuerza Ciencia y Tecnología antes del examen y considera una preparación preuniversitaria estructurada. Estas probabilidades son estimaciones orientativas basadas en postulantes con perfiles similares, no una garantía de resultado.","Basándome en el perfil proporcionado, aquí tienes una ruta educativa personalizada para que tu postulante pueda tener más posibilidades de ingresar a la carrera de Biomédica:

1. **Preparación Preuniversitaria**:
   - Si aún no ha realizado preparación previa, considera inscribirse en un curso de matemáticas avanzadas o física.
   - También podría ser útil tomar cursos de inglés, ya que es importante en ciencias.

2. **Comunicación**:
   - Mantén un buen desempeño en sus asignaturas de comunicación, especialmente en habilidades orales y escritas.
   - Considerar estudios adicionales en idiomas relacionados al campo de la medicina como francés o italiano.

3. **Ciencia y Tecnología**:
   - Asegúrate de mantener un buen desempeño en materias de química, biología y física.
   -","Ruta educativa sugerida. Primera opción recomendada: BIOLOGÍA: ECOLOGÍA, con la mayor probabilidad estimada de ingreso (17.6 %). Alternativas: BIOLOGÍA: PESQUERÍA (17.6 %) y NUTRICIÓN HUMANA (12.3 %). Tu fortaleza en Comunicación es coherente con estas opciones. Para mejorar tus posibilidades, refuerza Ciencia y Tecnología antes del examen y considera una preparación preuniversitaria estructurada. Estas probabilidades son estimaciones orientativas basadas en postulantes con perfiles similares, no una garantía de resultado.","Ruta educativa sugerida. Primera opción recomendada: BIOLOGÍA: PESQUERÍA, con la mayor probabilidad estimada de ingreso (8.9 %). Alternativas: BIOLOGÍA: ECOLOGÍA (5.8 %) y ODONTOLOGÍA (4.8 %). Tu fortaleza en Comunicación es coherente con estas opciones. Para mejorar tus posibilidades, refuerza Ciencia y Tecnología antes del examen y considera una preparación preuniversitaria estructurada. Estas probabilidades son estimaciones orientativas basadas en postulantes con perfiles similares, no una garantía de resultado."
Perfil del postulante: procede de un colegio público de área urbana (UGEL PUNO); promedio de secundaria con desempeño satisfactorio; mayor fortaleza en Ciencias Sociales y menor en Matemática; postulaciones anteriores: 1; preparación preuniversitaria: cepreuna; área de interés: sociales. Probabilidades estimadas de ingreso: TRABAJO SOCIAL 17.6 %; SOCIOLOGÍA 17.6 %; CIENCIAS CONTABLES 15.2 %. Genera una ruta educativa personalizada.,"Ruta educativa sugerida. Primera opción recomendada: TRABAJO SOCIAL, con la mayor probabilidad estimada de ingreso (17.6 %). Alternativas: SOCIOLOGÍA (17.6 %) y CIENCIAS CONTABLES (15.2 %). Tu fortaleza en Ciencias Sociales es coherente con estas opciones. Para mejorar tus posibilidades, refuerza Matemática antes del examen. Estas probabilidades son estimaciones orientativas basadas en postulantes con perfiles similares, no una garantía de resultado.","Basado en el perfil proporcionado, aquí tienes una ruta educativa personalizada para que tu postulante pueda aprovechar sus fortalezas y potencial:

1. **Primera Semana**: 
   - **Matemáticas**: Comienza con los fundamentos matemáticos en la escuela primaria o secundaria.
   - **Ciencias Sociales**: Aprende sobre diferentes culturas y sociedades.

2. **Segunda Semana**:
   - **Ciencias Sociales**: Continúa aprendiendo sobre diferentes culturas y sociedades.
   - **Matemáticas**: Revisa conceptos básicos de álgebra y geometría.

3. **Tercera Semana**:
   - **Ciencias Sociales**: Expande su conocimiento sobre temas como historia, política y economía.
   - **Matemáticas**: Practica problemas de algebra y geometría.

4. **Cuarta Semana**:
   - **Ciencias","Ruta educativa sugerida. Primera opción recomendada: SOCIOLOGÍA, con la mayor probabilidad estimada de ingreso (26.8 %). Alternativas: TRABAJO SOCIAL (25.9 %) y ADMINISTRACIÓN (20.7 %). Tu fortaleza en Ciencias Sociales es coherente con estas opciones. Para mejorar tus posibilidades, refuerza Matemática antes del examen. Estas probabilidades son estimaciones orientativas basadas en postulantes con perfiles similares, no una garantía de resultado.","Ruta educativa sugerida. Primera opción recomendada: TRABAJO SOCIAL, con la mayor probabilidad estimada de ingreso (17.6 %). Alternativas: SOCIOLOGÍA (17.6 %) y CIENCIAS CONTABLES (15.2 %). Tu fortaleza en Ciencias Sociales es coherente con estas opciones. Para mejorar tus posibilidades, refuerza Matemática antes del examen. Estas probabilidades son estimaciones orientativas basadas en postulantes con perfiles similares, no una garantía de resultado."
Perfil del postulante: procede de un colegio público de área urbana (UGEL SAN ROMÁN); promedio de secundaria con desempeño satisfactorio; mayor fortaleza en Comunicación y menor en Inglés; postulaciones anteriores: 0; preparación preuniversitaria: cepreuna; área de interés: biomédicas. Probabilidades estimadas de ingreso: BIOLOGÍA: PESQUERÍA 42.2 %; MEDICINA VETERINARIA Y ZOOTECNIA 36.7 %; NUTRICIÓN HUMANA 36.7 %. Genera una ruta educativa personalizada.,"Ruta educativa sugerida. Primera opción recomendada: BIOLOGÍA: PESQUERÍA, con la mayor probabilidad estimada de ingreso (42.2 %). Alternativas: MEDICINA VETERINARIA Y ZOOTECNIA (36.7 %) y NUTRICIÓN HUMANA (36.7 %). Tu fortaleza en Comunicación es coherente con estas opciones. Para mejorar tus posibilidades, refuerza Inglés antes del examen. Estas probabilidades son estimaciones orientativas basadas en postulantes con perfiles similares, no una garantía de resultado.","Basándome en el perfil proporcionado, aquí tienes una ruta educativa personalizada para que tu postulante pueda aprovechar al máximo sus posibilidades de ingreso:

1. **Comenzar su preparación universitaria**: 
   - **Primera Semana**: Estudiar los requisitos de admisión de la carrera de Biomédica.
   - **Segunda Semana**: Comprender cómo se evalúa la preparación previa en la universidad.

2. **Preparación Preuniversitaria**:
   - **Cepreuna**: Continuar con la preparación para este examen, ya que es importante para entrar a la universidad.
   - **Primeros Temas**: Enseñarles sobre los temas básicos de la carrera de Biomédica, como química, biología o física.

3. **Estudios Universitarios**:
   - **Biomédica**:","Ruta educativa sugerida. Primera opción recomendada: BIOLOGÍA: ECOLOGÍA, con la mayor probabilidad estimada de ingreso (17.6 %). Alternativas: BIOLOGÍA: PESQUERÍA (17.6 %) y NUTRICIÓN HUMANA (12.3 %). Tu fortaleza en Comunicación es coherente con estas opciones. Para mejorar tus posibilidades, refuerza Inglés antes del examen. Estas probabilidades son estimaciones orientativas basadas en postulantes con perfiles similares, no una garantía de resultado.","Ruta educativa sugerida. Primera opción recomendada: BIOLOGÍA: PESQUERÍA, con la mayor probabilidad estimada de ingreso (42.2 %). Alternativas: MEDICINA VETERINARIA Y ZOOTECNIA (36.7 %) y NUTRICIÓN HUMANA (36.7 %). Tu fortaleza en Comunicación es coherente con estas opciones. Para mejorar tus posibilidades, refuerza Inglés antes del examen. Estas probabilidades son estimaciones orientativas basadas en postulantes con perfiles similares, no una garantía de resultado."
Perfil del postulante: procede de un colegio público de área rural (UGEL AZÁNGARO); promedio de secundaria con desempeño satisfactorio; mayor fortaleza en Comunicación y menor en Ciencia y Tecnología; postulaciones anteriores: 0; preparación preuniversitaria: ninguna; área de interés: biomédicas. Probabilidades estimadas de ingreso: BIOLOGÍA: PESQUERÍA 2.9 %; BIOLOGÍA: ECOLOGÍA 2.4 %; NUTRICIÓN HUMANA 1.7 %. Genera una ruta educativa personalizada.,"Ruta educativa sugerida. Primera opción recomendada: BIOLOGÍA: PESQUERÍA, con la mayor probabilidad estimada de ingreso (2.9 %). Alternativas: BIOLOGÍA: ECOLOGÍA (2.4 %) y NUTRICIÓN HUMANA (1.7 %). Tu fortaleza en Comunicación es coherente con estas opciones. Para mejorar tus posibilidades, refuerza Ciencia y Tecnología antes del examen y considera una preparación preuniversitaria estructurada. Estas probabilidades son estimaciones orientativas basadas en postulantes con perfiles similares, no una garantía de resultado.","Basándome en el perfil proporcionado, aquí tienes una ruta educativa personalizada para que tu postulante pueda aprovechar al máximo sus posibilidades de ingresar a la carrera de Biomédica:

1. **Comenzar desde cero**: Si aún no ha tomado clases universitarias, comenzaría por revisar los fundamentos de la matemática básica, especialmente álgebra y trigonometría, ya que serán necesarios para muchas materias científicas.

2. **Primer año universitario**:
   - **Primera Semana**: Inicia con la Matemáticas I, donde se introducirán conceptos básicos como funciones, ecuaciones lineales e hipercubicas.
   - **Segunda Semana**: Enseñanza de la Física I, donde aprenderá sobre física de partículas y energía.
   - **Tercera Semana**: Se inicia con la Química I","Ruta educativa sugerida. Primera opción recomendada: BIOLOGÍA: ECOLOGÍA, con la mayor probabilidad estimada de ingreso (17.6 %). Alternativas: BIOLOGÍA: PESQUERÍA (17.6 %) y NUTRICIÓN HUMANA (12.3 %). Tu fortaleza en Comunicación es coherente con estas opciones. Para mejorar tus posibilidades, refuerza Ciencia y Tecnología antes del examen y considera una preparación preuniversitaria estructurada. Estas probabilidades son estimaciones orientativas basadas en postulantes con perfiles similares, no una garantía de resultado.","Ruta educativa sugerida. Primera opción recomendada: BIOLOGÍA: PESQUERÍA, con la mayor probabilidad estimada de ingreso (2.9 %). Alternativas: BIOLOGÍA: ECOLOGÍA (2.4 %) y NUTRICIÓN HUMANA (1.7 %). Tu fortaleza en Comunicación es coherente con estas opciones. Para mejorar tus posibilidades, refuerza Ciencia y Tecnología antes del examen y considera una preparación preuniversitaria estructurada. Estas probabilidades son estimaciones orientativas basadas en postulantes con perfiles similares, no una garantía de resultado."
Perfil del postulante: procede de un colegio público de área rural (UGEL AZÁNGARO); promedio de secundaria con desempeño satisfactorio; mayor fortaleza en Comunicación y menor en Matemática; postulaciones anteriores: 0; preparación preuniversitaria: autoestudio; área de interés: biomédicas. Probabilidades estimadas de ingreso: BIOLOGÍA: PESQUERÍA 42.2 %; BIOLOGÍA: ECOLOGÍA 41.7 %; NUTRICIÓN HUMANA 36.7 %. Genera una ruta educativa personalizada.,"Ruta educativa sugerida. Primera opción recomendada: BIOLOGÍA: PESQUERÍA, con la mayor probabilidad estimada de ingreso (42.2 %). Alternativas: BIOLOGÍA: ECOLOGÍA (41.7 %) y NUTRICIÓN HUMANA (36.7 %). Tu fortaleza en Comunicación es coherente con estas opciones. Para mejorar tus posibilidades, refuerza Matemática antes del examen. Estas probabilidades son estimaciones orientativas basadas en postulantes con perfiles similares, no una garantía de resultado.","Basándome en el perfil proporcionado, puedo generar una ruta educativa para que tu postulante pueda aprovechar al máximo sus habilidades y fortalezas, mientras se adapte a su nivel de dificultad.

**Primera Semana:**

- **Comunicación:** 
    - **Actividad 1:** Participar en sesiones de debate o charlas informativas.
    - **Actividad 2:** Realizar presentaciones personales sobre temas interesantes.
    - **Actividad 3:** Asistir a conferencias o seminarios relacionados con su área de interés.

- **Matemáticas:**
    - **Actividad 1:** Resolver problemas prácticos diariamente.
    - **Actividad 2:** Practicar cálculos básicos y álgebra.
    - **Actividad 3:** Utilizar aplicaciones matemáticas en actividades cotidianas.

**Segunda Semana:**

- **","Ruta educativa sugerida. Primera opción recomendada: BIOLOGÍA: ECOLOGÍA, con la mayor probabilidad estimada de ingreso (17.6 %). Alternativas: BIOLOGÍA: PESQUERÍA (17.6 %) y NUTRICIÓN HUMANA (12.3 %). Tu fortaleza en Comunicación es coherente con estas opciones. Para mejorar tus posibilidades, refuerza Matemática antes del examen. Estas probabilidades son estimaciones orientativas basadas en postulantes con perfiles similares, no una garantía de resultado.","Ruta educativa sugerida. Primera opción recomendada: BIOLOGÍA: PESQUERÍA, con la mayor probabilidad estimada de ingreso (42.2 %). Alternativas: BIOLOGÍA: ECOLOGÍA (41.7 %) y NUTRICIÓN HUMANA (36.7 %). Tu fortaleza en Comunicación es coherente con estas opciones. Para mejorar tus posibilidades, refuerza Matemática antes del examen. Estas probabilidades son estimaciones orientativas basadas en postulantes con perfiles similares, no una garantía de resultado."
Perfil del postulante: procede de un colegio público de área urbana (UGEL MELGAR); promedio de secundaria con desempeño satisfactorio; mayor fortaleza en Ciencias Sociales y menor en Inglés; postulaciones anteriores: 0; preparación preuniversitaria: academia particular; área de interés: ingenierías. Probabilidades estimadas de ingreso: ARQUITECTURA Y URBANISMO 36.7 %; INGENIERÍA AGRONÓMICA 36.7 %; INGENIERÍA TOPOGRÁFICA Y AGRIMENSURA 36.7 %. Genera una ruta educativa personalizada.,"Ruta educativa sugerida. Primera opción recomendada: ARQUITECTURA Y URBANISMO, con la mayor probabilidad estimada de ingreso (36.7 %). Alternativas: INGENIERÍA AGRONÓMICA (36.7 %) y INGENIERÍA TOPOGRÁFICA Y AGRIMENSURA (36.7 %). Tu fortaleza en Ciencias Sociales es coherente con estas opciones. Para mejorar tus posibilidades, refuerza Inglés antes del examen. Estas probabilidades son estimaciones orientativas basadas en postulantes con perfiles similares, no una garantía de resultado.","Basándome en el perfil proporcionado, aquí tienes una ruta educativa personalizada para que tu postulante pueda tener más posibilidades de ingresar a las carreras elegidas:

1. **Preparación Académica**:
   - **Primera Semana**: Comienza con los fundamentos de la matemática básica y ciencias naturales.
   - **Segunda Semana**: Enseñanza de lógica matemática y física.
   - **Tercera Semana**: Continúa con la matemática avanzada, especialmente álgebra y trigonometría.

2. **Inglés**:
   - **Primer Semestre**: Se concentra en gramática básica y vocabulario.
   - **Segundo Semestre**: Introducción al idioma inglés, incluyendo conversación práctica.

3. **Ciencias Sociales**:
   - **Primer Semestre**: Estudios sobre historia, geografía y","Ruta educativa sugerida. Primera opción recomendada: INGENIERÍA AGRONÓMICA, con la mayor probabilidad estimada de ingreso (17.6 %). Alternativas: INGENIERÍA GEOLÓGICA (15.2 %) y EDUCACIÓN SECUNDARIA DE LA ESPECIALIDAD DE MATEMÁTICA, FÍSICA, COMPUTACIÓN E INFORMÁTICA (13.2 %). Tu fortaleza en Ciencias Sociales es coherente con estas opciones. Para mejorar tus posibilidades, refuerza Inglés antes del examen. Estas probabilidades son estimaciones orientativas basadas en postulantes con perfiles similares, no una garantía de resultado.","Ruta educativa sugerida. Primera opción recomendada: ARQUITECTURA Y URBANISMO, con la mayor probabilidad estimada de ingreso (36.7 %). Alternativas: INGENIERÍA AGRONÓMICA (36.7 %) y INGENIERÍA TOPOGRÁFICA Y AGRIMENSURA (36.7 %). Tu fortaleza en Ciencias Sociales es coherente con estas opciones. Para mejorar tus posibilidades, refuerza Inglés antes del examen. Estas probabilidades son estimaciones orientativas basadas en postulantes con perfiles similares, no una garantía de resultado."
Perfil del postulante: procede de un colegio público de área urbana (UGEL MELGAR); promedio de secundaria con desempeño satisfactorio; mayor fortaleza en Matemática y menor en Inglés; postulaciones anteriores: 0; preparación preuniversitaria: academia particular; área de interés: sociales. Probabilidades estimadas de ingreso: ADMINISTRACIÓN 5.8 %; CIENCIAS CONTABLES 5.8 %; TRABAJO SOCIAL 5.8 %. Genera una ruta educativa personalizada.,"Ruta educativa sugerida. Primera opción recomendada: ADMINISTRACIÓN, con la mayor probabilidad estimada de ingreso (5.8 %). Alternativas: CIENCIAS CONTABLES (5.8 %) y TRABAJO SOCIAL (5.8 %). Tu fortaleza en Matemática es coherente con estas opciones. Para mejorar tus posibilidades, refuerza Inglés antes del examen. Estas probabilidades son estimaciones orientativas basadas en postulantes con perfiles similares, no una garantía de resultado.","Basándome en el perfil proporcionado, puedo generar una ruta educativa para que tu postulante tenga más posibilidades de ingresar a los campos de estudio elegidos.

1. **Matemáticas**: 
   - Continuar tus estudios en matemáticas en secundario.
   - Considerar opciones como matemáticas aplicadas o ingeniería en computación si es interesado en ciencias de datos o programación.
   - Si no se sienten cómodos con este camino, considerar carreras como administración de empresas o economía también pueden ser interesantes.

2. **Inglés**:
   - Aunque tu postulante tiene menos fortaleza en inglés, puede seguir sus estudios en secundario.
   - Considerar cursos adicionales en inglés durante su preparación preuniversitaria.
   - Si aún no ha tomado clases de inglés, podría considerar cursar un curso de inglés básico antes de entrar","Ruta educativa sugerida. Primera opción recomendada: SOCIOLOGÍA, con la mayor probabilidad estimada de ingreso (17.6 %). Alternativas: ADMINISTRACIÓN (13.2 %) y EDUCACIÓN FÍSICA (13.2 %). Tu fortaleza en Matemática es coherente con estas opciones. Para mejorar tus posibilidades, refuerza Inglés antes del examen. Estas probabilidades son estimaciones orientativas basadas en postulantes con perfiles similares, no una garantía de resultado.","Ruta educativa sugerida. Primera opción recomendada: ADMINISTRACIÓN, con la mayor probabilidad estimada de ingreso (5.8 %). Alternativas: CIENCIAS CONTABLES (5.8 %) y TRABAJO SOCIAL (5.8 %). Tu fortaleza en Matemática es coherente con estas opciones. Para mejorar tus posibilidades, refuerza Inglés antes del examen. Estas probabilidades son estimaciones orientativas basadas en postulantes con perfiles similares, no una garantía de resultado."
Perfil del postulante: procede de un colegio público de área urbana (UGEL AZÁNGARO); promedio de secundaria con desempeño satisfactorio; mayor fortaleza en Comunicación y menor en Inglés; postulaciones anteriores: 0; preparación preuniversitaria: autoestudio; área de interés: ingenierías. Probabilidades estimadas de ingreso: INGENIERÍA TOPOGRÁFICA Y AGRIMENSURA 24.8 %; INGENIERÍA MECÁNICA ELÉCTRICA 20.7 %; INGENIERÍA AGRONÓMICA 18.2 %. Genera una ruta educativa personalizada.,"Ruta educativa sugerida. Primera opción recomendada: INGENIERÍA TOPOGRÁFICA Y AGRIMENSURA, con la mayor probabilidad estimada de ingreso (24.8 %). Alternativas: INGENIERÍA MECÁNICA ELÉCTRICA (20.7 %) y INGENIERÍA AGRONÓMICA (18.2 %). Tu fortaleza en Comunicación es coherente con estas opciones. Para mejorar tus posibilidades, refuerza Inglés antes del examen. Estas probabilidades son estimaciones orientativas basadas en postulantes con perfiles similares, no una garantía de resultado.","Basándome en el perfil y las probabilidades proporcionados, aquí tienes una ruta educativa personalizada para que tu postulante pueda aprovechar al máximo sus posibilidades:

1. **Comenzar su preparación universitaria**: 
   - **Primera Semana**: Estudiar los requisitos básicos para ingresar a la universidad.
   - **Segunda Semana**: Comenzar a estudiar inglés básico, ya que es menos fuerte en este área.

2. **Preparación para la matrícula**:
   - **Tercera Semana**: Realizar la matrícula en la universidad.
   - **Cuarta Semana**: Comenzar a tomar clases de inglés avanzado si aún no lo han hecho.

3. **Iniciación en la carrera de Ingeniería Topográfica y Agrimensura**:
   - **Quinta Semana**: Comenzar a aprender sobre geografía,","Ruta educativa sugerida. Primera opción recomendada: INGENIERÍA AGRONÓMICA, con la mayor probabilidad estimada de ingreso (17.6 %). Alternativas: INGENIERÍA GEOLÓGICA (15.2 %) y EDUCACIÓN SECUNDARIA DE LA ESPECIALIDAD DE MATEMÁTICA, FÍSICA, COMPUTACIÓN E INFORMÁTICA (13.2 %). Tu fortaleza en Comunicación es coherente con estas opciones. Para mejorar tus posibilidades, refuerza Inglés antes del examen. Estas probabilidades son estimaciones orientativas basadas en postulantes con perfiles similares, no una garantía de resultado.","Ruta educativa sugerida. Primera opción recomendada: INGENIERÍA TOPOGRÁFICA Y AGRIMENSURA, con la mayor probabilidad estimada de ingreso (24.8 %). Alternativas: INGENIERÍA MECÁNICA ELÉCTRICA (20.7 %) y INGENIERÍA AGRONÓMICA (18.2 %). Tu fortaleza en Comunicación es coherente con estas opciones. Para mejorar tus posibilidades, refuerza Inglés antes del examen. Estas probabilidades son estimaciones orientativas basadas en postulantes con perfiles similares, no una garantía de resultado."
Perfil del postulante: procede de un colegio público de área rural (UGEL LAMPA); promedio de secundaria con desempeño satisfactorio; mayor fortaleza en Ciencia y Tecnología y menor en Matemática; postulaciones anteriores: 1; preparación preuniversitaria: academia particular; área de interés: ingenierías. Probabilidades estimadas de ingreso: INGENIERÍA AGRONÓMICA 27.9 %; INGENIERÍA GEOLÓGICA 27.9 %; INGENIERÍA TOPOGRÁFICA Y AGRIMENSURA 27.9 %. Genera una ruta educativa personalizada.,"Ruta educativa sugerida. Primera opción recomendada: INGENIERÍA AGRONÓMICA, con la mayor probabilidad estimada de ingreso (27.9 %). Alternativas: INGENIERÍA GEOLÓGICA (27.9 %) y INGENIERÍA TOPOGRÁFICA Y AGRIMENSURA (27.9 %). Tu fortaleza en Ciencia y Tecnología es coherente con estas opciones. Para mejorar tus posibilidades, refuerza Matemática antes del examen. Estas probabilidades son estimaciones orientativas basadas en postulantes con perfiles similares, no una garantía de resultado.","Basándome en el perfil y las probabilidades proporcionados, aquí tienes una ruta educativa personalizada para que tu postulante pueda aprovechar al máximo sus posibilidades:

1. **Reforzar conocimientos en Ciencias y Tecnología**: 
   - Continuar con los estudios en secundario para profundizar en materias como física, química y matemáticas.
   - Considerar opciones adicionales como cursos avanzados o especializaciones en ciencias naturales.

2. **Prepararse para la matemática**:
   - Si aún se consideran dificultades, buscar tutoría o clases particulares en matemáticas.
   - Considerar opciones de preparación para concursos de matemáticas o competencias escolares.

3. **Formación en Ingenierías**:
   - Enseñanza técnica en secundario puede ser beneficiosa.
   - Considerar carreras como ingeniería agron","Ruta educativa sugerida. Primera opción recomendada: INGENIERÍA AGRONÓMICA, con la mayor probabilidad estimada de ingreso (26.8 %). Alternativas: INGENIERÍA GEOLÓGICA (25.9 %) y EDUCACIÓN SECUNDARIA DE LA ESPECIALIDAD DE MATEMÁTICA, FÍSICA, COMPUTACIÓN E INFORMÁTICA (23.4 %). Tu fortaleza en Ciencia y Tecnología es coherente con estas opciones. Para mejorar tus posibilidades, refuerza Matemática antes del examen. Estas probabilidades son estimaciones orientativas basadas en postulantes con perfiles similares, no una garantía de resultado.","Ruta educativa sugerida. Primera opción recomendada: INGENIERÍA AGRONÓMICA, con la mayor probabilidad estimada de ingreso (27.9 %). Alternativas: INGENIERÍA GEOLÓGICA (27.9 %) y INGENIERÍA TOPOGRÁFICA Y AGRIMENSURA (27.9 %). Tu fortaleza en Ciencia y Tecnología es coherente con estas opciones. Para mejorar tus posibilidades, refuerza Matemática antes del examen. Estas probabilidades son estimaciones orientativas basadas en postulantes con perfiles similares, no una garantía de resultado."
"Perfil del postulante: procede de un colegio público de área urbana (UGEL SAN ROMÁN); promedio de secundaria con desempeño satisfactorio; mayor fortaleza en Ciencias Sociales y menor en Ciencia y Tecnología; postulaciones anteriores: 0; preparación preuniversitaria: academia particular; área de interés: ingenierías. Probabilidades estimadas de ingreso: INGENIERÍA TOPOGRÁFICA Y AGRIMENSURA 31.6 %; EDUCACIÓN SECUNDARIA DE LA ESPECIALIDAD DE MATEMÁTICA, FÍSICA, COMPUTACIÓN E INFORMÁTICA 31.1 %; INGENIERÍA MECÁNICA ELÉCTRICA 31.1 %. Genera una ruta educativa personalizada.","Ruta educativa sugerida. Primera opción recomendada: INGENIERÍA TOPOGRÁFICA Y AGRIMENSURA, con la mayor probabilidad estimada de ingreso (31.6 %). Alternativas: EDUCACIÓN SECUNDARIA DE LA ESPECIALIDAD DE MATEMÁTICA, FÍSICA, COMPUTACIÓN E INFORMÁTICA (31.1 %) y INGENIERÍA MECÁNICA ELÉCTRICA (31.1 %). Tu fortaleza en Ciencias Sociales es coherente con estas opciones. Para mejorar tus posibilidades, refuerza Ciencia y Tecnología antes del examen. Estas probabilidades son estimaciones orientativas basadas en postulantes con perfiles similares, no una garantía de resultado.","Basándome en el perfil y las probabilidades proporcionados, puedo generar una ruta educativa personalizada para que tu postulante pueda aprovechar al máximo sus habilidades y fortalezas. Aquí te presento algunas sugerencias:

1. **Iniciales**: Comienza con los primeros años universitarios. En este caso, podrías considerar estudiar Ingeniería Topográfica o Agrimensura. Ambas carreras requieren conocimientos sólidos en Geografía e Historia, lo cual es fuerte en tu postulante.

2. **Geografía e Historia**: Inicia tus estudios en Geografía y/o Historia. Estudiar estas materias te permitirá entender mejor la naturaleza de la Tierra y cómo interactúan con otros campos como la topografía y la agrimensura.

3. **Matemáticas y Física**: Siempre es importante tener una base sólida en Matemáticas","Ruta educativa sugerida. Primera opción recomendada: INGENIERÍA AGRONÓMICA, con la mayor probabilidad estimada de ingreso (17.6 %). Alternativas: INGENIERÍA GEOLÓGICA (15.2 %) y EDUCACIÓN SECUNDARIA DE LA ESPECIALIDAD DE MATEMÁTICA, FÍSICA, COMPUTACIÓN E INFORMÁTICA (13.2 %). Tu fortaleza en Ciencias Sociales es coherente con estas opciones. Para mejorar tus posibilidades, refuerza Ciencia y Tecnología antes del examen. Estas probabilidades son estimaciones orientativas basadas en postulantes con perfiles similares, no una garantía de resultado.","Ruta educativa sugerida. Primera opción recomendada: INGENIERÍA TOPOGRÁFICA Y AGRIMENSURA, con la mayor probabilidad estimada de ingreso (31.6 %). Alternativas: EDUCACIÓN SECUNDARIA DE LA ESPECIALIDAD DE MATEMÁTICA, FÍSICA, COMPUTACIÓN E INFORMÁTICA (31.1 %) y INGENIERÍA MECÁNICA ELÉCTRICA (31.1 %). Tu fortaleza en Ciencias Sociales es coherente con estas opciones. Para mejorar tus posibilidades, refuerza Ciencia y Tecnología antes del examen. Estas probabilidades son estimaciones orientativas basadas en postulantes con perfiles similares, no una garantía de resultado."
Perfil del postulante: procede de un colegio público de área rural (UGEL MELGAR); promedio de secundaria con desempeño satisfactorio; mayor fortaleza en Ciencia y Tecnología y menor en Comunicación; postulaciones anteriores: 0; preparación preuniversitaria: nan; área de interés: sociales. Probabilidades estimadas de ingreso: SOCIOLOGÍA 5.3 %; TRABAJO SOCIAL 4.8 %; ADMINISTRACIÓN 2.9 %. Genera una ruta educativa personalizada.,"Ruta educativa sugerida. Primera opción recomendada: SOCIOLOGÍA, con la mayor probabilidad estimada de ingreso (5.3 %). Alternativas: TRABAJO SOCIAL (4.8 %) y ADMINISTRACIÓN (2.9 %). Tu fortaleza en Ciencia y Tecnología es coherente con estas opciones. Para mejorar tus posibilidades, refuerza Comunicación antes del examen. Estas probabilidades son estimaciones orientativas basadas en postulantes con perfiles similares, no una garantía de resultado.","Basándome en el perfil proporcionado, aquí tienes una ruta educativa personalizada para que tu postulante pueda aprovechar sus fortalezas y potencial:

1. **Primera Semana**: 
   - **Iniciación al Estudio**: Inicia con los fundamentos de la educación superior, como matemáticas básicas y ciencias naturales.
   - **Comunicación**: Aprende habilidades básicas de comunicación escrita y oral.

2. **Segunda Semana**:
   - **Ciencia y Tecnología**: Continúa con materias relacionadas con esta área, como física o química.
   - **Tecnología**: Siempre presente en este perfil, puedes introducirles a herramientas tecnológicas y programación básica.

3. **Tercera Semana**:
   - **Social Science**: Comienza con asignaturas relacionadas con la sociología, ya que es su área de interés.
   -","Ruta educativa sugerida. Primera opción recomendada: SOCIOLOGÍA, con la mayor probabilidad estimada de ingreso (17.6 %). Alternativas: EDUCACIÓN FÍSICA (15.2 %) y TRABAJO SOCIAL (13.2 %). Tu fortaleza en Ciencia y Tecnología es coherente con estas opciones. Para mejorar tus posibilidades, refuerza Comunicación antes del examen. Estas probabilidades son estimaciones orientativas basadas en postulantes con perfiles similares, no una garantía de resultado.","Ruta educativa sugerida. Primera opción recomendada: SOCIOLOGÍA, con la mayor probabilidad estimada de ingreso (5.3 %). Alternativas: TRABAJO SOCIAL (4.8 %) y ADMINISTRACIÓN (2.9 %). Tu fortaleza en Ciencia y Tecnología es coherente con estas opciones. Para mejorar tus posibilidades, refuerza Comunicación antes del examen. Estas probabilidades son estimaciones orientativas basadas en postulantes con perfiles similares, no una garantía de resultado."
Perfil del postulante: procede de un colegio público de área urbana (UGEL YUNGUYO); promedio de secundaria con desempeño satisfactorio; mayor fortaleza en Ciencias Sociales y menor en Inglés; postulaciones anteriores: 0; preparación preuniversitaria: nan; área de interés: ingenierías. Probabilidades estimadas de ingreso: INGENIERÍA AGRONÓMICA 15.2 %; INGENIERÍA GEOLÓGICA 13.2 %; INGENIERÍA TOPOGRÁFICA Y AGRIMENSURA 13.2 %. Genera una ruta educativa personalizada.,"Ruta educativa sugerida. Primera opción recomendada: INGENIERÍA AGRONÓMICA, con la mayor probabilidad estimada de ingreso (15.2 %). Alternativas: INGENIERÍA GEOLÓGICA (13.2 %) y INGENIERÍA TOPOGRÁFICA Y AGRIMENSURA (13.2 %). Tu fortaleza en Ciencias Sociales es coherente con estas opciones. Para mejorar tus posibilidades, refuerza Inglés antes del examen. Estas probabilidades son estimaciones orientativas basadas en postulantes con perfiles similares, no una garantía de resultado.","Basándome en el perfil proporcionado, aquí tienes una ruta educativa personalizada para que tu postulante pueda tener más oportunidades de éxito:

1. **Reforzar conocimientos en Ciencias Sociales**: Considerando que es su fortaleza, puedes enfocar tus estudios en áreas relacionadas como Geografía, Historia, Economía o Sociología. Esto te permitirá profundizar en temas importantes para futuras carreras en Ingenierías.

2. **Inglés**: Si aún no ha alcanzado niveles suficientes en inglés, considera tomar clases particulares o utilizar aplicaciones de aprendizaje en línea. También puedes optar por cursos de idioma en universidades cercanas.

3. **Preparación Preuniversitaria**: Para mejorar sus posibilidades de ingresar a las carreras de Ingeniería, considera tomar matemáticas avanzadas, física, química y ciencias de la computación","Ruta educativa sugerida. Primera opción recomendada: INGENIERÍA AGRONÓMICA, con la mayor probabilidad estimada de ingreso (17.6 %). Alternativas: INGENIERÍA GEOLÓGICA (15.2 %) y EDUCACIÓN SECUNDARIA DE LA ESPECIALIDAD DE MATEMÁTICA, FÍSICA, COMPUTACIÓN E INFORMÁTICA (13.2 %). Tu fortaleza en Ciencias Sociales es coherente con estas opciones. Para mejorar tus posibilidades, refuerza Inglés antes del examen. Estas probabilidades son estimaciones orientativas basadas en postulantes con perfiles similares, no una garantía de resultado.","Ruta educativa sugerida. Primera opción recomendada: INGENIERÍA AGRONÓMICA, con la mayor probabilidad estimada de ingreso (15.2 %). Alternativas: INGENIERÍA GEOLÓGICA (13.2 %) y INGENIERÍA TOPOGRÁFICA Y AGRIMENSURA (13.2 %). Tu fortaleza en Ciencias Sociales es coherente con estas opciones. Para mejorar tus posibilidades, refuerza Inglés antes del examen. Estas probabilidades son estimaciones orientativas basadas en postulantes con perfiles similares, no una garantía de resultado."
Perfil del postulante: procede de un colegio público de área rural (UGEL SANDIA); promedio de secundaria con desempeño satisfactorio; mayor fortaleza en Comunicación y menor en Matemática; postulaciones anteriores: 0; preparación preuniversitaria: ninguna; área de interés: sociales. Probabilidades estimadas de ingreso: SOCIOLOGÍA 5.1 %; ADMINISTRACIÓN 3.1 %; EDUCACIÓN FÍSICA 3.1 %. Genera una ruta educativa personalizada.,"Ruta educativa sugerida. Primera opción recomendada: SOCIOLOGÍA, con la mayor probabilidad estimada de ingreso (5.1 %). Alternativas: ADMINISTRACIÓN (3.1 %) y EDUCACIÓN FÍSICA (3.1 %). Tu fortaleza en Comunicación es coherente con estas opciones. Para mejorar tus posibilidades, refuerza Matemática antes del examen y considera una preparación preuniversitaria estructurada. Estas probabilidades son estimaciones orientativas basadas en postulantes con perfiles similares, no una garantía de resultado.","Basándome en el perfil proporcionado, aquí tienes una ruta educativa personalizada para que tu postulante pueda aprovechar sus fortalezas y potencial:

1. **Comenzar su educación universitaria**: En este punto, considerando los datos, sería conveniente comenzar su carrera universitaria en una carrera relacionada con sus intereses. Por lo tanto, se recomienda elegir la carrera de Educación Física.

2. **Matemáticas**: Aunque no es su fuerte, puede mejorar su rendimiento matemático si se concentra en ella durante su preparación preuniversitaria. Esto podría incluir actividades como problemas matemáticos o tutorías.

3. **Comunicación**: Su fortaleza en esta materia puede ser utilizada para complementar su carrera en Educación Física. Considerando su desempeño en secundario, podría considerarse opciones como Psicología Social o Ciencias Sociales","Ruta educativa sugerida. Primera opción recomendada: SOCIOLOGÍA, con la mayor probabilidad estimada de ingreso (17.6 %). Alternativas: ADMINISTRACIÓN (13.2 %) y EDUCACIÓN FÍSICA (13.2 %). Tu fortaleza en Comunicación es coherente con estas opciones. Para mejorar tus posibilidades, refuerza Matemática antes del examen y considera una preparación preuniversitaria estructurada. Estas probabilidades son estimaciones orientativas basadas en postulantes con perfiles similares, no una garantía de resultado.","Ruta educativa sugerida. Primera opción recomendada: SOCIOLOGÍA, con la mayor probabilidad estimada de ingreso (5.1 %). Alternativas: ADMINISTRACIÓN (3.1 %) y EDUCACIÓN FÍSICA (3.1 %). Tu fortaleza en Comunicación es coherente con estas opciones. Para mejorar tus posibilidades, refuerza Matemática antes del examen y considera una preparación preuniversitaria estructurada. Estas probabilidades son estimaciones orientativas basadas en postulantes con perfiles similares, no una garantía de resultado."
Perfil del postulante: procede de un colegio público de área urbana (nan); promedio de secundaria con desempeño satisfactorio; mayor fortaleza en Matemática y menor en Inglés; postulaciones anteriores: 1; preparación preuniversitaria: academia particular; área de interés: sociales. Probabilidades estimadas de ingreso: CIENCIAS CONTABLES 1.7 %; EDUCACIÓN INICIAL 1.7 %; TRABAJO SOCIAL 1.7 %. Genera una ruta educativa personalizada.,"Ruta educativa sugerida. Primera opción recomendada: CIENCIAS CONTABLES, con la mayor probabilidad estimada de ingreso (1.7 %). Alternativas: EDUCACIÓN INICIAL (1.7 %) y TRABAJO SOCIAL (1.7 %). Tu fortaleza en Matemática es coherente con estas opciones. Para mejorar tus posibilidades, refuerza Inglés antes del examen. Estas probabilidades son estimaciones orientativas basadas en postulantes con perfiles similares, no una garantía de resultado.","Basándome en el perfil proporcionado, puedo generar una ruta educativa para este postulante que se adapte mejor a sus habilidades y intereses:

1. **Matemáticas**: Comenzaré con los cursos de matemáticas debido a su mayor fortaleza. Asegurarme de que tenga un sólido conocimiento de álgebra, geometría y cálculo.

2. **Inglés**: Para mejorar su nivel de inglés, consideraría opciones como clases particulares o programas online gratuitos. También podría optar por un curso de idiomas durante la preparatoria.

3. **Educación Social**: Como área de interés, podríamos incluir opciones relacionadas con la educación social en nuestra carrera universitaria. Esto podría implicar carreras como psicología, sociología o pedagogía.

4. **Cursos adicionales**: Considerando su desempeño en matemáticas, podría considerar cursos avanzados en","Ruta educativa sugerida. Primera opción recomendada: SOCIOLOGÍA, con la mayor probabilidad estimada de ingreso (26.8 %). Alternativas: TRABAJO SOCIAL (25.9 %) y CIENCIAS CONTABLES (20.7 %). Tu fortaleza en Matemática es coherente con estas opciones. Para mejorar tus posibilidades, refuerza Inglés antes del examen. Estas probabilidades son estimaciones orientativas basadas en postulantes con perfiles similares, no una garantía de resultado.","Ruta educativa sugerida. Primera opción recomendada: CIENCIAS CONTABLES, con la mayor probabilidad estimada de ingreso (1.7 %). Alternativas: EDUCACIÓN INICIAL (1.7 %) y TRABAJO SOCIAL (1.7 %). Tu fortaleza en Matemática es coherente con estas opciones. Para mejorar tus posibilidades, refuerza Inglés antes del examen. Estas probabilidades son estimaciones orientativas basadas en postulantes con perfiles similares, no una garantía de resultado."
Perfil del postulante: procede de un colegio público de área urbana (UGEL CHUCUITO); promedio de secundaria con desempeño satisfactorio; mayor fortaleza en Ciencias Sociales y menor en Matemática; postulaciones anteriores: 2; preparación preuniversitaria: nan; área de interés: biomédicas. Probabilidades estimadas de ingreso: BIOLOGÍA: PESQUERÍA 18.2 %; BIOLOGÍA: ECOLOGÍA 17.6 %; MEDICINA VETERINARIA Y ZOOTECNIA 12.3 %. Genera una ruta educativa personalizada.,"Ruta educativa sugerida. Primera opción recomendada: BIOLOGÍA: PESQUERÍA, con la mayor probabilidad estimada de ingreso (18.2 %). Alternativas: BIOLOGÍA: ECOLOGÍA (17.6 %) y MEDICINA VETERINARIA Y ZOOTECNIA (12.3 %). Tu fortaleza en Ciencias Sociales es coherente con estas opciones. Para mejorar tus posibilidades, refuerza Matemática antes del examen. Estas probabilidades son estimaciones orientativas basadas en postulantes con perfiles similares, no una garantía de resultado.","Basándome en el perfil proporcionado, aquí tienes una ruta educativa personalizada para que tu postulante pueda tener más posibilidades de ingresar a la carrera de Medicina Veterinaria y Zootecnia:

1. **Preparación Académica**:
   - **Matemáticas**: Asegúrate de revisar los conceptos básicos de álgebra, trigonometría y cálculo. Considera tomar cursos adicionales o tutorías si es necesario.
   - **Ciencias Sociales**: Mantén un buen desempeño en sus materias de ciencias sociales. Si no lo logras, considera optar por carreras menos exigentes como Psicología o Economía.

2. **Pruebas de Admisión**:
   - **Biomédica**: Para esta carrera, es crucial aprobar las pruebas de admisión de la UCHUPE. Considera tomar clases adicionales de biología y","Ruta educativa sugerida. Primera opción recomendada: BIOLOGÍA: ECOLOGÍA, con la mayor probabilidad estimada de ingreso (17.6 %). Alternativas: BIOLOGÍA: PESQUERÍA (17.6 %) y NUTRICIÓN HUMANA (13.2 %). Tu fortaleza en Ciencias Sociales es coherente con estas opciones. Para mejorar tus posibilidades, refuerza Matemática antes del examen. Estas probabilidades son estimaciones orientativas basadas en postulantes con perfiles similares, no una garantía de resultado.","Ruta educativa sugerida. Primera opción recomendada: BIOLOGÍA: PESQUERÍA, con la mayor probabilidad estimada de ingreso (18.2 %). Alternativas: BIOLOGÍA: ECOLOGÍA (17.6 %) y MEDICINA VETERINARIA Y ZOOTECNIA (12.3 %). Tu fortaleza en Ciencias Sociales es coherente con estas opciones. Para mejorar tus posibilidades, refuerza Matemática antes del examen. Estas probabilidades son estimaciones orientativas basadas en postulantes con perfiles similares, no una garantía de resultado."
Perfil del postulante: procede de un colegio público de área rural (UGEL AZÁNGARO); promedio de secundaria con desempeño satisfactorio; mayor fortaleza en Ciencia y Tecnología y menor en Inglés; postulaciones anteriores: 1; preparación preuniversitaria: academia particular; área de interés: biomédicas. Probabilidades estimadas de ingreso: BIOLOGÍA: PESQUERÍA 11.0 %; BIOLOGÍA: ECOLOGÍA 8.9 %; ODONTOLOGÍA 5.8 %. Genera una ruta educativa personalizada.,"Ruta educativa sugerida. Primera opción recomendada: BIOLOGÍA: PESQUERÍA, con la mayor probabilidad estimada de ingreso (11.0 %). Alternativas: BIOLOGÍA: ECOLOGÍA (8.9 %) y ODONTOLOGÍA (5.8 %). Tu fortaleza en Ciencia y Tecnología es coherente con estas opciones. Para mejorar tus posibilidades, refuerza Inglés antes del examen. Estas probabilidades son estimaciones orientativas basadas en postulantes con perfiles similares, no una garantía de resultado.","Basándome en el perfil proporcionado, puedo generar una ruta educativa para que tu postulante tenga más posibilidades de ingresar a la carrera de Biología - Pescaría o Ecología. Aquí te presento algunas sugerencias:

1. **Preparación Académica**: 
   - Continuar tus estudios en secundario si aún no lo has hecho.
   - Considerar opciones como la Universidad Nacional Mayor de San Marcos (UNMSM) o la Universidad Nacional Agraria La Molina (UNALM), ya que ambas tienen departamentos de ciencias biológicas.

2. **Primeros Pasos Universitarios**:
   - Si tienes acceso a una escuela privada, considera la Universidad Nacional Mayor de San Marcos (UNMSM). Esta universidad tiene departamentos de biología muy sólidos.
   - Otra opción podría ser la Universidad Nacional Agraria La Molina (UNALM),","Ruta educativa sugerida. Primera opción recomendada: BIOLOGÍA: ECOLOGÍA, con la mayor probabilidad estimada de ingreso (26.8 %). Alternativas: BIOLOGÍA: PESQUERÍA (26.8 %) y NUTRICIÓN HUMANA (17.6 %). Tu fortaleza en Ciencia y Tecnología es coherente con estas opciones. Para mejorar tus posibilidades, refuerza Inglés antes del examen. Estas probabilidades son estimaciones orientativas basadas en postulantes con perfiles similares, no una garantía de resultado.","Ruta educativa sugerida. Primera opción recomendada: BIOLOGÍA: PESQUERÍA, con la mayor probabilidad estimada de ingreso (11.0 %). Alternativas: BIOLOGÍA: ECOLOGÍA (8.9 %) y ODONTOLOGÍA (5.8 %). Tu fortaleza en Ciencia y Tecnología es coherente con estas opciones. Para mejorar tus posibilidades, refuerza Inglés antes del examen. Estas probabilidades son estimaciones orientativas basadas en postulantes con perfiles similares, no una garantía de resultado."
Perfil del postulante: procede de un colegio público de área rural (nan); promedio de secundaria con desempeño satisfactorio; mayor fortaleza en Matemática y menor en Ciencia y Tecnología; postulaciones anteriores: 0; preparación preuniversitaria: academia particular; área de interés: ingenierías. Probabilidades estimadas de ingreso: INGENIERÍA AGRONÓMICA 13.8 %; INGENIERÍA TOPOGRÁFICA Y AGRIMENSURA 13.2 %; INGENIERÍA GEOLÓGICA 12.3 %. Genera una ruta educativa personalizada.,"Ruta educativa sugerida. Primera opción recomendada: INGENIERÍA AGRONÓMICA, con la mayor probabilidad estimada de ingreso (13.8 %). Alternativas: INGENIERÍA TOPOGRÁFICA Y AGRIMENSURA (13.2 %) y INGENIERÍA GEOLÓGICA (12.3 %). Tu fortaleza en Matemática es coherente con estas opciones. Para mejorar tus posibilidades, refuerza Ciencia y Tecnología antes del examen. Estas probabilidades son estimaciones orientativas basadas en postulantes con perfiles similares, no una garantía de resultado.","Basándome en el perfil y las probabilidades proporcionados, aquí tienes una ruta educativa personalizada para que tu postulante pueda aprovechar al máximo sus posibilidades:

1. **Matemáticas**: 
   - Continuar con matemáticas en secundario.
   - Considerar cursos adicionales como álgebra lineal o cálculo avanzado si es posible.

2. **Ciencias y Tecnología**:
   - Enseñanza media: Incluir materias relacionadas con ciencias y tecnología.
   - Posteriormente, considerar carreras en ingeniería donde se requiera.

3. **Ing. Agronomía**:
   - Siempre tener presente los temas de agronomía en tus estudios.
   - Considerar opciones de carrera en esta área si es posible.

4. **Ing. Topografía y Agromensuración**:
   - Estudiar topografía y agromensuración en secundario","Ruta educativa sugerida. Primera opción recomendada: INGENIERÍA AGRONÓMICA, con la mayor probabilidad estimada de ingreso (17.6 %). Alternativas: INGENIERÍA GEOLÓGICA (15.2 %) y EDUCACIÓN SECUNDARIA DE LA ESPECIALIDAD DE MATEMÁTICA, FÍSICA, COMPUTACIÓN E INFORMÁTICA (13.2 %). Tu fortaleza en Matemática es coherente con estas opciones. Para mejorar tus posibilidades, refuerza Ciencia y Tecnología antes del examen. Estas probabilidades son estimaciones orientativas basadas en postulantes con perfiles similares, no una garantía de resultado.","Ruta educativa sugerida. Primera opción recomendada: INGENIERÍA AGRONÓMICA, con la mayor probabilidad estimada de ingreso (13.8 %). Alternativas: INGENIERÍA TOPOGRÁFICA Y AGRIMENSURA (13.2 %) y INGENIERÍA GEOLÓGICA (12.3 %). Tu fortaleza en Matemática es coherente con estas opciones. Para mejorar tus posibilidades, refuerza Ciencia y Tecnología antes del examen. Estas probabilidades son estimaciones orientativas basadas en postulantes con perfiles similares, no una garantía de resultado."
Perfil del postulante: procede de un colegio público de área rural (UGEL MELGAR); promedio de secundaria con desempeño satisfactorio; mayor fortaleza en Matemática y menor en Ciencia y Tecnología; postulaciones anteriores: 0; preparación preuniversitaria: ninguna; área de interés: biomédicas. Probabilidades estimadas de ingreso: BIOLOGÍA: PESQUERÍA 36.7 %; BIOLOGÍA: ECOLOGÍA 35.3 %; MEDICINA VETERINARIA Y ZOOTECNIA 31.1 %. Genera una ruta educativa personalizada.,"Ruta educativa sugerida. Primera opción recomendada: BIOLOGÍA: PESQUERÍA, con la mayor probabilidad estimada de ingreso (36.7 %). Alternativas: BIOLOGÍA: ECOLOGÍA (35.3 %) y MEDICINA VETERINARIA Y ZOOTECNIA (31.1 %). Tu fortaleza en Matemática es coherente con estas opciones. Para mejorar tus posibilidades, refuerza Ciencia y Tecnología antes del examen y considera una preparación preuniversitaria estructurada. Estas probabilidades son estimaciones orientativas basadas en postulantes con perfiles similares, no una garantía de resultado.","Basándome en el perfil proporcionado, aquí tienes una ruta educativa personalizada para que tu postulante pueda aprovechar al máximo sus posibilidades:

1. **Matemáticas**: 
   - Continuar con matemáticas en secundario.
   - Considerar cursos adicionales como álgebra, trigonometría o cálculo avanzados si es posible.

2. **Biomédica**:
   - Enseñanza Media: Bioquímica, Biología Molecular, Genética.
   - Preparación para exámenes universitarios de biología.
   - Considerar carreras como medicina veterinaria, zootecnia o pescadería.

3. **Medicina Veterinaria y Zootecnia**:
   - Enseñanza Media: Anatomía, Fisiología, Microbiología.
   - Examen de admisión a la carrera de medicina veterinaria.
   -","Ruta educativa sugerida. Primera opción recomendada: BIOLOGÍA: ECOLOGÍA, con la mayor probabilidad estimada de ingreso (17.6 %). Alternativas: BIOLOGÍA: PESQUERÍA (17.6 %) y NUTRICIÓN HUMANA (12.3 %). Tu fortaleza en Matemática es coherente con estas opciones. Para mejorar tus posibilidades, refuerza Ciencia y Tecnología antes del examen y considera una preparación preuniversitaria estructurada. Estas probabilidades son estimaciones orientativas basadas en postulantes con perfiles similares, no una garantía de resultado.","Ruta educativa sugerida. Primera opción recomendada: BIOLOGÍA: PESQUERÍA, con la mayor probabilidad estimada de ingreso (36.7 %). Alternativas: BIOLOGÍA: ECOLOGÍA (35.3 %) y MEDICINA VETERINARIA Y ZOOTECNIA (31.1 %). Tu fortaleza en Matemática es coherente con estas opciones. Para mejorar tus posibilidades, refuerza Ciencia y Tecnología antes del examen y considera una preparación preuniversitaria estructurada. Estas probabilidades son estimaciones orientativas basadas en postulantes con perfiles similares, no una garantía de resultado."
Perfil del postulante: procede de un colegio público de área nan (UGEL EL COLLAO); promedio de secundaria con desempeño satisfactorio; mayor fortaleza en Ciencia y Tecnología y menor en Inglés; postulaciones anteriores: 0; preparación preuniversitaria: cepreuna; área de interés: sociales. Probabilidades estimadas de ingreso: SOCIOLOGÍA 26.1 %; TRABAJO SOCIAL 23.4 %; CIENCIAS CONTABLES 17.6 %. Genera una ruta educativa personalizada.,"Ruta educativa sugerida. Primera opción recomendada: SOCIOLOGÍA, con la mayor probabilidad estimada de ingreso (26.1 %). Alternativas: TRABAJO SOCIAL (23.4 %) y CIENCIAS CONTABLES (17.6 %). Tu fortaleza en Ciencia y Tecnología es coherente con estas opciones. Para mejorar tus posibilidades, refuerza Inglés antes del examen. Estas probabilidades son estimaciones orientativas basadas en postulantes con perfiles similares, no una garantía de resultado.","Basándome en el perfil proporcionado, aquí tienes una ruta educativa personalizada para que tu postulante pueda aprovechar sus fortalezas y potencial:

1. **Primera Semana**: 
   - **Iniciales**: Comienza con los primeros semestres de la carrera de Sociales.
   - **Reconocimiento**: Aprende sobre los fundamentos de la sociología y cómo se relacionan las diferentes disciplinas sociales.

2. **Segunda Semana**:
   - **Primer Trimestre**: Enfócate en la teoría básica de la sociología, incluyendo conceptos como grupos, estructuras sociales, conflictos sociales y procesos de cambio social.
   - **Revisión**: Revisa tus conocimientos de ciencias sociales y comparte con tu profesor o tutor.

3. **Tercera Semana**:
   - **Segundo Trimestre**: Comienza a profundizar","Ruta educativa sugerida. Primera opción recomendada: SOCIOLOGÍA, con la mayor probabilidad estimada de ingreso (17.6 %). Alternativas: TRABAJO SOCIAL (15.2 %) y CIENCIAS CONTABLES (13.2 %). Tu fortaleza en Ciencia y Tecnología es coherente con estas opciones. Para mejorar tus posibilidades, refuerza Inglés antes del examen. Estas probabilidades son estimaciones orientativas basadas en postulantes con perfiles similares, no una garantía de resultado.","Ruta educativa sugerida. Primera opción recomendada: SOCIOLOGÍA, con la mayor probabilidad estimada de ingreso (26.1 %). Alternativas: TRABAJO SOCIAL (23.4 %) y CIENCIAS CONTABLES (17.6 %). Tu fortaleza en Ciencia y Tecnología es coherente con estas opciones. Para mejorar tus posibilidades, refuerza Inglés antes del examen. Estas probabilidades son estimaciones orientativas basadas en postulantes con perfiles similares, no una garantía de resultado."
Perfil del postulante: procede de un colegio público de área urbana (UGEL SAN ROMÁN); promedio de secundaria con desempeño satisfactorio; mayor fortaleza en Comunicación y menor en Matemática; postulaciones anteriores: 0; preparación preuniversitaria: nan; área de interés: sociales. Probabilidades estimadas de ingreso: SOCIOLOGÍA 11.0 %; EDUCACIÓN FÍSICA 8.9 %; TRABAJO SOCIAL 7.3 %. Genera una ruta educativa personalizada.,"Ruta educativa sugerida. Primera opción recomendada: SOCIOLOGÍA, con la mayor probabilidad estimada de ingreso (11.0 %). Alternativas: EDUCACIÓN FÍSICA (8.9 %) y TRABAJO SOCIAL (7.3 %). Tu fortaleza en Comunicación es coherente con estas opciones. Para mejorar tus posibilidades, refuerza Matemática antes del examen. Estas probabilidades son estimaciones orientativas basadas en postulantes con perfiles similares, no una garantía de resultado.","Basándome en el perfil proporcionado, aquí tienes una ruta educativa personalizada para que tu postulante pueda aprovechar sus fortalezas y potencial:

1. **Comenzar su educación universitaria**: La UNEP ofrece carreras como Educación Física, Trabajo Social y Socología. Considerando los datos, estas opciones tienen mayores probabilidades de éxito.

2. **Matemáticas**: Aunque no es su fuerte, puede considerar cursos adicionales o especializaciones en matemáticas si lo desea. Esto podría ayudarlo a mejorar en esta materia.

3. **Comunicación**: Esta es su fortaleza. Encontrará muchas oportunidades en áreas relacionadas con comunicación, tanto en la sociedad como en la industria.

4. **Educación Física**: Siempre ha mostrado interés por este campo. Una carrera en Educación Física sería una excelente opción.

5. **Trabajo Social**: También tiene un","Ruta educativa sugerida. Primera opción recomendada: SOCIOLOGÍA, con la mayor probabilidad estimada de ingreso (17.6 %). Alternativas: EDUCACIÓN FÍSICA (15.2 %) y TRABAJO SOCIAL (13.2 %). Tu fortaleza en Comunicación es coherente con estas opciones. Para mejorar tus posibilidades, refuerza Matemática antes del examen. Estas probabilidades son estimaciones orientativas basadas en postulantes con perfiles similares, no una garantía de resultado.","Ruta educativa sugerida. Primera opción recomendada: SOCIOLOGÍA, con la mayor probabilidad estimada de ingreso (11.0 %). Alternativas: EDUCACIÓN FÍSICA (8.9 %) y TRABAJO SOCIAL (7.3 %). Tu fortaleza en Comunicación es coherente con estas opciones. Para mejorar tus posibilidades, refuerza Matemática antes del examen. Estas probabilidades son estimaciones orientativas basadas en postulantes con perfiles similares, no una garantía de resultado."
Perfil del postulante: procede de un colegio privado de área urbana (UGEL SAN ROMÁN); promedio de secundaria con desempeño satisfactorio; mayor fortaleza en Inglés y menor en Matemática; postulaciones anteriores: 0; preparación preuniversitaria: ninguna; área de interés: biomédicas. Probabilidades estimadas de ingreso: BIOLOGÍA: PESQUERÍA 26.1 %; BIOLOGÍA: ECOLOGÍA 20.7 %; NUTRICIÓN HUMANA 17.6 %. Genera una ruta educativa personalizada.,"Ruta educativa sugerida. Primera opción recomendada: BIOLOGÍA: PESQUERÍA, con la mayor probabilidad estimada de ingreso (26.1 %). Alternativas: BIOLOGÍA: ECOLOGÍA (20.7 %) y NUTRICIÓN HUMANA (17.6 %). Tu fortaleza en Inglés es coherente con estas opciones. Para mejorar tus posibilidades, refuerza Matemática antes del examen y considera una preparación preuniversitaria estructurada. Estas probabilidades son estimaciones orientativas basadas en postulantes con perfiles similares, no una garantía de resultado.","Basándome en el perfil proporcionado, aquí tienes una ruta educativa personalizada para que tu postulante pueda aprovechar al máximo sus posibilidades:

1. **Iniciales de Preparación Académica**:
   - **Primera Semana**: Comienza con los fundamentos básicos de la biología.
     - **Módulo 1**: Introducción a la biología humana.
     - **Módulo 2**: Fundamentos de la genética básica.

2. **Primeros Pasos en la Biología Humana**:
   - **Segunda Semana**: Enseñanza práctica sobre la salud pública.
     - **Actividad 1**: Investigación en poblaciones saludables.
     - **Actividad 2**: Análisis de datos de salud pública.

3. **Fundamentos de la Genética**:
   - **Tercera Semana**: Comienza con la teoría básica","Ruta educativa sugerida. Primera opción recomendada: BIOLOGÍA: ECOLOGÍA, con la mayor probabilidad estimada de ingreso (17.6 %). Alternativas: BIOLOGÍA: PESQUERÍA (17.6 %) y NUTRICIÓN HUMANA (12.3 %). Tu fortaleza en Inglés es coherente con estas opciones. Para mejorar tus posibilidades, refuerza Matemática antes del examen y considera una preparación preuniversitaria estructurada. Estas probabilidades son estimaciones orientativas basadas en postulantes con perfiles similares, no una garantía de resultado.","Ruta educativa sugerida. Primera opción recomendada: BIOLOGÍA: PESQUERÍA, con la mayor probabilidad estimada de ingreso (26.1 %). Alternativas: BIOLOGÍA: ECOLOGÍA (20.7 %) y NUTRICIÓN HUMANA (17.6 %). Tu fortaleza en Inglés es coherente con estas opciones. Para mejorar tus posibilidades, refuerza Matemática antes del examen y considera una preparación preuniversitaria estructurada. Estas probabilidades son estimaciones orientativas basadas en postulantes con perfiles similares, no una garantía de resultado."
Perfil del postulante: procede de un colegio público de área rural (UGEL PUNO); promedio de secundaria con desempeño satisfactorio; mayor fortaleza en Ciencia y Tecnología y menor en Comunicación; postulaciones anteriores: 0; preparación preuniversitaria: autoestudio; área de interés: biomédicas. Probabilidades estimadas de ingreso: BIOLOGÍA: PESQUERÍA 9.2 %; BIOLOGÍA: ECOLOGÍA 7.3 %; BIOLOGÍA: MICROBIOLOGÍA Y LABORATORIO CLÍNICO 4.8 %. Genera una ruta educativa personalizada.,"Ruta educativa sugerida. Primera opción recomendada: BIOLOGÍA: PESQUERÍA, con la mayor probabilidad estimada de ingreso (9.2 %). Alternativas: BIOLOGÍA: ECOLOGÍA (7.3 %) y BIOLOGÍA: MICROBIOLOGÍA Y LABORATORIO CLÍNICO (4.8 %). Tu fortaleza en Ciencia y Tecnología es coherente con estas opciones. Para mejorar tus posibilidades, refuerza Comunicación antes del examen. Estas probabilidades son estimaciones orientativas basadas en postulantes con perfiles similares, no una garantía de resultado.","Basándome en el perfil proporcionado, aquí tienes una ruta educativa personalizada para que tu postulante pueda aprovechar sus fortalezas y potencial:

1. **Primera Semana**: 
   - **Iniciación Académica**: Inicia su curso universitario con un semestre de introducción a la carrera de Biomédica.
   - **Primeros Contactos**: Realiza prácticas o voluntariado en centros de salud o institutos de investigación científica.

2. **Segunda Semana**:
   - **Laboratorio Clínico**: Participa en un programa de laboratorio clínico donde se enfocará en la aplicación práctica de los conceptos teóricos aprendidos.
   - **Comunicación**: Aprende habilidades de comunicación en grupo y escrita mediante talleres o seminarios.

3. **Tercera Semana**:
   - **Microbiología**: Se","Ruta educativa sugerida. Primera opción recomendada: BIOLOGÍA: ECOLOGÍA, con la mayor probabilidad estimada de ingreso (17.6 %). Alternativas: BIOLOGÍA: PESQUERÍA (17.6 %) y NUTRICIÓN HUMANA (12.3 %). Tu fortaleza en Ciencia y Tecnología es coherente con estas opciones. Para mejorar tus posibilidades, refuerza Comunicación antes del examen. Estas probabilidades son estimaciones orientativas basadas en postulantes con perfiles similares, no una garantía de resultado.","Ruta educativa sugerida. Primera opción recomendada: BIOLOGÍA: PESQUERÍA, con la mayor probabilidad estimada de ingreso (9.2 %). Alternativas: BIOLOGÍA: ECOLOGÍA (7.3 %) y BIOLOGÍA: MICROBIOLOGÍA Y LABORATORIO CLÍNICO (4.8 %). Tu fortaleza en Ciencia y Tecnología es coherente con estas opciones. Para mejorar tus posibilidades, refuerza Comunicación antes del examen. Estas probabilidades son estimaciones orientativas basadas en postulantes con perfiles similares, no una garantía de resultado."
Perfil del postulante: procede de un colegio privado de área urbana (UGEL SAN ROMÁN); promedio de secundaria con desempeño satisfactorio; mayor fortaleza en Ciencias Sociales y menor en Matemática; postulaciones anteriores: 0; preparación preuniversitaria: cepreuna previo; área de interés: biomédicas. Probabilidades estimadas de ingreso: BIOLOGÍA: PESQUERÍA 26.6 %; BIOLOGÍA: ECOLOGÍA 17.6 %; MEDICINA VETERINARIA Y ZOOTECNIA 17.6 %. Genera una ruta educativa personalizada.,"Ruta educativa sugerida. Primera opción recomendada: BIOLOGÍA: PESQUERÍA, con la mayor probabilidad estimada de ingreso (26.6 %). Alternativas: BIOLOGÍA: ECOLOGÍA (17.6 %) y MEDICINA VETERINARIA Y ZOOTECNIA (17.6 %). Tu fortaleza en Ciencias Sociales es coherente con estas opciones. Para mejorar tus posibilidades, refuerza Matemática antes del examen. Estas probabilidades son estimaciones orientativas basadas en postulantes con perfiles similares, no una garantía de resultado.","Basándome en el perfil proporcionado, puedo generar una ruta educativa para que tu postulante tenga más posibilidades de ingresar a la carrera de Medicina Veterinaria y Zootecnia en la Universidad Nacional del Altiplano de Puno.

1. **Preparación Preuniversitaria**: 
   - Asegúrate de revisar los requisitos específicos de la universidad para la preparatoria CEPRENA. Esto podría incluir ciertos exámenes o pruebas.
   
2. **Matemáticas**:
   - La matemática es fundamental en medicina veterinaria y zootecnia. Considera tomar cursos adicionales en esta materia si aún no lo has hecho. Las carreras de medicina veterinaria y zootecnia requieren un alto nivel de habilidad matemática.
   
3. **Ciencias Sociales**:
   - Los estudios sociales son importantes en estas carreras","Ruta educativa sugerida. Primera opción recomendada: BIOLOGÍA: PESQUERÍA, con la mayor probabilidad estimada de ingreso (17.6 %). Alternativas: BIOLOGÍA: ECOLOGÍA (13.2 %) y MEDICINA VETERINARIA Y ZOOTECNIA (8.9 %). Tu fortaleza en Ciencias Sociales es coherente con estas opciones. Para mejorar tus posibilidades, refuerza Matemática antes del examen. Estas probabilidades son estimaciones orientativas basadas en postulantes con perfiles similares, no una garantía de resultado.","Ruta educativa sugerida. Primera opción recomendada: BIOLOGÍA: PESQUERÍA, con la mayor probabilidad estimada de ingreso (26.6 %). Alternativas: BIOLOGÍA: ECOLOGÍA (17.6 %) y MEDICINA VETERINARIA Y ZOOTECNIA (17.6 %). Tu fortaleza en Ciencias Sociales es coherente con estas opciones. Para mejorar tus posibilidades, refuerza Matemática antes del examen. Estas probabilidades son estimaciones orientativas basadas en postulantes con perfiles similares, no una garantía de resultado."
"Perfil del postulante: procede de un colegio público de área rural (UGEL AZÁNGARO); promedio de secundaria con desempeño satisfactorio; mayor fortaleza en Ciencias Sociales y menor en Inglés; postulaciones anteriores: 0; preparación preuniversitaria: cepreuna previo; área de interés: ingenierías. Probabilidades estimadas de ingreso: EDUCACIÓN SECUNDARIA DE LA ESPECIALIDAD DE MATEMÁTICA, FÍSICA, COMPUTACIÓN E INFORMÁTICA 36.7 %; INGENIERÍA AGRONÓMICA 36.7 %; INGENIERÍA GEOLÓGICA 36.7 %. Genera una ruta educativa personalizada.","Ruta educativa sugerida. Primera opción recomendada: EDUCACIÓN SECUNDARIA DE LA ESPECIALIDAD DE MATEMÁTICA, FÍSICA, COMPUTACIÓN E INFORMÁTICA, con la mayor probabilidad estimada de ingreso (36.7 %). Alternativas: INGENIERÍA AGRONÓMICA (36.7 %) y INGENIERÍA GEOLÓGICA (36.7 %). Tu fortaleza en Ciencias Sociales es coherente con estas opciones. Para mejorar tus posibilidades, refuerza Inglés antes del examen. Estas probabilidades son estimaciones orientativas basadas en postulantes con perfiles similares, no una garantía de resultado.","Basándome en el perfil proporcionado, puedo generar una ruta educativa para que tu postulante pueda aprovechar al máximo sus habilidades y fortalezas para alcanzar su objetivo de ingresar a una carrera universitaria.

1. **Preparación Preuniversitaria**: Comienza con los cursos de preparación preuniversitaria como CEPRENA previos. Esto te ayudará a familiarizarte con los conceptos básicos de matemáticas, física y computación, lo cual será útil para futuras carreras.

2. **Matemáticas y Física**: Estudia estos temas desde cero. La Matemática es fundamental para muchas carreras técnicas y científicas, mientras que la Física puede ser relevante para ciertas carreras en ingeniería. 

3. **Inglés**: Si bien tu postulante tiene menos fortaleza en inglés, no debe descuidar este aspecto.","Ruta educativa sugerida. Primera opción recomendada: INGENIERÍA AGRONÓMICA, con la mayor probabilidad estimada de ingreso (17.6 %). Alternativas: INGENIERÍA GEOLÓGICA (15.2 %) y EDUCACIÓN SECUNDARIA DE LA ESPECIALIDAD DE MATEMÁTICA, FÍSICA, COMPUTACIÓN E INFORMÁTICA (13.2 %). Tu fortaleza en Ciencias Sociales es coherente con estas opciones. Para mejorar tus posibilidades, refuerza Inglés antes del examen. Estas probabilidades son estimaciones orientativas basadas en postulantes con perfiles similares, no una garantía de resultado.","Ruta educativa sugerida. Primera opción recomendada: EDUCACIÓN SECUNDARIA DE LA ESPECIALIDAD DE MATEMÁTICA, FÍSICA, COMPUTACIÓN E INFORMÁTICA, con la mayor probabilidad estimada de ingreso (36.7 %). Alternativas: INGENIERÍA AGRONÓMICA (36.7 %) y INGENIERÍA GEOLÓGICA (36.7 %). Tu fortaleza en Ciencias Sociales es coherente con estas opciones. Para mejorar tus posibilidades, refuerza Inglés antes del examen. Estas probabilidades son estimaciones orientativas basadas en postulantes con perfiles similares, no una garantía de resultado."
Perfil del postulante: procede de un colegio público de área rural (UGEL SANDIA); promedio de secundaria con desempeño satisfactorio; mayor fortaleza en Ciencias Sociales y menor en Matemática; postulaciones anteriores: 2; preparación preuniversitaria: academia particular; área de interés: sociales. Probabilidades estimadas de ingreso: SOCIOLOGÍA 15.2 %; TRABAJO SOCIAL 12.3 %; ADMINISTRACIÓN 11.0 %. Genera una ruta educativa personalizada.,"Ruta educativa sugerida. Primera opción recomendada: SOCIOLOGÍA, con la mayor probabilidad estimada de ingreso (15.2 %). Alternativas: TRABAJO SOCIAL (12.3 %) y ADMINISTRACIÓN (11.0 %). Tu fortaleza en Ciencias Sociales es coherente con estas opciones. Para mejorar tus posibilidades, refuerza Matemática antes del examen. Estas probabilidades son estimaciones orientativas basadas en postulantes con perfiles similares, no una garantía de resultado.","Basado en el perfil proporcionado, aquí tienes una ruta educativa personalizada para que tu postulante pueda aprovechar sus fortalezas y potencial:

1. **Primera Semana**: 
   - **Matemáticas**:
     - Inicia con los fundamentos matemáticos básicos.
     - Utiliza recursos como libros de texto, tutoriales online y aplicaciones educativas.
     - Participa en actividades prácticas relacionadas con la matemática.

2. **Segunda Semana**:
   - **Ciencias Sociales**:
     - Comienza con lecciones sobre historia, geografía y cultura local.
     - Realiza proyectos de investigación sobre temas interesantes para su área de interés.
     - Participa en talleres o seminarios sobre temas sociales relevantes.

3. **Tercera Semana**:
   - **Educación Social**:
     - Aprende sobre diferentes tipos de organización social y cómo","Ruta educativa sugerida. Primera opción recomendada: SOCIOLOGÍA, con la mayor probabilidad estimada de ingreso (17.6 %). Alternativas: ADMINISTRACIÓN (13.2 %) y EDUCACIÓN FÍSICA (13.2 %). Tu fortaleza en Ciencias Sociales es coherente con estas opciones. Para mejorar tus posibilidades, refuerza Matemática antes del examen. Estas probabilidades son estimaciones orientativas basadas en postulantes con perfiles similares, no una garantía de resultado.","Ruta educativa sugerida. Primera opción recomendada: SOCIOLOGÍA, con la mayor probabilidad estimada de ingreso (15.2 %). Alternativas: TRABAJO SOCIAL (12.3 %) y ADMINISTRACIÓN (11.0 %). Tu fortaleza en Ciencias Sociales es coherente con estas opciones. Para mejorar tus posibilidades, refuerza Matemática antes del examen. Estas probabilidades son estimaciones orientativas basadas en postulantes con perfiles similares, no una garantía de resultado."
Perfil del postulante: procede de un colegio público de área nan (UGEL SAN ROMÁN); promedio de secundaria con desempeño satisfactorio; mayor fortaleza en Matemática y menor en Ciencia y Tecnología; postulaciones anteriores: 0; preparación preuniversitaria: nan; área de interés: ingenierías. Probabilidades estimadas de ingreso: INGENIERÍA TOPOGRÁFICA Y AGRIMENSURA 12.3 %; INGENIERÍA AGRONÓMICA 11.0 %; INGENIERÍA MECÁNICA ELÉCTRICA 8.9 %. Genera una ruta educativa personalizada.,"Ruta educativa sugerida. Primera opción recomendada: INGENIERÍA TOPOGRÁFICA Y AGRIMENSURA, con la mayor probabilidad estimada de ingreso (12.3 %). Alternativas: INGENIERÍA AGRONÓMICA (11.0 %) y INGENIERÍA MECÁNICA ELÉCTRICA (8.9 %). Tu fortaleza en Matemática es coherente con estas opciones. Para mejorar tus posibilidades, refuerza Ciencia y Tecnología antes del examen. Estas probabilidades son estimaciones orientativas basadas en postulantes con perfiles similares, no una garantía de resultado.","Basándome en el perfil y las probabilidades proporcionados, aquí tienes una ruta educativa personalizada para que tu postulante pueda tener más posibilidades de ingresar a las carreras elegidas:

1. **Matemáticas**: Comienza con los cursos de matemáticas avanzadas en secundario. Siempre es importante tener una sólida base en este campo ya que muchas carreras requieren habilidades matemáticas.

2. **Ciencias Naturales**: Después de haber dominado las matemáticas, puedes enfocarte en ciencias naturales como química o física. Estas materias son fundamentales para futuras carreras en ingeniería.

3. **Ingles**: Es importante tener buenos conocimientos de inglés, especialmente si estás interesado en carreras relacionadas con tecnología o ingeniería. Los cursos de inglés pueden ser muy beneficiosos.

4. **Preparación Preuniversitaria**: Consider","Ruta educativa sugerida. Primera opción recomendada: INGENIERÍA AGRONÓMICA, con la mayor probabilidad estimada de ingreso (17.6 %). Alternativas: INGENIERÍA GEOLÓGICA (15.2 %) y INGENIERÍA TOPOGRÁFICA Y AGRIMENSURA (13.2 %). Tu fortaleza en Matemática es coherente con estas opciones. Para mejorar tus posibilidades, refuerza Ciencia y Tecnología antes del examen. Estas probabilidades son estimaciones orientativas basadas en postulantes con perfiles similares, no una garantía de resultado.","Ruta educativa sugerida. Primera opción recomendada: INGENIERÍA TOPOGRÁFICA Y AGRIMENSURA, con la mayor probabilidad estimada de ingreso (12.3 %). Alternativas: INGENIERÍA AGRONÓMICA (11.0 %) y INGENIERÍA MECÁNICA ELÉCTRICA (8.9 %). Tu fortaleza en Matemática es coherente con estas opciones. Para mejorar tus posibilidades, refuerza Ciencia y Tecnología antes del examen. Estas probabilidades son estimaciones orientativas basadas en postulantes con perfiles similares, no una garantía de resultado."
Perfil del postulante: procede de un colegio público de área urbana (UGEL PUNO); promedio de secundaria con desempeño satisfactorio; mayor fortaleza en Comunicación y menor en Ciencia y Tecnología; postulaciones anteriores: 0; preparación preuniversitaria: academia particular; área de interés: ingenierías. Probabilidades estimadas de ingreso: INGENIERÍA AGRONÓMICA 7.1 %; INGENIERÍA GEOLÓGICA 7.1 %; INGENIERÍA TOPOGRÁFICA Y AGRIMENSURA 7.1 %. Genera una ruta educativa personalizada.,"Ruta educativa sugerida. Primera opción recomendada: INGENIERÍA AGRONÓMICA, con la mayor probabilidad estimada de ingreso (7.1 %). Alternativas: INGENIERÍA GEOLÓGICA (7.1 %) y INGENIERÍA TOPOGRÁFICA Y AGRIMENSURA (7.1 %). Tu fortaleza en Comunicación es coherente con estas opciones. Para mejorar tus posibilidades, refuerza Ciencia y Tecnología antes del examen. Estas probabilidades son estimaciones orientativas basadas en postulantes con perfiles similares, no una garantía de resultado.","Basándome en el perfil y las probabilidades proporcionados, aquí tienes una ruta educativa personalizada para que tu postulante pueda aprovechar al máximo sus posibilidades:

1. **Comenzar su preparación universitaria**: 
   - **Primera Semana**: Iniciar su preparación universitaria en la Academia Particular. Esto te permitirá conocer mejor los recursos disponibles y adaptarse a la nueva estructura.
   
2. **Primeros Pasos Universitarios**:
   - **Segunda Semana**: Asignarse a una carrera específica. En este caso, se recomienda elegir entre Ingeniería Agronómica o Ingeniería Geológica debido a las altas probabilidades de admisión en ambas carreras.

3. **Formación Profesional**:
   - **Tercera Semana**: Realizar cursos adicionales en áreas relacionadas a la ingeniería agronómica o ge","Ruta educativa sugerida. Primera opción recomendada: INGENIERÍA AGRONÓMICA, con la mayor probabilidad estimada de ingreso (17.6 %). Alternativas: INGENIERÍA GEOLÓGICA (15.2 %) y EDUCACIÓN SECUNDARIA DE LA ESPECIALIDAD DE MATEMÁTICA, FÍSICA, COMPUTACIÓN E INFORMÁTICA (13.2 %). Tu fortaleza en Comunicación es coherente con estas opciones. Para mejorar tus posibilidades, refuerza Ciencia y Tecnología antes del examen. Estas probabilidades son estimaciones orientativas basadas en postulantes con perfiles similares, no una garantía de resultado.","Ruta educativa sugerida. Primera opción recomendada: INGENIERÍA AGRONÓMICA, con la mayor probabilidad estimada de ingreso (7.1 %). Alternativas: INGENIERÍA GEOLÓGICA (7.1 %) y INGENIERÍA TOPOGRÁFICA Y AGRIMENSURA (7.1 %). Tu fortaleza en Comunicación es coherente con estas opciones. Para mejorar tus posibilidades, refuerza Ciencia y Tecnología antes del examen. Estas probabilidades son estimaciones orientativas basadas en postulantes con perfiles similares, no una garantía de resultado."
Perfil del postulante: procede de un colegio público de área nan (UGEL SAN ROMÁN); promedio de secundaria con desempeño satisfactorio; mayor fortaleza en Ciencia y Tecnología y menor en Matemática; postulaciones anteriores: 0; preparación preuniversitaria: cepreuna previo; área de interés: biomédicas. Probabilidades estimadas de ingreso: BIOLOGÍA: PESQUERÍA 15.2 %; BIOLOGÍA: ECOLOGÍA 9.2 %; ODONTOLOGÍA 8.9 %. Genera una ruta educativa personalizada.,"Ruta educativa sugerida. Primera opción recomendada: BIOLOGÍA: PESQUERÍA, con la mayor probabilidad estimada de ingreso (15.2 %). Alternativas: BIOLOGÍA: ECOLOGÍA (9.2 %) y ODONTOLOGÍA (8.9 %). Tu fortaleza en Ciencia y Tecnología es coherente con estas opciones. Para mejorar tus posibilidades, refuerza Matemática antes del examen. Estas probabilidades son estimaciones orientativas basadas en postulantes con perfiles similares, no una garantía de resultado.","Basándome en el perfil proporcionado, aquí tienes una ruta educativa personalizada para que tu postulante pueda tener más posibilidades de ingresar a la carrera de Biología:

1. **Preparación Preuniversitaria**:
   - Continuar con los estudios de preparación preuniversitaria si aún no lo has hecho.
   - Considerar opciones como ""Cepreuna"" o ""CEPRES"", ya que estos programas pueden ofrecer información relevante sobre la carrera de Biología.

2. **Matemáticas**:
   - Aunque tu postulante tiene menos fortaleza en Matemáticas, es importante seguir estudiando esta materia. Podría considerarse tomar cursos adicionales en matemáticas avanzadas o realizar ejercicios específicos de cálculo y álgebra.
   
3. **Ciencias Naturales**:
   - Enriquecer su currículum con materias relacionadas a la ciencia","Ruta educativa sugerida. Primera opción recomendada: BIOLOGÍA: ECOLOGÍA, con la mayor probabilidad estimada de ingreso (17.6 %). Alternativas: BIOLOGÍA: PESQUERÍA (17.6 %) y NUTRICIÓN HUMANA (12.3 %). Tu fortaleza en Ciencia y Tecnología es coherente con estas opciones. Para mejorar tus posibilidades, refuerza Matemática antes del examen. Estas probabilidades son estimaciones orientativas basadas en postulantes con perfiles similares, no una garantía de resultado.","Ruta educativa sugerida. Primera opción recomendada: BIOLOGÍA: PESQUERÍA, con la mayor probabilidad estimada de ingreso (15.2 %). Alternativas: BIOLOGÍA: ECOLOGÍA (9.2 %) y ODONTOLOGÍA (8.9 %). Tu fortaleza en Ciencia y Tecnología es coherente con estas opciones. Para mejorar tus posibilidades, refuerza Matemática antes del examen. Estas probabilidades son estimaciones orientativas basadas en postulantes con perfiles similares, no una garantía de resultado."
Perfil del postulante: procede de un colegio público de área rural (UGEL SAN ROMÁN); promedio de secundaria con desempeño satisfactorio; mayor fortaleza en Matemática y menor en Inglés; postulaciones anteriores: 0; preparación preuniversitaria: ninguna; área de interés: sociales. Probabilidades estimadas de ingreso: SOCIOLOGÍA 7.1 %; EDUCACIÓN FÍSICA 5.8 %; TRABAJO SOCIAL 5.8 %. Genera una ruta educativa personalizada.,"Ruta educativa sugerida. Primera opción recomendada: SOCIOLOGÍA, con la mayor probabilidad estimada de ingreso (7.1 %). Alternativas: EDUCACIÓN FÍSICA (5.8 %) y TRABAJO SOCIAL (5.8 %). Tu fortaleza en Matemática es coherente con estas opciones. Para mejorar tus posibilidades, refuerza Inglés antes del examen y considera una preparación preuniversitaria estructurada. Estas probabilidades son estimaciones orientativas basadas en postulantes con perfiles similares, no una garantía de resultado.","Basándome en el perfil proporcionado, aquí tienes una ruta educativa personalizada para que tu postulante pueda aprovechar sus fortalezas y potencial:

1. **Matemáticas**: 
   - Continuar con matemáticas en secundario.
   - Considerar opciones como ingeniería o ciencias de la computación si es interesado en STEM.

2. **Inglés**:
   - Siempre mantenerse en contacto con inglés, ya sea por medio de cursos online o prácticas lingüísticas.
   - Considerar posibles carreras donde se requiera fluidez en inglés, como traducción o comunicación internacional.

3. **Social Science**:
   - Enriquecer su conocimiento social con materias relacionadas al área de interés.
   - Considerar carreras como psicología, sociología o economía.

4. **Educación Física**:
   - Aunque no esté presente en los resultados","Ruta educativa sugerida. Primera opción recomendada: SOCIOLOGÍA, con la mayor probabilidad estimada de ingreso (17.6 %). Alternativas: ADMINISTRACIÓN (13.2 %) y EDUCACIÓN FÍSICA (13.2 %). Tu fortaleza en Matemática es coherente con estas opciones. Para mejorar tus posibilidades, refuerza Inglés antes del examen y considera una preparación preuniversitaria estructurada. Estas probabilidades son estimaciones orientativas basadas en postulantes con perfiles similares, no una garantía de resultado.","Ruta educativa sugerida. Primera opción recomendada: SOCIOLOGÍA, con la mayor probabilidad estimada de ingreso (7.1 %). Alternativas: EDUCACIÓN FÍSICA (5.8 %) y TRABAJO SOCIAL (5.8 %). Tu fortaleza en Matemática es coherente con estas opciones. Para mejorar tus posibilidades, refuerza Inglés antes del examen y considera una preparación preuniversitaria estructurada. Estas probabilidades son estimaciones orientativas basadas en postulantes con perfiles similares, no una garantía de resultado."
"Perfil del postulante: procede de un colegio público de área rural (UGEL AZÁNGARO); promedio de secundaria con desempeño satisfactorio; mayor fortaleza en Ciencias Sociales y menor en Ciencia y Tecnología; postulaciones anteriores: 0; preparación preuniversitaria: cepreuna; área de interés: ingenierías. Probabilidades estimadas de ingreso: INGENIERÍA AGRONÓMICA 5.8 %; EDUCACIÓN SECUNDARIA DE LA ESPECIALIDAD DE MATEMÁTICA, FÍSICA, COMPUTACIÓN E INFORMÁTICA 5.1 %; INGENIERÍA ECONÓMICA 5.1 %. Genera una ruta educativa personalizada.","Ruta educativa sugerida. Primera opción recomendada: INGENIERÍA AGRONÓMICA, con la mayor probabilidad estimada de ingreso (5.8 %). Alternativas: EDUCACIÓN SECUNDARIA DE LA ESPECIALIDAD DE MATEMÁTICA, FÍSICA, COMPUTACIÓN E INFORMÁTICA (5.1 %) y INGENIERÍA ECONÓMICA (5.1 %). Tu fortaleza en Ciencias Sociales es coherente con estas opciones. Para mejorar tus posibilidades, refuerza Ciencia y Tecnología antes del examen. Estas probabilidades son estimaciones orientativas basadas en postulantes con perfiles similares, no una garantía de resultado.","Basándome en el perfil y las probabilidades proporcionados, aquí tienes una ruta educativa personalizada para que tu postulante pueda aprovechar sus fortalezas y potencial:

1. **Primera Semana Académica**: 
   - **Matemáticas**: Comienza con los fundamentos matemáticos. La Matemática es fundamental en todas las ciencias y técnicas.
   - **Física**: Continúa con la física básica, ya que es una disciplina que se aplica en muchas áreas de ingeniería.

2. **Segunda Semana Académica**:
   - **Ciencias Sociales**: Comienza a desarrollar su conocimiento sobre la sociedad y la cultura, ya que son áreas importantes en la ingeniería agronómica y en otras áreas de ingeniería.

3. **Tercera Semana Académica**:
   - **Ingeniería Agrónoma**: Esta carrera requ","Ruta educativa sugerida. Primera opción recomendada: INGENIERÍA AGRONÓMICA, con la mayor probabilidad estimada de ingreso (17.6 %). Alternativas: INGENIERÍA GEOLÓGICA (15.2 %) y EDUCACIÓN SECUNDARIA DE LA ESPECIALIDAD DE MATEMÁTICA, FÍSICA, COMPUTACIÓN E INFORMÁTICA (13.2 %). Tu fortaleza en Ciencias Sociales es coherente con estas opciones. Para mejorar tus posibilidades, refuerza Ciencia y Tecnología antes del examen. Estas probabilidades son estimaciones orientativas basadas en postulantes con perfiles similares, no una garantía de resultado.","Ruta educativa sugerida. Primera opción recomendada: INGENIERÍA AGRONÓMICA, con la mayor probabilidad estimada de ingreso (5.8 %). Alternativas: EDUCACIÓN SECUNDARIA DE LA ESPECIALIDAD DE MATEMÁTICA, FÍSICA, COMPUTACIÓN E INFORMÁTICA (5.1 %) y INGENIERÍA ECONÓMICA (5.1 %). Tu fortaleza en Ciencias Sociales es coherente con estas opciones. Para mejorar tus posibilidades, refuerza Ciencia y Tecnología antes del examen. Estas probabilidades son estimaciones orientativas basadas en postulantes con perfiles similares, no una garantía de resultado."
Perfil del postulante: procede de un colegio privado de área urbana (UGEL SAN ROMÁN); promedio de secundaria con desempeño satisfactorio; mayor fortaleza en Ciencias Sociales y menor en Ciencia y Tecnología; postulaciones anteriores: 1; preparación preuniversitaria: autoestudio; área de interés: sociales. Probabilidades estimadas de ingreso: CIENCIAS CONTABLES 5.8 %; SOCIOLOGÍA 5.8 %; TRABAJO SOCIAL 5.3 %. Genera una ruta educativa personalizada.,"Ruta educativa sugerida. Primera opción recomendada: CIENCIAS CONTABLES, con la mayor probabilidad estimada de ingreso (5.8 %). Alternativas: SOCIOLOGÍA (5.8 %) y TRABAJO SOCIAL (5.3 %). Tu fortaleza en Ciencias Sociales es coherente con estas opciones. Para mejorar tus posibilidades, refuerza Ciencia y Tecnología antes del examen. Estas probabilidades son estimaciones orientativas basadas en postulantes con perfiles similares, no una garantía de resultado.","Basándome en el perfil proporcionado, puedo generar una ruta educativa para que tu postulante tenga más posibilidades de ingresar a los campos de estudio elegidos.

1. **Primera Semana**: 
   - **Matemáticas** y **Física**: Comenzarás con estas materias porque son fundamentales para todos los estudios universitarios.
   
2. **Segunda Semana**:
   - **Ciencias Sociales**: Continuarás tus estudios en esta área ya que es donde tienes mayor fortaleza. Considerando que estás interesado en este campo, podrías considerar opciones como **Historia**, **Geografía** o **Política Internacional**.
   
3. **Tercera Semana**:
   - **Lógica Matemática**: Aunque no es tu fuerte, puedes comenzar a familiarizarte con ella para poder manejar mejor las matemáticas avanzadas.
   
4.","Ruta educativa sugerida. Primera opción recomendada: SOCIOLOGÍA, con la mayor probabilidad estimada de ingreso (26.8 %). Alternativas: TRABAJO SOCIAL (25.9 %) y ADMINISTRACIÓN (20.7 %). Tu fortaleza en Ciencias Sociales es coherente con estas opciones. Para mejorar tus posibilidades, refuerza Ciencia y Tecnología antes del examen. Estas probabilidades son estimaciones orientativas basadas en postulantes con perfiles similares, no una garantía de resultado.","Ruta educativa sugerida. Primera opción recomendada: CIENCIAS CONTABLES, con la mayor probabilidad estimada de ingreso (5.8 %). Alternativas: SOCIOLOGÍA (5.8 %) y TRABAJO SOCIAL (5.3 %). Tu fortaleza en Ciencias Sociales es coherente con estas opciones. Para mejorar tus posibilidades, refuerza Ciencia y Tecnología antes del examen. Estas probabilidades son estimaciones orientativas basadas en postulantes con perfiles similares, no una garantía de resultado."
Perfil del postulante: procede de un colegio público de área urbana (UGEL PUNO); promedio de secundaria con desempeño satisfactorio; mayor fortaleza en Ciencia y Tecnología y menor en Matemática; postulaciones anteriores: 0; preparación preuniversitaria: academia particular; área de interés: biomédicas. Probabilidades estimadas de ingreso: BIOLOGÍA: ECOLOGÍA 5.8 %; BIOLOGÍA: PESQUERÍA 5.8 %; NUTRICIÓN HUMANA 4.8 %. Genera una ruta educativa personalizada.,"Ruta educativa sugerida. Primera opción recomendada: BIOLOGÍA: ECOLOGÍA, con la mayor probabilidad estimada de ingreso (5.8 %). Alternativas: BIOLOGÍA: PESQUERÍA (5.8 %) y NUTRICIÓN HUMANA (4.8 %). Tu fortaleza en Ciencia y Tecnología es coherente con estas opciones. Para mejorar tus posibilidades, refuerza Matemática antes del examen. Estas probabilidades son estimaciones orientativas basadas en postulantes con perfiles similares, no una garantía de resultado.","Basándome en el perfil proporcionado, aquí tienes una ruta educativa personalizada para que tu postulante pueda aprovechar al máximo sus posibilidades de ingresar a la carrera de Biomédica:

1. **Preparación Académica**:
   - **Matemáticas**: Asegúrate de revisar los conceptos básicos de matemáticas, especialmente aquellos relacionados con la ciencia y tecnología. Considera tomar cursos adicionales o clases particulares si es necesario.
   - **Ciencias Naturales**: Concentrarte en materias como química, física y biología. Esto te permitirá entender mejor cómo se aplican estos conceptos en la medicina.

2. **Pruebas de Admisión**:
   - **Biomédica**: La prueba de admisión para esta carrera puede ser bastante competitiva. Para aumentar tus posibilidades, considera tomar simulacros de exámenes universitarios y","Ruta educativa sugerida. Primera opción recomendada: BIOLOGÍA: ECOLOGÍA, con la mayor probabilidad estimada de ingreso (17.6 %). Alternativas: BIOLOGÍA: PESQUERÍA (17.6 %) y NUTRICIÓN HUMANA (12.3 %). Tu fortaleza en Ciencia y Tecnología es coherente con estas opciones. Para mejorar tus posibilidades, refuerza Matemática antes del examen. Estas probabilidades son estimaciones orientativas basadas en postulantes con perfiles similares, no una garantía de resultado.","Ruta educativa sugerida. Primera opción recomendada: BIOLOGÍA: ECOLOGÍA, con la mayor probabilidad estimada de ingreso (5.8 %). Alternativas: BIOLOGÍA: PESQUERÍA (5.8 %) y NUTRICIÓN HUMANA (4.8 %). Tu fortaleza en Ciencia y Tecnología es coherente con estas opciones. Para mejorar tus posibilidades, refuerza Matemática antes del examen. Estas probabilidades son estimaciones orientativas basadas en postulantes con perfiles similares, no una garantía de resultado."
Perfil del postulante: procede de un colegio público de área rural (UGEL AZÁNGARO); promedio de secundaria con desempeño satisfactorio; mayor fortaleza en Ciencia y Tecnología y menor en Matemática; postulaciones anteriores: 0; preparación preuniversitaria: autoestudio; área de interés: sociales. Probabilidades estimadas de ingreso: SOCIOLOGÍA 9.2 %; CIENCIAS CONTABLES 7.1 %; TRABAJO SOCIAL 7.1 %. Genera una ruta educativa personalizada.,"Ruta educativa sugerida. Primera opción recomendada: SOCIOLOGÍA, con la mayor probabilidad estimada de ingreso (9.2 %). Alternativas: CIENCIAS CONTABLES (7.1 %) y TRABAJO SOCIAL (7.1 %). Tu fortaleza en Ciencia y Tecnología es coherente con estas opciones. Para mejorar tus posibilidades, refuerza Matemática antes del examen. Estas probabilidades son estimaciones orientativas basadas en postulantes con perfiles similares, no una garantía de resultado.","Basándome en el perfil proporcionado, aquí tienes una ruta educativa personalizada para que tu postulante pueda aprovechar sus fortalezas y potencial:

1. **Primera Semana**: 
   - **Matemáticas**: Comienza con los fundamentos matemáticos básicos. Utiliza recursos como libros de texto, tutoriales en línea o aplicaciones educativas.
   - **Ciencias Técnicas**: Aprende sobre ciencias naturales e ingeniería. Considera cursos online o seminarios presenciales.

2. **Segunda Semana**:
   - **Tecnología**: Comience con herramientas digitales y software de programación. También puede ser interesante aprender sobre inteligencia artificial o robótica.
   - **Social Science**: Comienza con estudios sociales básicos. Considera libros de texto, videos explicativos y plataformas de aprendizaje en línea.

3. **Tercera","Ruta educativa sugerida. Primera opción recomendada: SOCIOLOGÍA, con la mayor probabilidad estimada de ingreso (17.6 %). Alternativas: TRABAJO SOCIAL (15.2 %) y CIENCIAS CONTABLES (13.2 %). Tu fortaleza en Ciencia y Tecnología es coherente con estas opciones. Para mejorar tus posibilidades, refuerza Matemática antes del examen. Estas probabilidades son estimaciones orientativas basadas en postulantes con perfiles similares, no una garantía de resultado.","Ruta educativa sugerida. Primera opción recomendada: SOCIOLOGÍA, con la mayor probabilidad estimada de ingreso (9.2 %). Alternativas: CIENCIAS CONTABLES (7.1 %) y TRABAJO SOCIAL (7.1 %). Tu fortaleza en Ciencia y Tecnología es coherente con estas opciones. Para mejorar tus posibilidades, refuerza Matemática antes del examen. Estas probabilidades son estimaciones orientativas basadas en postulantes con perfiles similares, no una garantía de resultado."
"Perfil del postulante: procede de un colegio público de área rural (UGEL CARABAYA); promedio de secundaria con desempeño satisfactorio; mayor fortaleza en Comunicación y menor en Matemática; postulaciones anteriores: 0; preparación preuniversitaria: cepreuna previo; área de interés: ingenierías. Probabilidades estimadas de ingreso: INGENIERÍA TOPOGRÁFICA Y AGRIMENSURA 27.9 %; EDUCACIÓN SECUNDARIA DE LA ESPECIALIDAD DE MATEMÁTICA, FÍSICA, COMPUTACIÓN E INFORMÁTICA 26.8 %; INGENIERÍA MECÁNICA ELÉCTRICA 26.8 %. Genera una ruta educativa personalizada.","Ruta educativa sugerida. Primera opción recomendada: INGENIERÍA TOPOGRÁFICA Y AGRIMENSURA, con la mayor probabilidad estimada de ingreso (27.9 %). Alternativas: EDUCACIÓN SECUNDARIA DE LA ESPECIALIDAD DE MATEMÁTICA, FÍSICA, COMPUTACIÓN E INFORMÁTICA (26.8 %) y INGENIERÍA MECÁNICA ELÉCTRICA (26.8 %). Tu fortaleza en Comunicación es coherente con estas opciones. Para mejorar tus posibilidades, refuerza Matemática antes del examen. Estas probabilidades son estimaciones orientativas basadas en postulantes con perfiles similares, no una garantía de resultado.","Basado en el perfil proporcionado, aquí tienes una ruta educativa personalizada para que tu postulante pueda aprovechar sus fortalezas y potencial:

1. **Comenzar su educación universitaria**: En este punto, considerando los resultados de la prueba CEPRENA, es probable que tu postulante tenga dificultades en matemáticas. Por lo tanto, sería beneficioso comenzar su carrera universitaria en una carrera de ingeniería donde se puedan aplicar habilidades en comunicación.

2. **Ingeniería Topográfica y Agrimensura**:
   - Esta opción podría ser muy interesante si tu postulante tiene una fuerte fortaleza en comunicaciones.
   - La combinación de esta carrera con su fortaleza en comunicaciones puede ayudarlo a superar situaciones complejas o difíciles de entender.
   
3. **Educación Secundaria de la Especialidad de Matemáticas,","Ruta educativa sugerida. Primera opción recomendada: INGENIERÍA AGRONÓMICA, con la mayor probabilidad estimada de ingreso (17.6 %). Alternativas: INGENIERÍA GEOLÓGICA (15.2 %) y EDUCACIÓN SECUNDARIA DE LA ESPECIALIDAD DE MATEMÁTICA, FÍSICA, COMPUTACIÓN E INFORMÁTICA (13.2 %). Tu fortaleza en Comunicación es coherente con estas opciones. Para mejorar tus posibilidades, refuerza Matemática antes del examen. Estas probabilidades son estimaciones orientativas basadas en postulantes con perfiles similares, no una garantía de resultado.","Ruta educativa sugerida. Primera opción recomendada: INGENIERÍA TOPOGRÁFICA Y AGRIMENSURA, con la mayor probabilidad estimada de ingreso (27.9 %). Alternativas: EDUCACIÓN SECUNDARIA DE LA ESPECIALIDAD DE MATEMÁTICA, FÍSICA, COMPUTACIÓN E INFORMÁTICA (26.8 %) y INGENIERÍA MECÁNICA ELÉCTRICA (26.8 %). Tu fortaleza en Comunicación es coherente con estas opciones. Para mejorar tus posibilidades, refuerza Matemática antes del examen. Estas probabilidades son estimaciones orientativas basadas en postulantes con perfiles similares, no una garantía de resultado."
"Perfil del postulante: procede de un colegio público de área urbana (UGEL SAN ROMÁN); promedio de secundaria con desempeño satisfactorio; mayor fortaleza en Matemática y menor en Ciencia y Tecnología; postulaciones anteriores: 0; preparación preuniversitaria: cepreuna; área de interés: ingenierías. Probabilidades estimadas de ingreso: INGENIERÍA AGRONÓMICA 12.3 %; INGENIERÍA GEOLÓGICA 12.3 %; EDUCACIÓN SECUNDARIA DE LA ESPECIALIDAD DE MATEMÁTICA, FÍSICA, COMPUTACIÓN E INFORMÁTICA 11.0 %. Genera una ruta educativa personalizada.","Ruta educativa sugerida. Primera opción recomendada: INGENIERÍA AGRONÓMICA, con la mayor probabilidad estimada de ingreso (12.3 %). Alternativas: INGENIERÍA GEOLÓGICA (12.3 %) y EDUCACIÓN SECUNDARIA DE LA ESPECIALIDAD DE MATEMÁTICA, FÍSICA, COMPUTACIÓN E INFORMÁTICA (11.0 %). Tu fortaleza en Matemática es coherente con estas opciones. Para mejorar tus posibilidades, refuerza Ciencia y Tecnología antes del examen. Estas probabilidades son estimaciones orientativas basadas en postulantes con perfiles similares, no una garantía de resultado.","Basándome en el perfil proporcionado, puedo generar una ruta educativa para que tu postulante tenga más posibilidades de ingresar a las carreras elegidas.

1. **Matemáticas**: Como ya tienes una fortaleza en esta materia, puedes considerar seguir tus pasos en matemáticas durante los primeros años universitarios. La carrera de Ingeniería Agronómica requiere conocimientos avanzados en matemáticas, por lo que podrías aprovechar este punto fuerte para comenzar a dominar estos temas.

2. **Ciencias y Tecnología**: Si aún no has tomado clases de ciencias o tecnologías, es importante empezar a hacerlo. Considera tomar cursos adicionales en estas materias antes de entrar al último año de pregrado.

3. **Educación Secundaria de la Especialidad de Matemáticas, Física, Computación e Informática**: Esta opción te permitirá profund","Ruta educativa sugerida. Primera opción recomendada: INGENIERÍA AGRONÓMICA, con la mayor probabilidad estimada de ingreso (17.6 %). Alternativas: INGENIERÍA GEOLÓGICA (15.2 %) y EDUCACIÓN SECUNDARIA DE LA ESPECIALIDAD DE MATEMÁTICA, FÍSICA, COMPUTACIÓN E INFORMÁTICA (13.2 %). Tu fortaleza en Matemática es coherente con estas opciones. Para mejorar tus posibilidades, refuerza Ciencia y Tecnología antes del examen. Estas probabilidades son estimaciones orientativas basadas en postulantes con perfiles similares, no una garantía de resultado.","Ruta educativa sugerida. Primera opción recomendada: INGENIERÍA AGRONÓMICA, con la mayor probabilidad estimada de ingreso (12.3 %). Alternativas: INGENIERÍA GEOLÓGICA (12.3 %) y EDUCACIÓN SECUNDARIA DE LA ESPECIALIDAD DE MATEMÁTICA, FÍSICA, COMPUTACIÓN E INFORMÁTICA (11.0 %). Tu fortaleza en Matemática es coherente con estas opciones. Para mejorar tus posibilidades, refuerza Ciencia y Tecnología antes del examen. Estas probabilidades son estimaciones orientativas basadas en postulantes con perfiles similares, no una garantía de resultado."
"Perfil del postulante: procede de un colegio público de área rural (UGEL PUNO); promedio de secundaria con desempeño satisfactorio; mayor fortaleza en Matemática y menor en Inglés; postulaciones anteriores: 0; preparación preuniversitaria: cepreuna previo; área de interés: ingenierías. Probabilidades estimadas de ingreso: EDUCACIÓN SECUNDARIA DE LA ESPECIALIDAD DE MATEMÁTICA, FÍSICA, COMPUTACIÓN E INFORMÁTICA 36.7 %; INGENIERÍA AGRONÓMICA 36.7 %; INGENIERÍA GEOLÓGICA 36.7 %. Genera una ruta educativa personalizada.","Ruta educativa sugerida. Primera opción recomendada: EDUCACIÓN SECUNDARIA DE LA ESPECIALIDAD DE MATEMÁTICA, FÍSICA, COMPUTACIÓN E INFORMÁTICA, con la mayor probabilidad estimada de ingreso (36.7 %). Alternativas: INGENIERÍA AGRONÓMICA (36.7 %) y INGENIERÍA GEOLÓGICA (36.7 %). Tu fortaleza en Matemática es coherente con estas opciones. Para mejorar tus posibilidades, refuerza Inglés antes del examen. Estas probabilidades son estimaciones orientativas basadas en postulantes con perfiles similares, no una garantía de resultado.","Basándome en el perfil y las probabilidades proporcionados, aquí tienes una ruta educativa personalizada para que tu postulante pueda aprovechar al máximo sus posibilidades:

1. **Matemáticas**: 
   - Continuar con matemáticas en la universidad.
   - Considerar opciones como Ingeniería en Matemáticas o Ciencias de la Computación.

2. **Ingenierías**:
   - Siempre considerar áreas de ingeniería donde se destaca su fortaleza en Matemáticas.
   - Enseñarle sobre los requisitos específicos de cada carrera (por ejemplo, necesitará ciertos niveles de inglés).

3. **Física**:
   - Considerar carreras relacionadas con física, ya que es una fuerte fortaleza.
   - Estudiar física en la universidad puede ser beneficioso.

4. **Computación e Informática**:
   - Considerar carr","Ruta educativa sugerida. Primera opción recomendada: INGENIERÍA AGRONÓMICA, con la mayor probabilidad estimada de ingreso (17.6 %). Alternativas: INGENIERÍA GEOLÓGICA (15.2 %) y EDUCACIÓN SECUNDARIA DE LA ESPECIALIDAD DE MATEMÁTICA, FÍSICA, COMPUTACIÓN E INFORMÁTICA (13.2 %). Tu fortaleza en Matemática es coherente con estas opciones. Para mejorar tus posibilidades, refuerza Inglés antes del examen. Estas probabilidades son estimaciones orientativas basadas en postulantes con perfiles similares, no una garantía de resultado.","Ruta educativa sugerida. Primera opción recomendada: EDUCACIÓN SECUNDARIA DE LA ESPECIALIDAD DE MATEMÁTICA, FÍSICA, COMPUTACIÓN E INFORMÁTICA, con la mayor probabilidad estimada de ingreso (36.7 %). Alternativas: INGENIERÍA AGRONÓMICA (36.7 %) y INGENIERÍA GEOLÓGICA (36.7 %). Tu fortaleza en Matemática es coherente con estas opciones. Para mejorar tus posibilidades, refuerza Inglés antes del examen. Estas probabilidades son estimaciones orientativas basadas en postulantes con perfiles similares, no una garantía de resultado."
Perfil del postulante: procede de un colegio público de área rural (UGEL LAMPA); promedio de secundaria con desempeño satisfactorio; mayor fortaleza en Ciencias Sociales y menor en Inglés; postulaciones anteriores: 0; preparación preuniversitaria: autoestudio; área de interés: sociales. Probabilidades estimadas de ingreso: SOCIOLOGÍA 26.6 %; TRABAJO SOCIAL 26.1 %; EDUCACIÓN FÍSICA 24.8 %. Genera una ruta educativa personalizada.,"Ruta educativa sugerida. Primera opción recomendada: SOCIOLOGÍA, con la mayor probabilidad estimada de ingreso (26.6 %). Alternativas: TRABAJO SOCIAL (26.1 %) y EDUCACIÓN FÍSICA (24.8 %). Tu fortaleza en Ciencias Sociales es coherente con estas opciones. Para mejorar tus posibilidades, refuerza Inglés antes del examen. Estas probabilidades son estimaciones orientativas basadas en postulantes con perfiles similares, no una garantía de resultado.","Basándome en el perfil proporcionado, aquí tienes una ruta educativa personalizada para que tu postulante pueda aprovechar sus fortalezas y potencial:

1. **Primera Semana**: 
   - **Iniciación al Estudiar**: Comienza con los fundamentos de la educación universitaria. Esto incluye matemáticas básicas, inglés básico y ciencias sociales.
   
2. **Segunda Semana**:
   - **Matemáticas Básicas**: Aprende los conceptos más importantes de álgebra y geometría. Es importante porque es fundamental para muchas áreas de estudio.
   
3. **Tercera Semana**:
   - **Ingles Básico**: Comience con lecciones de gramática básica y vocabulario. También puede considerar tomar clases particulares o utilizar aplicaciones educativas gratuitas como Duolingo o Rosetta Stone.

4. **Cuarta Semana**:
   - **Ci","Ruta educativa sugerida. Primera opción recomendada: SOCIOLOGÍA, con la mayor probabilidad estimada de ingreso (17.6 %). Alternativas: CIENCIAS CONTABLES (15.2 %) y TRABAJO SOCIAL (13.2 %). Tu fortaleza en Ciencias Sociales es coherente con estas opciones. Para mejorar tus posibilidades, refuerza Inglés antes del examen. Estas probabilidades son estimaciones orientativas basadas en postulantes con perfiles similares, no una garantía de resultado.","Ruta educativa sugerida. Primera opción recomendada: SOCIOLOGÍA, con la mayor probabilidad estimada de ingreso (26.6 %). Alternativas: TRABAJO SOCIAL (26.1 %) y EDUCACIÓN FÍSICA (24.8 %). Tu fortaleza en Ciencias Sociales es coherente con estas opciones. Para mejorar tus posibilidades, refuerza Inglés antes del examen. Estas probabilidades son estimaciones orientativas basadas en postulantes con perfiles similares, no una garantía de resultado."
Perfil del postulante: procede de un colegio público de área urbana (UGEL MELGAR); promedio de secundaria con desempeño satisfactorio; mayor fortaleza en Ciencia y Tecnología y menor en Matemática; postulaciones anteriores: 0; preparación preuniversitaria: academia particular; área de interés: ingenierías. Probabilidades estimadas de ingreso: INGENIERÍA AGRONÓMICA 11.0 %; INGENIERÍA GEOLÓGICA 9.2 %; INGENIERÍA ECONÓMICA 8.9 %. Genera una ruta educativa personalizada.,"Ruta educativa sugerida. Primera opción recomendada: INGENIERÍA AGRONÓMICA, con la mayor probabilidad estimada de ingreso (11.0 %). Alternativas: INGENIERÍA GEOLÓGICA (9.2 %) y INGENIERÍA ECONÓMICA (8.9 %). Tu fortaleza en Ciencia y Tecnología es coherente con estas opciones. Para mejorar tus posibilidades, refuerza Matemática antes del examen. Estas probabilidades son estimaciones orientativas basadas en postulantes con perfiles similares, no una garantía de resultado.","Basándome en el perfil proporcionado, aquí tienes una ruta educativa personalizada para que tu postulante pueda tener más posibilidades de ingresar a las carreras elegidas:

1. **Preparación Académica**:
   - **Matemáticas**: Comienza con los fundamentos matemáticos desde cero. Utiliza libros de texto de calidad como ""Algebra"" de Sánchez o ""Geometría"" de Sánchez.
   - **Ciencias y Tecnología**: En este campo, puedes empezar con libros de texto de ciencias naturales como ""Fundamentos de Física"" de Sánchez o ""Fundamentos de Química"" de Sánchez.

2. **Pruebas de Admisión**:
   - **Ingeniería Agronómica**: Para esta carrera, es importante familiarizarte con la biología, química y física aplicada. Considera libros como ""Biotecnología"" de","Ruta educativa sugerida. Primera opción recomendada: INGENIERÍA AGRONÓMICA, con la mayor probabilidad estimada de ingreso (17.6 %). Alternativas: INGENIERÍA GEOLÓGICA (15.2 %) y EDUCACIÓN SECUNDARIA DE LA ESPECIALIDAD DE MATEMÁTICA, FÍSICA, COMPUTACIÓN E INFORMÁTICA (13.2 %). Tu fortaleza en Ciencia y Tecnología es coherente con estas opciones. Para mejorar tus posibilidades, refuerza Matemática antes del examen. Estas probabilidades son estimaciones orientativas basadas en postulantes con perfiles similares, no una garantía de resultado.","Ruta educativa sugerida. Primera opción recomendada: INGENIERÍA AGRONÓMICA, con la mayor probabilidad estimada de ingreso (11.0 %). Alternativas: INGENIERÍA GEOLÓGICA (9.2 %) y INGENIERÍA ECONÓMICA (8.9 %). Tu fortaleza en Ciencia y Tecnología es coherente con estas opciones. Para mejorar tus posibilidades, refuerza Matemática antes del examen. Estas probabilidades son estimaciones orientativas basadas en postulantes con perfiles similares, no una garantía de resultado."
Perfil del postulante: procede de un colegio público de área urbana (nan); promedio de secundaria con desempeño satisfactorio; mayor fortaleza en Matemática y menor en Ciencias Sociales; postulaciones anteriores: 0; preparación preuniversitaria: academia particular; área de interés: ingenierías. Probabilidades estimadas de ingreso: INGENIERÍA AGRONÓMICA 5.3 %; INGENIERÍA GEOLÓGICA 5.1 %; INGENIERÍA MECÁNICA ELÉCTRICA 5.1 %. Genera una ruta educativa personalizada.,"Ruta educativa sugerida. Primera opción recomendada: INGENIERÍA AGRONÓMICA, con la mayor probabilidad estimada de ingreso (5.3 %). Alternativas: INGENIERÍA GEOLÓGICA (5.1 %) y INGENIERÍA MECÁNICA ELÉCTRICA (5.1 %). Tu fortaleza en Matemática es coherente con estas opciones. Para mejorar tus posibilidades, refuerza Ciencias Sociales antes del examen. Estas probabilidades son estimaciones orientativas basadas en postulantes con perfiles similares, no una garantía de resultado.","Basándome en el perfil proporcionado, aquí tienes una ruta educativa personalizada para que tu postulante pueda tener más posibilidades de ingresar a las carreras elegidas:

1. **Matemáticas**: 
   - Continuar tus estudios matemáticos en secundario.
   - Considerar opciones como matemáticas, física o química en la preparatoria.

2. **Ciencias Sociales**:
   - Revisar los temas clave en secundario.
   - Considerar cursos adicionales en ciencias sociales si es necesario.

3. **Ing. Agronomía**:
   - Estudiar agronomía en secundario.
   - Considerar cursos adicionales en biología o química.

4. **Ing. Geología**:
   - Estudiar geología en secundario.
   - Considerar cursos adicionales en mineralogía o geofísica.

5. **Ing. Mec","Ruta educativa sugerida. Primera opción recomendada: INGENIERÍA AGRONÓMICA, con la mayor probabilidad estimada de ingreso (17.6 %). Alternativas: INGENIERÍA GEOLÓGICA (15.2 %) y EDUCACIÓN SECUNDARIA DE LA ESPECIALIDAD DE MATEMÁTICA, FÍSICA, COMPUTACIÓN E INFORMÁTICA (13.2 %). Tu fortaleza en Matemática es coherente con estas opciones. Para mejorar tus posibilidades, refuerza Ciencias Sociales antes del examen. Estas probabilidades son estimaciones orientativas basadas en postulantes con perfiles similares, no una garantía de resultado.","Ruta educativa sugerida. Primera opción recomendada: INGENIERÍA AGRONÓMICA, con la mayor probabilidad estimada de ingreso (5.3 %). Alternativas: INGENIERÍA GEOLÓGICA (5.1 %) y INGENIERÍA MECÁNICA ELÉCTRICA (5.1 %). Tu fortaleza en Matemática es coherente con estas opciones. Para mejorar tus posibilidades, refuerza Ciencias Sociales antes del examen. Estas probabilidades son estimaciones orientativas basadas en postulantes con perfiles similares, no una garantía de resultado."
"Perfil del postulante: procede de un colegio público de área rural (nan); promedio de secundaria con desempeño satisfactorio; mayor fortaleza en Inglés y menor en Ciencia y Tecnología; postulaciones anteriores: 0; preparación preuniversitaria: cepreuna previo; área de interés: ingenierías. Probabilidades estimadas de ingreso: INGENIERÍA GEOLÓGICA 7.3 %; INGENIERÍA AGRONÓMICA 7.1 %; EDUCACIÓN SECUNDARIA DE LA ESPECIALIDAD DE MATEMÁTICA, FÍSICA, COMPUTACIÓN E INFORMÁTICA 5.8 %. Genera una ruta educativa personalizada.","Ruta educativa sugerida. Primera opción recomendada: INGENIERÍA GEOLÓGICA, con la mayor probabilidad estimada de ingreso (7.3 %). Alternativas: INGENIERÍA AGRONÓMICA (7.1 %) y EDUCACIÓN SECUNDARIA DE LA ESPECIALIDAD DE MATEMÁTICA, FÍSICA, COMPUTACIÓN E INFORMÁTICA (5.8 %). Tu fortaleza en Inglés es coherente con estas opciones. Para mejorar tus posibilidades, refuerza Ciencia y Tecnología antes del examen. Estas probabilidades son estimaciones orientativas basadas en postulantes con perfiles similares, no una garantía de resultado.","Basándome en el perfil y las probabilidades proporcionados, aquí tienes una ruta educativa personalizada para que tu postulante pueda aprovechar al máximo sus posibilidades:

1. **Iniciales de Preparación**: 
   - **Cepreuna**: Comienza con esta preparatoria ya que es parte de su currículum. Utiliza los recursos disponibles para revisar lo aprendido.
   
2. **Primeros Pasos Universitarios**:
   - **Ingles**: Continúa practicando inglés para mejorar su nivel. Considera tomar clases particulares o utilizar aplicaciones de aprendizaje en línea.
   - **Matemáticas**: Siempre es importante tener buenos conocimientos matemáticos. Considera cursos adicionales si aún no han completado todos los créditos necesarios.

3. **Segunda Semana Académica**:
   - **Ciencias**: Comienza a estudiar ciencias básicas como","Ruta educativa sugerida. Primera opción recomendada: INGENIERÍA AGRONÓMICA, con la mayor probabilidad estimada de ingreso (17.6 %). Alternativas: INGENIERÍA GEOLÓGICA (15.2 %) y EDUCACIÓN SECUNDARIA DE LA ESPECIALIDAD DE MATEMÁTICA, FÍSICA, COMPUTACIÓN E INFORMÁTICA (13.2 %). Tu fortaleza en Inglés es coherente con estas opciones. Para mejorar tus posibilidades, refuerza Ciencia y Tecnología antes del examen. Estas probabilidades son estimaciones orientativas basadas en postulantes con perfiles similares, no una garantía de resultado.","Ruta educativa sugerida. Primera opción recomendada: INGENIERÍA GEOLÓGICA, con la mayor probabilidad estimada de ingreso (7.3 %). Alternativas: INGENIERÍA AGRONÓMICA (7.1 %) y EDUCACIÓN SECUNDARIA DE LA ESPECIALIDAD DE MATEMÁTICA, FÍSICA, COMPUTACIÓN E INFORMÁTICA (5.8 %). Tu fortaleza en Inglés es coherente con estas opciones. Para mejorar tus posibilidades, refuerza Ciencia y Tecnología antes del examen. Estas probabilidades son estimaciones orientativas basadas en postulantes con perfiles similares, no una garantía de resultado."
Perfil del postulante: procede de un colegio privado de área urbana (UGEL SAN ROMÁN); promedio de secundaria con desempeño satisfactorio; mayor fortaleza en Comunicación y menor en Ciencia y Tecnología; postulaciones anteriores: 0; preparación preuniversitaria: academia particular; área de interés: sociales. Probabilidades estimadas de ingreso: SOCIOLOGÍA 18.2 %; TRABAJO SOCIAL 18.2 %; CIENCIAS CONTABLES 17.6 %. Genera una ruta educativa personalizada.,"Ruta educativa sugerida. Primera opción recomendada: SOCIOLOGÍA, con la mayor probabilidad estimada de ingreso (18.2 %). Alternativas: TRABAJO SOCIAL (18.2 %) y CIENCIAS CONTABLES (17.6 %). Tu fortaleza en Comunicación es coherente con estas opciones. Para mejorar tus posibilidades, refuerza Ciencia y Tecnología antes del examen. Estas probabilidades son estimaciones orientativas basadas en postulantes con perfiles similares, no una garantía de resultado.","Basándome en el perfil proporcionado, puedo generar una ruta educativa para que tu postulante tenga más posibilidades de ingresar a los campos de estudio elegidos.

1. **Primera Semana**: Inicia su preparación para la universidad. Esto incluye revisar sus notas de secundario, entender cómo funciona la matemática básica y aprender sobre los sistemas de numeración.

2. **Segunda Semana**: Comienza a estudiar ciencias básicas como química, física y biología. Asegúrese de entender conceptos fundamentales antes de avanzar a materias más complejas.

3. **Tercera Semana**: Empieza a trabajar en sus habilidades de comunicación. Esto puede implicar tomar clases de idiomas o cursos de escritura y presentación de informes.

4. **Cuarta Semana**: Comience a practicar sus habilidades de investigación. Esto podría implicar buscar información en","Ruta educativa sugerida. Primera opción recomendada: SOCIOLOGÍA, con la mayor probabilidad estimada de ingreso (17.6 %). Alternativas: TRABAJO SOCIAL (15.2 %) y ADMINISTRACIÓN (13.2 %). Tu fortaleza en Comunicación es coherente con estas opciones. Para mejorar tus posibilidades, refuerza Ciencia y Tecnología antes del examen. Estas probabilidades son estimaciones orientativas basadas en postulantes con perfiles similares, no una garantía de resultado.","Ruta educativa sugerida. Primera opción recomendada: SOCIOLOGÍA, con la mayor probabilidad estimada de ingreso (18.2 %). Alternativas: TRABAJO SOCIAL (18.2 %) y CIENCIAS CONTABLES (17.6 %). Tu fortaleza en Comunicación es coherente con estas opciones. Para mejorar tus posibilidades, refuerza Ciencia y Tecnología antes del examen. Estas probabilidades son estimaciones orientativas basadas en postulantes con perfiles similares, no una garantía de resultado."
Perfil del postulante: procede de un colegio público de área urbana (UGEL EL COLLAO); promedio de secundaria con desempeño satisfactorio; mayor fortaleza en Comunicación y menor en Matemática; postulaciones anteriores: 0; preparación preuniversitaria: cepreuna; área de interés: biomédicas. Probabilidades estimadas de ingreso: BIOLOGÍA: PESQUERÍA 16.6 %; BIOLOGÍA: ECOLOGÍA 11.0 %; MEDICINA VETERINARIA Y ZOOTECNIA 7.3 %. Genera una ruta educativa personalizada.,"Ruta educativa sugerida. Primera opción recomendada: BIOLOGÍA: PESQUERÍA, con la mayor probabilidad estimada de ingreso (16.6 %). Alternativas: BIOLOGÍA: ECOLOGÍA (11.0 %) y MEDICINA VETERINARIA Y ZOOTECNIA (7.3 %). Tu fortaleza en Comunicación es coherente con estas opciones. Para mejorar tus posibilidades, refuerza Matemática antes del examen. Estas probabilidades son estimaciones orientativas basadas en postulantes con perfiles similares, no una garantía de resultado.","Basándome en el perfil proporcionado, aquí tienes una ruta educativa personalizada para que tu postulante pueda aprovechar al máximo sus posibilidades:

1. **Comenzar su preparación universitaria**: 
   - **Primera Semana**: Iniciar los estudios de Preuniversitario CEPRENA.
   - **Segunda Semana**: Comenzar los cursos de matemáticas básicas.

2. **Establecer un plan de estudio**:
   - **Tercera Semana**: Estudiar por lo menos 4 horas diarias de matemáticas.
   - **Cuarta Semana**: Comenzar a practicar la comunicación escrita y oral.

3. **Formación práctica en Comunicación**:
   - **Quinta Semana**: Participar en talleres o seminarios sobre habilidades comunicativas.
   - **Sexta Semana**: Asignarse como redactor","Ruta educativa sugerida. Primera opción recomendada: BIOLOGÍA: PESQUERÍA, con la mayor probabilidad estimada de ingreso (17.6 %). Alternativas: BIOLOGÍA: ECOLOGÍA (13.2 %) y MEDICINA VETERINARIA Y ZOOTECNIA (8.9 %). Tu fortaleza en Comunicación es coherente con estas opciones. Para mejorar tus posibilidades, refuerza Matemática antes del examen. Estas probabilidades son estimaciones orientativas basadas en postulantes con perfiles similares, no una garantía de resultado.","Ruta educativa sugerida. Primera opción recomendada: BIOLOGÍA: PESQUERÍA, con la mayor probabilidad estimada de ingreso (16.6 %). Alternativas: BIOLOGÍA: ECOLOGÍA (11.0 %) y MEDICINA VETERINARIA Y ZOOTECNIA (7.3 %). Tu fortaleza en Comunicación es coherente con estas opciones. Para mejorar tus posibilidades, refuerza Matemática antes del examen. Estas probabilidades son estimaciones orientativas basadas en postulantes con perfiles similares, no una garantía de resultado."
Perfil del postulante: procede de un colegio público de área urbana (UGEL HUANCANÉ); promedio de secundaria con desempeño satisfactorio; mayor fortaleza en Matemática y menor en Comunicación; postulaciones anteriores: 0; preparación preuniversitaria: cepreuna previo; área de interés: biomédicas. Probabilidades estimadas de ingreso: BIOLOGÍA: PESQUERÍA 8.9 %; BIOLOGÍA: ECOLOGÍA 5.8 %; ODONTOLOGÍA 5.3 %. Genera una ruta educativa personalizada.,"Ruta educativa sugerida. Primera opción recomendada: BIOLOGÍA: PESQUERÍA, con la mayor probabilidad estimada de ingreso (8.9 %). Alternativas: BIOLOGÍA: ECOLOGÍA (5.8 %) y ODONTOLOGÍA (5.3 %). Tu fortaleza en Matemática es coherente con estas opciones. Para mejorar tus posibilidades, refuerza Comunicación antes del examen. Estas probabilidades son estimaciones orientativas basadas en postulantes con perfiles similares, no una garantía de resultado.","Basándome en el perfil proporcionado, aquí tienes una ruta educativa personalizada para que tu postulante pueda tener más posibilidades de ingresar a la carrera de Biomédica:

1. **Matemáticas**: 
   - Continuar tus estudios en matemáticas durante los primeros años universitarios.
   - Considerar opciones como ingeniería o ciencias de la computación si no has elegido esta opción antes.

2. **Comunicación**:
   - Si aún no lo has hecho, considerar carreras relacionadas con comunicación como publicidad, marketing o relaciones públicas.
   - Si te interesa comunicar, puedes considerar carreras como periodismo, publicidad o gestión de medios digitales.

3. **Biomédica**:
   - Asegurarte de que hayas tomado todas las materias necesarias para entrar a la carrera de Biomédica.
   - Considerar carreras como medicina","Ruta educativa sugerida. Primera opción recomendada: BIOLOGÍA: ECOLOGÍA, con la mayor probabilidad estimada de ingreso (17.6 %). Alternativas: BIOLOGÍA: PESQUERÍA (17.6 %) y NUTRICIÓN HUMANA (12.3 %). Tu fortaleza en Matemática es coherente con estas opciones. Para mejorar tus posibilidades, refuerza Comunicación antes del examen. Estas probabilidades son estimaciones orientativas basadas en postulantes con perfiles similares, no una garantía de resultado.","Ruta educativa sugerida. Primera opción recomendada: BIOLOGÍA: PESQUERÍA, con la mayor probabilidad estimada de ingreso (8.9 %). Alternativas: BIOLOGÍA: ECOLOGÍA (5.8 %) y ODONTOLOGÍA (5.3 %). Tu fortaleza en Matemática es coherente con estas opciones. Para mejorar tus posibilidades, refuerza Comunicación antes del examen. Estas probabilidades son estimaciones orientativas basadas en postulantes con perfiles similares, no una garantía de resultado."
Perfil del postulante: procede de un colegio público de área rural (UGEL EL COLLAO); promedio de secundaria con desempeño satisfactorio; mayor fortaleza en Inglés y menor en Ciencia y Tecnología; postulaciones anteriores: 0; preparación preuniversitaria: academia particular; área de interés: sociales. Probabilidades estimadas de ingreso: SOCIOLOGÍA 13.2 %; TRABAJO SOCIAL 12.3 %; ADMINISTRACIÓN 8.9 %. Genera una ruta educativa personalizada.,"Ruta educativa sugerida. Primera opción recomendada: SOCIOLOGÍA, con la mayor probabilidad estimada de ingreso (13.2 %). Alternativas: TRABAJO SOCIAL (12.3 %) y ADMINISTRACIÓN (8.9 %). Tu fortaleza en Inglés es coherente con estas opciones. Para mejorar tus posibilidades, refuerza Ciencia y Tecnología antes del examen. Estas probabilidades son estimaciones orientativas basadas en postulantes con perfiles similares, no una garantía de resultado.","Basándome en el perfil proporcionado, aquí tienes una ruta educativa personalizada para que tu postulante pueda aprovechar sus fortalezas y potencial:

1. **Iniciales de Secundaria**: 
   - Continúa tus estudios en secundario, especialmente en áreas donde tengas mayor fortaleza como inglés.
   - Considera opciones de carrera o carreras relacionadas con tu área de interés social.

2. **Preparación Preuniversitaria**:
   - Añade clases adicionales en inglés si aún no lo has hecho.
   - Si es posible, considera cursos de idiomas más avanzados si quieres mejorar aún más tu nivel de inglés.

3. **Carrera Universitaria**:
   - En caso de que quieras ingresar a la carrera de Socología, podrías considerar:
     - Un curso de especialización en ciencias sociales o economía política.
     - Una asignatura sobre género y sociedad","Ruta educativa sugerida. Primera opción recomendada: SOCIOLOGÍA, con la mayor probabilidad estimada de ingreso (17.6 %). Alternativas: TRABAJO SOCIAL (15.2 %) y ADMINISTRACIÓN (13.2 %). Tu fortaleza en Inglés es coherente con estas opciones. Para mejorar tus posibilidades, refuerza Ciencia y Tecnología antes del examen. Estas probabilidades son estimaciones orientativas basadas en postulantes con perfiles similares, no una garantía de resultado.","Ruta educativa sugerida. Primera opción recomendada: SOCIOLOGÍA, con la mayor probabilidad estimada de ingreso (13.2 %). Alternativas: TRABAJO SOCIAL (12.3 %) y ADMINISTRACIÓN (8.9 %). Tu fortaleza en Inglés es coherente con estas opciones. Para mejorar tus posibilidades, refuerza Ciencia y Tecnología antes del examen. Estas probabilidades son estimaciones orientativas basadas en postulantes con perfiles similares, no una garantía de resultado."
Perfil del postulante: procede de un colegio público de área urbana (UGEL PUNO); promedio de secundaria con desempeño satisfactorio; mayor fortaleza en Ciencias Sociales y menor en Inglés; postulaciones anteriores: 0; preparación preuniversitaria: nan; área de interés: sociales. Probabilidades estimadas de ingreso: SOCIOLOGÍA 8.9 %; EDUCACIÓN FÍSICA 7.1 %; CIENCIAS CONTABLES 5.8 %. Genera una ruta educativa personalizada.,"Ruta educativa sugerida. Primera opción recomendada: SOCIOLOGÍA, con la mayor probabilidad estimada de ingreso (8.9 %). Alternativas: EDUCACIÓN FÍSICA (7.1 %) y CIENCIAS CONTABLES (5.8 %). Tu fortaleza en Ciencias Sociales es coherente con estas opciones. Para mejorar tus posibilidades, refuerza Inglés antes del examen. Estas probabilidades son estimaciones orientativas basadas en postulantes con perfiles similares, no una garantía de resultado.","Basándome en el perfil proporcionado, aquí tienes una ruta educativa personalizada para que tu postulante pueda aprovechar sus fortalezas y potencial:

1. **Primera Semana**: 
   - **Iniciación al Estudio**: Comienza con los fundamentos de la educación universitaria. Selecciona materias básicas como Matemáticas, Lengua Inglesa o Historia.
   - **Primeros Contactos**: Enseñanza de Inglés básico si aún no lo domina.

2. **Segunda Semana**:
   - **Ciencias Sociales**: Aprovecha su fortaleza en este campo para comenzar con asignaturas relacionadas, como Geografía, Sociología o Pedagogía.
   - **Educación Física**: Siempre es útil tener conocimientos sobre salud y bienestar físico.

3. **Tercera Semana**:
   - **Matemáticas**: Es importante","Ruta educativa sugerida. Primera opción recomendada: SOCIOLOGÍA, con la mayor probabilidad estimada de ingreso (17.6 %). Alternativas: CIENCIAS CONTABLES (15.2 %) y EDUCACIÓN FÍSICA (13.2 %). Tu fortaleza en Ciencias Sociales es coherente con estas opciones. Para mejorar tus posibilidades, refuerza Inglés antes del examen. Estas probabilidades son estimaciones orientativas basadas en postulantes con perfiles similares, no una garantía de resultado.","Ruta educativa sugerida. Primera opción recomendada: SOCIOLOGÍA, con la mayor probabilidad estimada de ingreso (8.9 %). Alternativas: EDUCACIÓN FÍSICA (7.1 %) y CIENCIAS CONTABLES (5.8 %). Tu fortaleza en Ciencias Sociales es coherente con estas opciones. Para mejorar tus posibilidades, refuerza Inglés antes del examen. Estas probabilidades son estimaciones orientativas basadas en postulantes con perfiles similares, no una garantía de resultado."
"Perfil del postulante: procede de un colegio público de área urbana (UGEL LAMPA); promedio de secundaria con desempeño satisfactorio; mayor fortaleza en Ciencia y Tecnología y menor en Inglés; postulaciones anteriores: 0; preparación preuniversitaria: academia particular; área de interés: ingenierías. Probabilidades estimadas de ingreso: EDUCACIÓN SECUNDARIA DE LA ESPECIALIDAD DE MATEMÁTICA, FÍSICA, COMPUTACIÓN E INFORMÁTICA 42.2 %; ARQUITECTURA Y URBANISMO 36.7 %; INGENIERÍA AGRONÓMICA 36.7 %. Genera una ruta educativa personalizada.","Ruta educativa sugerida. Primera opción recomendada: EDUCACIÓN SECUNDARIA DE LA ESPECIALIDAD DE MATEMÁTICA, FÍSICA, COMPUTACIÓN E INFORMÁTICA, con la mayor probabilidad estimada de ingreso (42.2 %). Alternativas: ARQUITECTURA Y URBANISMO (36.7 %) y INGENIERÍA AGRONÓMICA (36.7 %). Tu fortaleza en Ciencia y Tecnología es coherente con estas opciones. Para mejorar tus posibilidades, refuerza Inglés antes del examen. Estas probabilidades son estimaciones orientativas basadas en postulantes con perfiles similares, no una garantía de resultado.","Basándome en el perfil y las probabilidades proporcionados, aquí tienes una ruta educativa personalizada para que tu postulante pueda aprovechar al máximo sus posibilidades:

1. **Primera Semana**: 
   - **Matemáticas**: Comienza con los fundamentos matemáticos. La Matemática es fundamental en todas las carreras universitarias.
   - **Física**: Continúa con la física porque es una base importante en muchas áreas de ingeniería.

2. **Segunda Semana**:
   - **Computación e Informática**: Esta carrera requiere habilidades en programación y lenguajes de programación, lo cual puede ser útil si ya tiene experiencia en estos temas.
   - **Inglés**: Si aún no ha tomado clases de inglés, considera comenzar a practicarlo. Es crucial para muchas carreras técnicas y profesionales.

3. **Terminación de Semana**","Ruta educativa sugerida. Primera opción recomendada: INGENIERÍA AGRONÓMICA, con la mayor probabilidad estimada de ingreso (17.6 %). Alternativas: INGENIERÍA GEOLÓGICA (15.2 %) y EDUCACIÓN SECUNDARIA DE LA ESPECIALIDAD DE MATEMÁTICA, FÍSICA, COMPUTACIÓN E INFORMÁTICA (13.2 %). Tu fortaleza en Ciencia y Tecnología es coherente con estas opciones. Para mejorar tus posibilidades, refuerza Inglés antes del examen. Estas probabilidades son estimaciones orientativas basadas en postulantes con perfiles similares, no una garantía de resultado.","Ruta educativa sugerida. Primera opción recomendada: EDUCACIÓN SECUNDARIA DE LA ESPECIALIDAD DE MATEMÁTICA, FÍSICA, COMPUTACIÓN E INFORMÁTICA, con la mayor probabilidad estimada de ingreso (42.2 %). Alternativas: ARQUITECTURA Y URBANISMO (36.7 %) y INGENIERÍA AGRONÓMICA (36.7 %). Tu fortaleza en Ciencia y Tecnología es coherente con estas opciones. Para mejorar tus posibilidades, refuerza Inglés antes del examen. Estas probabilidades son estimaciones orientativas basadas en postulantes con perfiles similares, no una garantía de resultado."
Perfil del postulante: procede de un colegio privado de área urbana (UGEL PUNO); promedio de secundaria con desempeño satisfactorio; mayor fortaleza en Comunicación y menor en Inglés; postulaciones anteriores: 0; preparación preuniversitaria: academia particular; área de interés: biomédicas. Probabilidades estimadas de ingreso: BIOLOGÍA: PESQUERÍA 12.3 %; BIOLOGÍA: ECOLOGÍA 10.5 %; NUTRICIÓN HUMANA 5.8 %. Genera una ruta educativa personalizada.,"Ruta educativa sugerida. Primera opción recomendada: BIOLOGÍA: PESQUERÍA, con la mayor probabilidad estimada de ingreso (12.3 %). Alternativas: BIOLOGÍA: ECOLOGÍA (10.5 %) y NUTRICIÓN HUMANA (5.8 %). Tu fortaleza en Comunicación es coherente con estas opciones. Para mejorar tus posibilidades, refuerza Inglés antes del examen. Estas probabilidades son estimaciones orientativas basadas en postulantes con perfiles similares, no una garantía de resultado.","Basándome en el perfil proporcionado, aquí tienes una ruta educativa personalizada para que tu postulante pueda tener más posibilidades de ingresar a la carrera de Biomédica:

1. **Preparación Académica**:
   - **Primera Semana**: Revisar los fundamentos de la biología básica.
   - **Segunda Semana**: Estudiar los aspectos básicos de la química y la física aplicados a la biología.
   - **Tercera Semana**: Introducirse al estudio de la genética básica.

2. **Primer Ano Universitario**:
   - **Semana 1-4**: Continuar con la química y la física aplicadas a la biología.
   - **Semana 5-6**: Enfocarse en la genética y sus aplicaciones prácticas.
   - **Semana 7-8**: Comenzar","Ruta educativa sugerida. Primera opción recomendada: BIOLOGÍA: ECOLOGÍA, con la mayor probabilidad estimada de ingreso (17.6 %). Alternativas: BIOLOGÍA: PESQUERÍA (17.6 %) y NUTRICIÓN HUMANA (12.3 %). Tu fortaleza en Comunicación es coherente con estas opciones. Para mejorar tus posibilidades, refuerza Inglés antes del examen. Estas probabilidades son estimaciones orientativas basadas en postulantes con perfiles similares, no una garantía de resultado.","Ruta educativa sugerida. Primera opción recomendada: BIOLOGÍA: PESQUERÍA, con la mayor probabilidad estimada de ingreso (12.3 %). Alternativas: BIOLOGÍA: ECOLOGÍA (10.5 %) y NUTRICIÓN HUMANA (5.8 %). Tu fortaleza en Comunicación es coherente con estas opciones. Para mejorar tus posibilidades, refuerza Inglés antes del examen. Estas probabilidades son estimaciones orientativas basadas en postulantes con perfiles similares, no una garantía de resultado."
Perfil del postulante: procede de un colegio público de área urbana (UGEL PUNO); promedio de secundaria con desempeño satisfactorio; mayor fortaleza en Ciencia y Tecnología y menor en Inglés; postulaciones anteriores: 0; preparación preuniversitaria: cepreuna; área de interés: ingenierías. Probabilidades estimadas de ingreso: INGENIERÍA AGRONÓMICA 26.1 %; INGENIERÍA GEOLÓGICA 24.8 %; INGENIERÍA ECONÓMICA 20.7 %. Genera una ruta educativa personalizada.,"Ruta educativa sugerida. Primera opción recomendada: INGENIERÍA AGRONÓMICA, con la mayor probabilidad estimada de ingreso (26.1 %). Alternativas: INGENIERÍA GEOLÓGICA (24.8 %) y INGENIERÍA ECONÓMICA (20.7 %). Tu fortaleza en Ciencia y Tecnología es coherente con estas opciones. Para mejorar tus posibilidades, refuerza Inglés antes del examen. Estas probabilidades son estimaciones orientativas basadas en postulantes con perfiles similares, no una garantía de resultado.","Basándome en el perfil proporcionado, aquí tienes una ruta educativa personalizada para que tu postulante pueda tener más posibilidades de ingresar a una de las carreras elegidas:

1. **Preparación Preuniversitaria**: 
   - Continuar con la preparación preuniversitaria vigente.
   - Considerar opciones adicionales como:
     - CEPRENA (Centro de Educación Profesional de la Región Norte).
     - Opciones de educación superior en línea si es posible.

2. **Matrícula Universitaria**:
   - Matricularse en una carrera de Ingeniería Agronómica o Ingeniería Geológica.
   - Si no puede acceder directamente a estas carreras, considerar otras alternativas dentro de la misma área de estudio.

3. **Ingeniería Agronómica**:
   - Estudiar los fundamentos de la agricultura y la","Ruta educativa sugerida. Primera opción recomendada: INGENIERÍA AGRONÓMICA, con la mayor probabilidad estimada de ingreso (17.6 %). Alternativas: INGENIERÍA GEOLÓGICA (15.2 %) y EDUCACIÓN SECUNDARIA DE LA ESPECIALIDAD DE MATEMÁTICA, FÍSICA, COMPUTACIÓN E INFORMÁTICA (13.2 %). Tu fortaleza en Ciencia y Tecnología es coherente con estas opciones. Para mejorar tus posibilidades, refuerza Inglés antes del examen. Estas probabilidades son estimaciones orientativas basadas en postulantes con perfiles similares, no una garantía de resultado.","Ruta educativa sugerida. Primera opción recomendada: INGENIERÍA AGRONÓMICA, con la mayor probabilidad estimada de ingreso (26.1 %). Alternativas: INGENIERÍA GEOLÓGICA (24.8 %) y INGENIERÍA ECONÓMICA (20.7 %). Tu fortaleza en Ciencia y Tecnología es coherente con estas opciones. Para mejorar tus posibilidades, refuerza Inglés antes del examen. Estas probabilidades son estimaciones orientativas basadas en postulantes con perfiles similares, no una garantía de resultado."
Perfil del postulante: procede de un colegio público de área urbana (UGEL AZÁNGARO); promedio de secundaria con desempeño satisfactorio; mayor fortaleza en Comunicación y menor en Ciencias Sociales; postulaciones anteriores: 0; preparación preuniversitaria: ninguna; área de interés: sociales. Probabilidades estimadas de ingreso: SOCIOLOGÍA 7.1 %; TRABAJO SOCIAL 5.8 %; ADMINISTRACIÓN 5.1 %. Genera una ruta educativa personalizada.,"Ruta educativa sugerida. Primera opción recomendada: SOCIOLOGÍA, con la mayor probabilidad estimada de ingreso (7.1 %). Alternativas: TRABAJO SOCIAL (5.8 %) y ADMINISTRACIÓN (5.1 %). Tu fortaleza en Comunicación es coherente con estas opciones. Para mejorar tus posibilidades, refuerza Ciencias Sociales antes del examen y considera una preparación preuniversitaria estructurada. Estas probabilidades son estimaciones orientativas basadas en postulantes con perfiles similares, no una garantía de resultado.","Basándome en el perfil proporcionado, aquí tienes una ruta educativa personalizada para que tu postulante pueda aprovechar sus fortalezas y potencial:

1. **Comenzar su educación universitaria**: En este punto, considerando los resultados de la prueba SAT o ACT, podrías sugerirle que se dirija a la carrera de Trabajo Social. Esta opción tiene un porcentaje de 5.8% de posibilidad de ingreso, lo cual es bastante favorable teniendo en cuenta que ya ha demostrado habilidades en comunicación.

2. **Continuar en la carrera de Trabajo Social**: Si tu postulante decide seguir esta ruta, te recomendaría que se especialice en áreas como Prevención de Delitos, Gestión de Conflictos Laborales, o en temas relacionados con la justicia social. Esto podría ayudarlo a maximizar sus oportunidades laborales en el futuro.

3. **Reevaluar su plan","Ruta educativa sugerida. Primera opción recomendada: SOCIOLOGÍA, con la mayor probabilidad estimada de ingreso (17.6 %). Alternativas: CIENCIAS CONTABLES (15.2 %) y TRABAJO SOCIAL (13.2 %). Tu fortaleza en Comunicación es coherente con estas opciones. Para mejorar tus posibilidades, refuerza Ciencias Sociales antes del examen y considera una preparación preuniversitaria estructurada. Estas probabilidades son estimaciones orientativas basadas en postulantes con perfiles similares, no una garantía de resultado.","Ruta educativa sugerida. Primera opción recomendada: SOCIOLOGÍA, con la mayor probabilidad estimada de ingreso (7.1 %). Alternativas: TRABAJO SOCIAL (5.8 %) y ADMINISTRACIÓN (5.1 %). Tu fortaleza en Comunicación es coherente con estas opciones. Para mejorar tus posibilidades, refuerza Ciencias Sociales antes del examen y considera una preparación preuniversitaria estructurada. Estas probabilidades son estimaciones orientativas basadas en postulantes con perfiles similares, no una garantía de resultado."
Perfil del postulante: procede de un colegio público de área urbana (UGEL SAN ROMÁN); promedio de secundaria con desempeño satisfactorio; mayor fortaleza en Comunicación y menor en Matemática; postulaciones anteriores: 0; preparación preuniversitaria: cepreuna; área de interés: sociales. Probabilidades estimadas de ingreso: SOCIOLOGÍA 26.8 %; TRABAJO SOCIAL 24.8 %; CIENCIAS CONTABLES 17.6 %. Genera una ruta educativa personalizada.,"Ruta educativa sugerida. Primera opción recomendada: SOCIOLOGÍA, con la mayor probabilidad estimada de ingreso (26.8 %). Alternativas: TRABAJO SOCIAL (24.8 %) y CIENCIAS CONTABLES (17.6 %). Tu fortaleza en Comunicación es coherente con estas opciones. Para mejorar tus posibilidades, refuerza Matemática antes del examen. Estas probabilidades son estimaciones orientativas basadas en postulantes con perfiles similares, no una garantía de resultado.","Basándome en el perfil proporcionado, puedo generar una ruta educativa para que tu postulante pueda aprovechar sus fortalezas y potencialidades. Aquí te presento algunas sugerencias:

1. **Comenzar con los fundamentos**: Aunque su desempeño en matemáticas es limitado, puede comenzar con cursos básicos de matemáticas para consolidar sus habilidades. Esto le permitirá luego superar estos retos.

2. **Iniciar en la carrera profesional**: En lugar de empezar directamente en la carrera universitaria, puedes considerar iniciar con un curso de preparación para el trabajo social o la comunicación. Estos cursos pueden ayudarlo a desarrollar habilidades prácticas antes de entrar al mundo académico.

3. **Formación en Comunicación**: Considerando que tiene mayor fortaleza en esta materia, podría optar por carreras relacionadas con la comunicación como publicidad, marketing o","Ruta educativa sugerida. Primera opción recomendada: SOCIOLOGÍA, con la mayor probabilidad estimada de ingreso (17.6 %). Alternativas: TRABAJO SOCIAL (15.2 %) y CIENCIAS CONTABLES (13.2 %). Tu fortaleza en Comunicación es coherente con estas opciones. Para mejorar tus posibilidades, refuerza Matemática antes del examen. Estas probabilidades son estimaciones orientativas basadas en postulantes con perfiles similares, no una garantía de resultado.","Ruta educativa sugerida. Primera opción recomendada: SOCIOLOGÍA, con la mayor probabilidad estimada de ingreso (26.8 %). Alternativas: TRABAJO SOCIAL (24.8 %) y CIENCIAS CONTABLES (17.6 %). Tu fortaleza en Comunicación es coherente con estas opciones. Para mejorar tus posibilidades, refuerza Matemática antes del examen. Estas probabilidades son estimaciones orientativas basadas en postulantes con perfiles similares, no una garantía de resultado."
Perfil del postulante: procede de un colegio privado de área rural (UGEL CAJAMARCA); promedio de secundaria con desempeño satisfactorio; mayor fortaleza en Ciencias Sociales y menor en Matemática; postulaciones anteriores: 0; preparación preuniversitaria: academia particular; área de interés: sociales. Probabilidades estimadas de ingreso: TRABAJO SOCIAL 5.1 %; SOCIOLOGÍA 5.1 %; ADMINISTRACIÓN 3.1 %. Genera una ruta educativa personalizada.,"Ruta educativa sugerida. Primera opción recomendada: TRABAJO SOCIAL, con la mayor probabilidad estimada de ingreso (5.1 %). Alternativas: SOCIOLOGÍA (5.1 %) y ADMINISTRACIÓN (3.1 %). Tu fortaleza en Ciencias Sociales es coherente con estas opciones. Para mejorar tus posibilidades, refuerza Matemática antes del examen. Estas probabilidades son estimaciones orientativas basadas en postulantes con perfiles similares, no una garantía de resultado.","Basándome en el perfil proporcionado, puedo generar una ruta educativa para que tu postulante pueda aprovechar sus fortalezas y potencialidades. Aquí te presento algunas sugerencias:

1. **Matemáticas**: Aunque no es su fuerte, puede mejorar su rendimiento matemático con dedicación y práctica. Considera tomar clases particulares o grupos de estudio para complementar los materiales escolares.

2. **Ciencias Sociales**: Esta es su fortaleza. Investiga sobre temas interesantes en esta área y busca oportunidades para aplicarlo en actividades extracurriculares o prácticas laborales.

3. **Preparación Preuniversitaria**: Siempre mantén tus estudios actualizados y revisa material especializado para futuros cursos universitarios.

4. **Trabajo Social**: Este campo requiere habilidades sociales y comunicativas. Busca oportunidades de participación social o voluntariado para desarroll","Ruta educativa sugerida. Primera opción recomendada: SOCIOLOGÍA, con la mayor probabilidad estimada de ingreso (17.6 %). Alternativas: ADMINISTRACIÓN (13.2 %) y EDUCACIÓN FÍSICA (13.2 %). Tu fortaleza en Ciencias Sociales es coherente con estas opciones. Para mejorar tus posibilidades, refuerza Matemática antes del examen. Estas probabilidades son estimaciones orientativas basadas en postulantes con perfiles similares, no una garantía de resultado.","Ruta educativa sugerida. Primera opción recomendada: TRABAJO SOCIAL, con la mayor probabilidad estimada de ingreso (5.1 %). Alternativas: SOCIOLOGÍA (5.1 %) y ADMINISTRACIÓN (3.1 %). Tu fortaleza en Ciencias Sociales es coherente con estas opciones. Para mejorar tus posibilidades, refuerza Matemática antes del examen. Estas probabilidades son estimaciones orientativas basadas en postulantes con perfiles similares, no una garantía de resultado."
Perfil del postulante: procede de un colegio público de área rural (UGEL MELGAR); promedio de secundaria con desempeño satisfactorio; mayor fortaleza en Ciencias Sociales y menor en Ciencia y Tecnología; postulaciones anteriores: 0; preparación preuniversitaria: cepreuna; área de interés: ingenierías. Probabilidades estimadas de ingreso: INGENIERÍA AGRONÓMICA 42.2 %; INGENIERÍA MECÁNICA ELÉCTRICA 42.2 %; INGENIERÍA TOPOGRÁFICA Y AGRIMENSURA 42.2 %. Genera una ruta educativa personalizada.,"Ruta educativa sugerida. Primera opción recomendada: INGENIERÍA AGRONÓMICA, con la mayor probabilidad estimada de ingreso (42.2 %). Alternativas: INGENIERÍA MECÁNICA ELÉCTRICA (42.2 %) y INGENIERÍA TOPOGRÁFICA Y AGRIMENSURA (42.2 %). Tu fortaleza en Ciencias Sociales es coherente con estas opciones. Para mejorar tus posibilidades, refuerza Ciencia y Tecnología antes del examen. Estas probabilidades son estimaciones orientativas basadas en postulantes con perfiles similares, no una garantía de resultado.","Basándome en el perfil y las probabilidades proporcionados, aquí tienes una ruta educativa personalizada para que tu postulante pueda aprovechar al máximo sus posibilidades:

1. **Primera Semana**: 
   - **Iniciación Académica**: Comienza con los fundamentos de la matemática básica y ciencias naturales.
   - **Primeros Pasos en Ciencias Sociales**: Inicia con temas como historia, geografía y economía.

2. **Segunda Semana**:
   - **Matemáticas Básicas**: Continúa con los conceptos básicos de álgebra y geometría.
   - **Ciencias Naturales**: Introduce conceptos de física y química.

3. **Tercera Semana**:
   - **Geografía**: Comienza con mapas y mapas globales.
   - **Historia**: Inicia con la historia local y regional.

4. **Cuarta","Ruta educativa sugerida. Primera opción recomendada: INGENIERÍA AGRONÓMICA, con la mayor probabilidad estimada de ingreso (17.6 %). Alternativas: INGENIERÍA GEOLÓGICA (15.2 %) y EDUCACIÓN SECUNDARIA DE LA ESPECIALIDAD DE MATEMÁTICA, FÍSICA, COMPUTACIÓN E INFORMÁTICA (13.2 %). Tu fortaleza en Ciencias Sociales es coherente con estas opciones. Para mejorar tus posibilidades, refuerza Ciencia y Tecnología antes del examen. Estas probabilidades son estimaciones orientativas basadas en postulantes con perfiles similares, no una garantía de resultado.","Ruta educativa sugerida. Primera opción recomendada: INGENIERÍA AGRONÓMICA, con la mayor probabilidad estimada de ingreso (42.2 %). Alternativas: INGENIERÍA MECÁNICA ELÉCTRICA (42.2 %) y INGENIERÍA TOPOGRÁFICA Y AGRIMENSURA (42.2 %). Tu fortaleza en Ciencias Sociales es coherente con estas opciones. Para mejorar tus posibilidades, refuerza Ciencia y Tecnología antes del examen. Estas probabilidades son estimaciones orientativas basadas en postulantes con perfiles similares, no una garantía de resultado."
Perfil del postulante: procede de un colegio público de área rural (UGEL CARABAYA); promedio de secundaria con desempeño satisfactorio; mayor fortaleza en Ciencia y Tecnología y menor en Matemática; postulaciones anteriores: 0; preparación preuniversitaria: autoestudio; área de interés: ingenierías. Probabilidades estimadas de ingreso: INGENIERÍA AGRONÓMICA 5.8 %; INGENIERÍA TOPOGRÁFICA Y AGRIMENSURA 5.3 %; INGENIERÍA GEOLÓGICA 4.8 %. Genera una ruta educativa personalizada.,"Ruta educativa sugerida. Primera opción recomendada: INGENIERÍA AGRONÓMICA, con la mayor probabilidad estimada de ingreso (5.8 %). Alternativas: INGENIERÍA TOPOGRÁFICA Y AGRIMENSURA (5.3 %) y INGENIERÍA GEOLÓGICA (4.8 %). Tu fortaleza en Ciencia y Tecnología es coherente con estas opciones. Para mejorar tus posibilidades, refuerza Matemática antes del examen. Estas probabilidades son estimaciones orientativas basadas en postulantes con perfiles similares, no una garantía de resultado.","Basándome en el perfil proporcionado, aquí tienes una ruta educativa personalizada para que tu postulante pueda aprovechar al máximo sus posibilidades:

1. **Reforzar conocimientos en Ciencias y Tecnología**: 
   - Continuar estudiando matemáticas avanzadas si es necesario.
   - Considerar cursos adicionales en física o química para complementar su base científica.

2. **Prepararse para la Ingeniería Agronómica**:
   - Estudiar más sobre agricultura y manejo de cultivos.
   - Practicar problemas prácticos relacionados con la producción agrícola.
   - Participar en talleres o seminarios sobre temas específicos de esta carrera.

3. **Prepararse para la Ingeniería Topográfica y Agrimensurada**:
   - Estudiar más sobre geografía e hidrología.
   - Practicar problemas práct","Ruta educativa sugerida. Primera opción recomendada: INGENIERÍA AGRONÓMICA, con la mayor probabilidad estimada de ingreso (17.6 %). Alternativas: INGENIERÍA GEOLÓGICA (15.2 %) y EDUCACIÓN SECUNDARIA DE LA ESPECIALIDAD DE MATEMÁTICA, FÍSICA, COMPUTACIÓN E INFORMÁTICA (13.2 %). Tu fortaleza en Ciencia y Tecnología es coherente con estas opciones. Para mejorar tus posibilidades, refuerza Matemática antes del examen. Estas probabilidades son estimaciones orientativas basadas en postulantes con perfiles similares, no una garantía de resultado.","Ruta educativa sugerida. Primera opción recomendada: INGENIERÍA AGRONÓMICA, con la mayor probabilidad estimada de ingreso (5.8 %). Alternativas: INGENIERÍA TOPOGRÁFICA Y AGRIMENSURA (5.3 %) y INGENIERÍA GEOLÓGICA (4.8 %). Tu fortaleza en Ciencia y Tecnología es coherente con estas opciones. Para mejorar tus posibilidades, refuerza Matemática antes del examen. Estas probabilidades son estimaciones orientativas basadas en postulantes con perfiles similares, no una garantía de resultado."
Perfil del postulante: procede de un colegio público de área urbana (UGEL CARABAYA); promedio de secundaria con desempeño en proceso; mayor fortaleza en Ciencias Sociales y menor en Matemática; postulaciones anteriores: 0; preparación preuniversitaria: academia particular; área de interés: ingenierías. Probabilidades estimadas de ingreso: INGENIERÍA AGRONÓMICA 7.1 %; INGENIERÍA GEOLÓGICA 5.8 %; INGENIERÍA MECÁNICA ELÉCTRICA 5.3 %. Genera una ruta educativa personalizada.,"Ruta educativa sugerida. Primera opción recomendada: INGENIERÍA AGRONÓMICA, con la mayor probabilidad estimada de ingreso (7.1 %). Alternativas: INGENIERÍA GEOLÓGICA (5.8 %) y INGENIERÍA MECÁNICA ELÉCTRICA (5.3 %). Tu fortaleza en Ciencias Sociales es coherente con estas opciones. Para mejorar tus posibilidades, refuerza Matemática antes del examen. Estas probabilidades son estimaciones orientativas basadas en postulantes con perfiles similares, no una garantía de resultado.","Basándome en el perfil proporcionado, aquí tienes una ruta educativa personalizada para que tu postulante pueda tener más posibilidades de ingresar a las carreras elegidas:

1. **Preparación Académica**:
   - **Matemáticas**: Comienza con los fundamentos matemáticos desde cero. Utiliza libros de texto de calidad como ""Algebra"" de Sánchez o ""Geometría"" de Rincón.
   - **Ciencias Sociales**: Investiga sobre temas interesantes en este campo. Considera libros como ""La Tierra"" de James Lovelock o ""El Mundo Moderno"" de David Attenborough.

2. **Pruebas de Admisión**:
   - **Ingeniería Agronómica**: Esta carrera requiere conocimientos avanzados en biología, química y física. Busca libros especializados en estos campos como ""Biotecnología"" de Kopp ou","Ruta educativa sugerida. Primera opción recomendada: INGENIERÍA AGRONÓMICA, con la mayor probabilidad estimada de ingreso (17.6 %). Alternativas: INGENIERÍA GEOLÓGICA (15.2 %) y EDUCACIÓN SECUNDARIA DE LA ESPECIALIDAD DE MATEMÁTICA, FÍSICA, COMPUTACIÓN E INFORMÁTICA (13.2 %). Tu fortaleza en Ciencias Sociales es coherente con estas opciones. Para mejorar tus posibilidades, refuerza Matemática antes del examen. Estas probabilidades son estimaciones orientativas basadas en postulantes con perfiles similares, no una garantía de resultado.","Ruta educativa sugerida. Primera opción recomendada: INGENIERÍA AGRONÓMICA, con la mayor probabilidad estimada de ingreso (7.1 %). Alternativas: INGENIERÍA GEOLÓGICA (5.8 %) y INGENIERÍA MECÁNICA ELÉCTRICA (5.3 %). Tu fortaleza en Ciencias Sociales es coherente con estas opciones. Para mejorar tus posibilidades, refuerza Matemática antes del examen. Estas probabilidades son estimaciones orientativas basadas en postulantes con perfiles similares, no una garantía de resultado."
Perfil del postulante: procede de un colegio público de área urbana (UGEL MELGAR); promedio de secundaria con desempeño satisfactorio; mayor fortaleza en Ciencia y Tecnología y menor en Matemática; postulaciones anteriores: 0; preparación preuniversitaria: academia particular; área de interés: ingenierías. Probabilidades estimadas de ingreso: INGENIERÍA AGRONÓMICA 12.3 %; INGENIERÍA ECONÓMICA 9.2 %; INGENIERÍA GEOLÓGICA 8.9 %. Genera una ruta educativa personalizada.,"Ruta educativa sugerida. Primera opción recomendada: INGENIERÍA AGRONÓMICA, con la mayor probabilidad estimada de ingreso (12.3 %). Alternativas: INGENIERÍA ECONÓMICA (9.2 %) y INGENIERÍA GEOLÓGICA (8.9 %). Tu fortaleza en Ciencia y Tecnología es coherente con estas opciones. Para mejorar tus posibilidades, refuerza Matemática antes del examen. Estas probabilidades son estimaciones orientativas basadas en postulantes con perfiles similares, no una garantía de resultado.","Basándome en el perfil proporcionado, aquí tienes una ruta educativa personalizada para que tu postulante pueda tener más posibilidades de ingresar a las carreras elegidas:

1. **Preparación Académica**: Comienza con un curso de matemáticas avanzadas. La matemática es fundamental en todas las carreras, especialmente en Ingeniería Agronómica y Económica.

2. **Ciencias Naturales**: Continúa con cursos de ciencias naturales como química o física. Estas materias son cruciales para entender los sistemas agrícolas y económicos.

3. **Ingles**: Mejora tus habilidades en inglés, ya que será útil en todos los campos de estudio. Considera un curso de idioma durante tu preparación.

4. **Ingeniería Agronómica**:
   - **Matemáticas**: Continuarás trabajando en matemáticas.
   - **Qu","Ruta educativa sugerida. Primera opción recomendada: INGENIERÍA AGRONÓMICA, con la mayor probabilidad estimada de ingreso (17.6 %). Alternativas: INGENIERÍA GEOLÓGICA (15.2 %) y EDUCACIÓN SECUNDARIA DE LA ESPECIALIDAD DE MATEMÁTICA, FÍSICA, COMPUTACIÓN E INFORMÁTICA (13.2 %). Tu fortaleza en Ciencia y Tecnología es coherente con estas opciones. Para mejorar tus posibilidades, refuerza Matemática antes del examen. Estas probabilidades son estimaciones orientativas basadas en postulantes con perfiles similares, no una garantía de resultado.","Ruta educativa sugerida. Primera opción recomendada: INGENIERÍA AGRONÓMICA, con la mayor probabilidad estimada de ingreso (12.3 %). Alternativas: INGENIERÍA ECONÓMICA (9.2 %) y INGENIERÍA GEOLÓGICA (8.9 %). Tu fortaleza en Ciencia y Tecnología es coherente con estas opciones. Para mejorar tus posibilidades, refuerza Matemática antes del examen. Estas probabilidades son estimaciones orientativas basadas en postulantes con perfiles similares, no una garantía de resultado."
Perfil del postulante: procede de un colegio público de área rural (UGEL CHUCUITO); promedio de secundaria con desempeño satisfactorio; mayor fortaleza en Comunicación y menor en Ciencia y Tecnología; postulaciones anteriores: 0; preparación preuniversitaria: academia particular; área de interés: ingenierías. Probabilidades estimadas de ingreso: INGENIERÍA AGRONÓMICA 7.3 %; INGENIERÍA GEOLÓGICA 7.1 %; INGENIERÍA TOPOGRÁFICA Y AGRIMENSURA 7.1 %. Genera una ruta educativa personalizada.,"Ruta educativa sugerida. Primera opción recomendada: INGENIERÍA AGRONÓMICA, con la mayor probabilidad estimada de ingreso (7.3 %). Alternativas: INGENIERÍA GEOLÓGICA (7.1 %) y INGENIERÍA TOPOGRÁFICA Y AGRIMENSURA (7.1 %). Tu fortaleza en Comunicación es coherente con estas opciones. Para mejorar tus posibilidades, refuerza Ciencia y Tecnología antes del examen. Estas probabilidades son estimaciones orientativas basadas en postulantes con perfiles similares, no una garantía de resultado.","Basándome en el perfil y las probabilidades proporcionados, aquí tienes una ruta educativa personalizada para que tu postulante pueda aprovechar al máximo sus posibilidades:

1. **Comenzar su preparación universitaria**: 
   - **Instituto Superior Técnico o Académico**: Considerando que ya ha tenido experiencia en la preparación preuniversitaria, este paso podría ser más rápido.
   
2. **Matricularse en la carrera de Ingeniería Agronomía**:
   - **Primer año**: Incluir materias como Fundamentos de la Agricultura, Biología Vegetal, Química Orgánica, Física Aplicada, Matemáticas Básicas.
   - **Segundo año**: Continuar con los mismos temas pero agregar más profundidad en áreas relacionadas a la agricultura, como Farmacopeas, Sistemas de Producción Agropecu","Ruta educativa sugerida. Primera opción recomendada: INGENIERÍA AGRONÓMICA, con la mayor probabilidad estimada de ingreso (17.6 %). Alternativas: INGENIERÍA GEOLÓGICA (15.2 %) y EDUCACIÓN SECUNDARIA DE LA ESPECIALIDAD DE MATEMÁTICA, FÍSICA, COMPUTACIÓN E INFORMÁTICA (13.2 %). Tu fortaleza en Comunicación es coherente con estas opciones. Para mejorar tus posibilidades, refuerza Ciencia y Tecnología antes del examen. Estas probabilidades son estimaciones orientativas basadas en postulantes con perfiles similares, no una garantía de resultado.","Ruta educativa sugerida. Primera opción recomendada: INGENIERÍA AGRONÓMICA, con la mayor probabilidad estimada de ingreso (7.3 %). Alternativas: INGENIERÍA GEOLÓGICA (7.1 %) y INGENIERÍA TOPOGRÁFICA Y AGRIMENSURA (7.1 %). Tu fortaleza en Comunicación es coherente con estas opciones. Para mejorar tus posibilidades, refuerza Ciencia y Tecnología antes del examen. Estas probabilidades son estimaciones orientativas basadas en postulantes con perfiles similares, no una garantía de resultado."
Perfil del postulante: procede de un colegio público de área rural (UGEL SANDIA); promedio de secundaria con desempeño satisfactorio; mayor fortaleza en Inglés y menor en Ciencia y Tecnología; postulaciones anteriores: 0; preparación preuniversitaria: academia particular; área de interés: sociales. Probabilidades estimadas de ingreso: TRABAJO SOCIAL 8.9 %; SOCIOLOGÍA 8.9 %; ADMINISTRACIÓN 7.3 %. Genera una ruta educativa personalizada.,"Ruta educativa sugerida. Primera opción recomendada: TRABAJO SOCIAL, con la mayor probabilidad estimada de ingreso (8.9 %). Alternativas: SOCIOLOGÍA (8.9 %) y ADMINISTRACIÓN (7.3 %). Tu fortaleza en Inglés es coherente con estas opciones. Para mejorar tus posibilidades, refuerza Ciencia y Tecnología antes del examen. Estas probabilidades son estimaciones orientativas basadas en postulantes con perfiles similares, no una garantía de resultado.","Basándome en el perfil proporcionado, aquí tienes una ruta educativa personalizada para que tu postulante pueda aprovechar sus fortalezas y potencial:

1. **Iniciales de Secundaria**: 
   - Continúa tus estudios en secundario, especialmente en áreas donde tengas mayor fortaleza como inglés.
   - Considera opciones de carrera o carreras específicas relacionadas con tu área de interés social.

2. **Preparación Preuniversitaria**:
   - Añade clases adicionales en inglés si aún no lo has hecho.
   - Si es posible, considera cursos de idiomas más avanzados si quieres mejorar aún más tu nivel de inglés.

3. **Preparación Universitaria**:
   - En tu preparatoria universitaria, sigue un plan de estudio que incluya tanto materias de ciencias como de humanidades.
   - Considera opciones de carrera o carreras específicas relacionadas","Ruta educativa sugerida. Primera opción recomendada: SOCIOLOGÍA, con la mayor probabilidad estimada de ingreso (17.6 %). Alternativas: TRABAJO SOCIAL (15.2 %) y ADMINISTRACIÓN (13.2 %). Tu fortaleza en Inglés es coherente con estas opciones. Para mejorar tus posibilidades, refuerza Ciencia y Tecnología antes del examen. Estas probabilidades son estimaciones orientativas basadas en postulantes con perfiles similares, no una garantía de resultado.","Ruta educativa sugerida. Primera opción recomendada: TRABAJO SOCIAL, con la mayor probabilidad estimada de ingreso (8.9 %). Alternativas: SOCIOLOGÍA (8.9 %) y ADMINISTRACIÓN (7.3 %). Tu fortaleza en Inglés es coherente con estas opciones. Para mejorar tus posibilidades, refuerza Ciencia y Tecnología antes del examen. Estas probabilidades son estimaciones orientativas basadas en postulantes con perfiles similares, no una garantía de resultado."
Perfil del postulante: procede de un colegio público de área urbana (UGEL CHUCUITO); promedio de secundaria con desempeño satisfactorio; mayor fortaleza en Matemática y menor en Inglés; postulaciones anteriores: 0; preparación preuniversitaria: cepreuna; área de interés: biomédicas. Probabilidades estimadas de ingreso: BIOLOGÍA: PESQUERÍA 31.1 %; BIOLOGÍA: ECOLOGÍA 25.9 %; MEDICINA VETERINARIA Y ZOOTECNIA 20.2 %. Genera una ruta educativa personalizada.,"Ruta educativa sugerida. Primera opción recomendada: BIOLOGÍA: PESQUERÍA, con la mayor probabilidad estimada de ingreso (31.1 %). Alternativas: BIOLOGÍA: ECOLOGÍA (25.9 %) y MEDICINA VETERINARIA Y ZOOTECNIA (20.2 %). Tu fortaleza en Matemática es coherente con estas opciones. Para mejorar tus posibilidades, refuerza Inglés antes del examen. Estas probabilidades son estimaciones orientativas basadas en postulantes con perfiles similares, no una garantía de resultado.","Basándome en el perfil proporcionado, aquí tienes una ruta educativa personalizada para que tu postulante pueda aprovechar al máximo sus posibilidades:

1. **Matemáticas**: 
   - Continuar con matemáticas en la preparatoria universitaria.
   - Considerar opciones como ingeniería o ciencias de la computación si es interesado en estos campos.

2. **Inglés**:
   - Siempre mantenerse actualizado en inglés mediante cursos online o libros de gramática.
   - Considerar estudiar inglés durante la preparatoria universitaria.

3. **Biomédica**:
   - Enseñanza media: Bioquímica, Biología Molecular, Genética.
   - Preparación para exámenes de admisión a universidades especializadas en medicina veterinaria, zootecnia, etc.

4. **Medicina Veterinaria y Zootecnia**:","Ruta educativa sugerida. Primera opción recomendada: BIOLOGÍA: PESQUERÍA, con la mayor probabilidad estimada de ingreso (17.6 %). Alternativas: BIOLOGÍA: ECOLOGÍA (13.2 %) y MEDICINA VETERINARIA Y ZOOTECNIA (8.9 %). Tu fortaleza en Matemática es coherente con estas opciones. Para mejorar tus posibilidades, refuerza Inglés antes del examen. Estas probabilidades son estimaciones orientativas basadas en postulantes con perfiles similares, no una garantía de resultado.","Ruta educativa sugerida. Primera opción recomendada: BIOLOGÍA: PESQUERÍA, con la mayor probabilidad estimada de ingreso (31.1 %). Alternativas: BIOLOGÍA: ECOLOGÍA (25.9 %) y MEDICINA VETERINARIA Y ZOOTECNIA (20.2 %). Tu fortaleza en Matemática es coherente con estas opciones. Para mejorar tus posibilidades, refuerza Inglés antes del examen. Estas probabilidades son estimaciones orientativas basadas en postulantes con perfiles similares, no una garantía de resultado."
Perfil del postulante: procede de un colegio público de área urbana (UGEL PUNO); promedio de secundaria con desempeño satisfactorio; mayor fortaleza en Matemática y menor en Inglés; postulaciones anteriores: 0; preparación preuniversitaria: academia particular; área de interés: biomédicas. Probabilidades estimadas de ingreso: BIOLOGÍA: ECOLOGÍA 12.3 %; BIOLOGÍA: PESQUERÍA 12.3 %; NUTRICIÓN HUMANA 8.9 %. Genera una ruta educativa personalizada.,"Ruta educativa sugerida. Primera opción recomendada: BIOLOGÍA: ECOLOGÍA, con la mayor probabilidad estimada de ingreso (12.3 %). Alternativas: BIOLOGÍA: PESQUERÍA (12.3 %) y NUTRICIÓN HUMANA (8.9 %). Tu fortaleza en Matemática es coherente con estas opciones. Para mejorar tus posibilidades, refuerza Inglés antes del examen. Estas probabilidades son estimaciones orientativas basadas en postulantes con perfiles similares, no una garantía de resultado.","Basándome en el perfil proporcionado, aquí tienes una ruta educativa personalizada para que tu postulante pueda aprovechar al máximo sus posibilidades:

1. **Matemáticas**: 
   - Continuar con matemáticas en la universidad.
   - Considerar cursos avanzados como álgebra lineal, cálculo multivariable o teoría de grupos.

2. **Inglés**:
   - Aprender inglés desde tempranas etapas escolares.
   - Considerar cursos de idiomas adicionales si es necesario.

3. **Biomédica**:
   - Enseñanza básica en secundario.
   - Postgrado en áreas relacionadas a la salud pública, como epidemiología o biotecnología.

4. **Educación Ambiental**:
   - Estudios sobre ecología y conservación.
   - Posible carrera en áreas ambientales como ingeniería medioambiental o gestión de","Ruta educativa sugerida. Primera opción recomendada: BIOLOGÍA: ECOLOGÍA, con la mayor probabilidad estimada de ingreso (17.6 %). Alternativas: BIOLOGÍA: PESQUERÍA (17.6 %) y NUTRICIÓN HUMANA (12.3 %). Tu fortaleza en Matemática es coherente con estas opciones. Para mejorar tus posibilidades, refuerza Inglés antes del examen. Estas probabilidades son estimaciones orientativas basadas en postulantes con perfiles similares, no una garantía de resultado.","Ruta educativa sugerida. Primera opción recomendada: BIOLOGÍA: ECOLOGÍA, con la mayor probabilidad estimada de ingreso (12.3 %). Alternativas: BIOLOGÍA: PESQUERÍA (12.3 %) y NUTRICIÓN HUMANA (8.9 %). Tu fortaleza en Matemática es coherente con estas opciones. Para mejorar tus posibilidades, refuerza Inglés antes del examen. Estas probabilidades son estimaciones orientativas basadas en postulantes con perfiles similares, no una garantía de resultado."
Perfil del postulante: procede de un colegio público de área urbana (UGEL SAN ROMÁN); promedio de secundaria con desempeño satisfactorio; mayor fortaleza en Comunicación y menor en Matemática; postulaciones anteriores: 1; preparación preuniversitaria: autoestudio; área de interés: sociales. Probabilidades estimadas de ingreso: SOCIOLOGÍA 11.0 %; CIENCIAS CONTABLES 8.9 %; EDUCACIÓN FÍSICA 8.9 %. Genera una ruta educativa personalizada.,"Ruta educativa sugerida. Primera opción recomendada: SOCIOLOGÍA, con la mayor probabilidad estimada de ingreso (11.0 %). Alternativas: CIENCIAS CONTABLES (8.9 %) y EDUCACIÓN FÍSICA (8.9 %). Tu fortaleza en Comunicación es coherente con estas opciones. Para mejorar tus posibilidades, refuerza Matemática antes del examen. Estas probabilidades son estimaciones orientativas basadas en postulantes con perfiles similares, no una garantía de resultado.","Basándome en el perfil proporcionado, puedo generar una ruta educativa para que tu postulante pueda aprovechar sus fortalezas y potencialidades:

1. **Comenzar su carrera universitaria**: La opción más probable es la **SOCIOLOGÍA**, ya que tiene un porcentaje de 11%. Esta carrera se adapta bien a su fortaleza en Comunicación y puede explorar temas sociales de manera interesante.

2. **Continuar en la misma carrera**: Si decide seguir en SOCIOLOGÍA, podrías considerar opciones como:
   - **Análisis Social**
   - **Estudios Sociales**
   - **Psicología Social**

3. **Adaptarse a otras áreas si no alcanza los objetivos específicos**: En caso de que no alcance los objetivos de SOCIOLOGÍA, puedes considerar carreras relacionadas o alternativas:
   - **CIENTOCONTABLE","Ruta educativa sugerida. Primera opción recomendada: SOCIOLOGÍA, con la mayor probabilidad estimada de ingreso (26.8 %). Alternativas: TRABAJO SOCIAL (25.9 %) y CIENCIAS CONTABLES (20.7 %). Tu fortaleza en Comunicación es coherente con estas opciones. Para mejorar tus posibilidades, refuerza Matemática antes del examen. Estas probabilidades son estimaciones orientativas basadas en postulantes con perfiles similares, no una garantía de resultado.","Ruta educativa sugerida. Primera opción recomendada: SOCIOLOGÍA, con la mayor probabilidad estimada de ingreso (11.0 %). Alternativas: CIENCIAS CONTABLES (8.9 %) y EDUCACIÓN FÍSICA (8.9 %). Tu fortaleza en Comunicación es coherente con estas opciones. Para mejorar tus posibilidades, refuerza Matemática antes del examen. Estas probabilidades son estimaciones orientativas basadas en postulantes con perfiles similares, no una garantía de resultado."
Perfil del postulante: procede de un colegio público de área urbana (UGEL CHUCUITO); promedio de secundaria con desempeño satisfactorio; mayor fortaleza en Ciencia y Tecnología y menor en Inglés; postulaciones anteriores: 0; preparación preuniversitaria: academia particular; área de interés: biomédicas. Probabilidades estimadas de ingreso: BIOLOGÍA: PESQUERÍA 26.1 %; BIOLOGÍA: ECOLOGÍA 17.6 %; MEDICINA VETERINARIA Y ZOOTECNIA 17.6 %. Genera una ruta educativa personalizada.,"Ruta educativa sugerida. Primera opción recomendada: BIOLOGÍA: PESQUERÍA, con la mayor probabilidad estimada de ingreso (26.1 %). Alternativas: BIOLOGÍA: ECOLOGÍA (17.6 %) y MEDICINA VETERINARIA Y ZOOTECNIA (17.6 %). Tu fortaleza en Ciencia y Tecnología es coherente con estas opciones. Para mejorar tus posibilidades, refuerza Inglés antes del examen. Estas probabilidades son estimaciones orientativas basadas en postulantes con perfiles similares, no una garantía de resultado.","Basándome en el perfil proporcionado, aquí tienes una ruta educativa personalizada para que tu postulante pueda tener más posibilidades de ingresar a la carrera de Medicina Veterinaria y Zootecnia:

1. **Preparación Académica**:
   - **Matemáticas**: Comienza con los fundamentos matemáticos necesarios para entender conceptos avanzados en medicina veterinaria.
   - **Química**: Es importante dominar la química básica ya que es fundamental en muchos aspectos de la medicina veterinaria.

2. **Primeros Pasos en la Matemática**:
   - **Algebra**: Aprende algebra lineal y cuántica para abordar problemas complejos en medicina veterinaria.
   - **Geometría**: Conocimientos básicos de geometría permiten entender mejor los diseños y estructuras de animales.

3. **Inglés**:","Ruta educativa sugerida. Primera opción recomendada: BIOLOGÍA: ECOLOGÍA, con la mayor probabilidad estimada de ingreso (17.6 %). Alternativas: BIOLOGÍA: PESQUERÍA (17.6 %) y NUTRICIÓN HUMANA (12.3 %). Tu fortaleza en Ciencia y Tecnología es coherente con estas opciones. Para mejorar tus posibilidades, refuerza Inglés antes del examen. Estas probabilidades son estimaciones orientativas basadas en postulantes con perfiles similares, no una garantía de resultado.","Ruta educativa sugerida. Primera opción recomendada: BIOLOGÍA: PESQUERÍA, con la mayor probabilidad estimada de ingreso (26.1 %). Alternativas: BIOLOGÍA: ECOLOGÍA (17.6 %) y MEDICINA VETERINARIA Y ZOOTECNIA (17.6 %). Tu fortaleza en Ciencia y Tecnología es coherente con estas opciones. Para mejorar tus posibilidades, refuerza Inglés antes del examen. Estas probabilidades son estimaciones orientativas basadas en postulantes con perfiles similares, no una garantía de resultado."
Perfil del postulante: procede de un colegio privado de área urbana (UGEL SAN ROMÁN); promedio de secundaria con desempeño satisfactorio; mayor fortaleza en Comunicación y menor en Matemática; postulaciones anteriores: 0; preparación preuniversitaria: cepreuna previo; área de interés: sociales. Probabilidades estimadas de ingreso: SOCIOLOGÍA 23.4 %; ADMINISTRACIÓN 17.6 %; TRABAJO SOCIAL 17.6 %. Genera una ruta educativa personalizada.,"Ruta educativa sugerida. Primera opción recomendada: SOCIOLOGÍA, con la mayor probabilidad estimada de ingreso (23.4 %). Alternativas: ADMINISTRACIÓN (17.6 %) y TRABAJO SOCIAL (17.6 %). Tu fortaleza en Comunicación es coherente con estas opciones. Para mejorar tus posibilidades, refuerza Matemática antes del examen. Estas probabilidades son estimaciones orientativas basadas en postulantes con perfiles similares, no una garantía de resultado.","Basándome en el perfil proporcionado, aquí tienes una ruta educativa personalizada para que tu postulante pueda aprovechar sus fortalezas y potencial:

1. **Primera Semana Académica**: 
   - **Comenzar con los fundamentos**: Inicia con materias básicas como Lógica y Matemáticas Básicas.
   - **Primer semestre**:
     - **Matemáticas**: Aprende matemáticas desde cero o revisa lo que falta.
     - **Comunicación**: Enriquece su habilidad comunicativa con clases de Escritura y Conocimiento de la Cultura.
   
2. **Segundo Semestre Académico**:
   - **Segundo semestre**:
     - **Social Science**: Comienza con las ciencias sociales, especialmente Sociología.
     - **Trabajo Social**: Siempre es útil tener un poco de conocimiento sobre este campo.

3","Ruta educativa sugerida. Primera opción recomendada: SOCIOLOGÍA, con la mayor probabilidad estimada de ingreso (17.6 %). Alternativas: TRABAJO SOCIAL (15.2 %) y CIENCIAS CONTABLES (13.2 %). Tu fortaleza en Comunicación es coherente con estas opciones. Para mejorar tus posibilidades, refuerza Matemática antes del examen. Estas probabilidades son estimaciones orientativas basadas en postulantes con perfiles similares, no una garantía de resultado.","Ruta educativa sugerida. Primera opción recomendada: SOCIOLOGÍA, con la mayor probabilidad estimada de ingreso (23.4 %). Alternativas: ADMINISTRACIÓN (17.6 %) y TRABAJO SOCIAL (17.6 %). Tu fortaleza en Comunicación es coherente con estas opciones. Para mejorar tus posibilidades, refuerza Matemática antes del examen. Estas probabilidades son estimaciones orientativas basadas en postulantes con perfiles similares, no una garantía de resultado."
Perfil del postulante: procede de un colegio público de área rural (UGEL AZÁNGARO); promedio de secundaria con desempeño satisfactorio; mayor fortaleza en Ciencias Sociales y menor en Ciencia y Tecnología; postulaciones anteriores: 0; preparación preuniversitaria: cepreuna previo; área de interés: sociales. Probabilidades estimadas de ingreso: SOCIOLOGÍA 27.9 %; TRABAJO SOCIAL 26.8 %; ADMINISTRACIÓN 25.9 %. Genera una ruta educativa personalizada.,"Ruta educativa sugerida. Primera opción recomendada: SOCIOLOGÍA, con la mayor probabilidad estimada de ingreso (27.9 %). Alternativas: TRABAJO SOCIAL (26.8 %) y ADMINISTRACIÓN (25.9 %). Tu fortaleza en Ciencias Sociales es coherente con estas opciones. Para mejorar tus posibilidades, refuerza Ciencia y Tecnología antes del examen. Estas probabilidades son estimaciones orientativas basadas en postulantes con perfiles similares, no una garantía de resultado.","Basándome en el perfil proporcionado, puedo generar una ruta educativa para que tu postulante tenga más posibilidades de ingresar a la carrera de Trabajo Social o Administración en la Universidad Nacional del Altiplano de Puno.

1. **Primera Semana**: Inicia con los cursos de introducción al estudio universitario y matemáticas básicas.
   
   - **Ciclo de Formación** (CF) 1: Matemáticas Básicas I
   - **Ciclo de Formación** (CF) 2: Introducción al Estudio Universitario

2. **Segunda Semana**: Comienza con los cursos de lógica y pensamiento crítico.

   - **Ciclo de Formación** (CF) 3: Lógica y Pensamiento Crítico
   - **Ciclo de Formación** (CF) 4: Fundamentos de la","Ruta educativa sugerida. Primera opción recomendada: SOCIOLOGÍA, con la mayor probabilidad estimada de ingreso (17.6 %). Alternativas: TRABAJO SOCIAL (15.2 %) y ADMINISTRACIÓN (13.2 %). Tu fortaleza en Ciencias Sociales es coherente con estas opciones. Para mejorar tus posibilidades, refuerza Ciencia y Tecnología antes del examen. Estas probabilidades son estimaciones orientativas basadas en postulantes con perfiles similares, no una garantía de resultado.","Ruta educativa sugerida. Primera opción recomendada: SOCIOLOGÍA, con la mayor probabilidad estimada de ingreso (27.9 %). Alternativas: TRABAJO SOCIAL (26.8 %) y ADMINISTRACIÓN (25.9 %). Tu fortaleza en Ciencias Sociales es coherente con estas opciones. Para mejorar tus posibilidades, refuerza Ciencia y Tecnología antes del examen. Estas probabilidades son estimaciones orientativas basadas en postulantes con perfiles similares, no una garantía de resultado."
Perfil del postulante: procede de un colegio público de área rural (UGEL MELGAR); promedio de secundaria con desempeño satisfactorio; mayor fortaleza en Ciencias Sociales y menor en Ciencia y Tecnología; postulaciones anteriores: 0; preparación preuniversitaria: academia particular; área de interés: ingenierías. Probabilidades estimadas de ingreso: INGENIERÍA AGRONÓMICA 8.9 %; INGENIERÍA TOPOGRÁFICA Y AGRIMENSURA 8.9 %; INGENIERÍA GEOLÓGICA 5.8 %. Genera una ruta educativa personalizada.,"Ruta educativa sugerida. Primera opción recomendada: INGENIERÍA AGRONÓMICA, con la mayor probabilidad estimada de ingreso (8.9 %). Alternativas: INGENIERÍA TOPOGRÁFICA Y AGRIMENSURA (8.9 %) y INGENIERÍA GEOLÓGICA (5.8 %). Tu fortaleza en Ciencias Sociales es coherente con estas opciones. Para mejorar tus posibilidades, refuerza Ciencia y Tecnología antes del examen. Estas probabilidades son estimaciones orientativas basadas en postulantes con perfiles similares, no una garantía de resultado.","Basándome en el perfil proporcionado, aquí tienes una ruta educativa personalizada para que tu postulante pueda aprovechar al máximo sus posibilidades:

1. **Reforzar conocimientos en Ciencias Sociales**: 
   - Continuar con los estudios en secundario si aún no lo han hecho.
   - Considerar cursos adicionales como ""Ciencias Políticas"", ""Geografía"" o ""Historia"".
   - Participar en actividades extracurriculares relacionadas con estos campos.

2. **Incorporar Ciencias Técnicas**:
   - Si aún no ha tomado clases de ciencias técnicas, considerar opciones como ""Matemáticas Aplicadas"", ""Química"", ""Biología"" o ""Física"".
   - En caso de tener ya ciertos conocimientos, considerar carreras más técnicas como Ingeniería Química o Electrónica.

3. **Formación","Ruta educativa sugerida. Primera opción recomendada: INGENIERÍA AGRONÓMICA, con la mayor probabilidad estimada de ingreso (17.6 %). Alternativas: INGENIERÍA GEOLÓGICA (15.2 %) y EDUCACIÓN SECUNDARIA DE LA ESPECIALIDAD DE MATEMÁTICA, FÍSICA, COMPUTACIÓN E INFORMÁTICA (13.2 %). Tu fortaleza en Ciencias Sociales es coherente con estas opciones. Para mejorar tus posibilidades, refuerza Ciencia y Tecnología antes del examen. Estas probabilidades son estimaciones orientativas basadas en postulantes con perfiles similares, no una garantía de resultado.","Ruta educativa sugerida. Primera opción recomendada: INGENIERÍA AGRONÓMICA, con la mayor probabilidad estimada de ingreso (8.9 %). Alternativas: INGENIERÍA TOPOGRÁFICA Y AGRIMENSURA (8.9 %) y INGENIERÍA GEOLÓGICA (5.8 %). Tu fortaleza en Ciencias Sociales es coherente con estas opciones. Para mejorar tus posibilidades, refuerza Ciencia y Tecnología antes del examen. Estas probabilidades son estimaciones orientativas basadas en postulantes con perfiles similares, no una garantía de resultado."
Perfil del postulante: procede de un colegio público de área rural (UGEL AZÁNGARO); promedio de secundaria con desempeño en proceso; mayor fortaleza en Comunicación y menor en Matemática; postulaciones anteriores: 0; preparación preuniversitaria: nan; área de interés: sociales. Probabilidades estimadas de ingreso: SOCIOLOGÍA 0.9 %; CIENCIAS CONTABLES 0.3 %; TRABAJO SOCIAL 0.3 %. Genera una ruta educativa personalizada.,"Ruta educativa sugerida. Primera opción recomendada: SOCIOLOGÍA, con la mayor probabilidad estimada de ingreso (0.9 %). Alternativas: CIENCIAS CONTABLES (0.3 %) y TRABAJO SOCIAL (0.3 %). Tu fortaleza en Comunicación es coherente con estas opciones. Para mejorar tus posibilidades, refuerza Matemática antes del examen. Estas probabilidades son estimaciones orientativas basadas en postulantes con perfiles similares, no una garantía de resultado.","Basándome en el perfil proporcionado, aquí tienes una ruta educativa personalizada para que tu postulante pueda aprovechar sus fortalezas y potencial:

1. **Comenzar con los fundamentos**: 
   - Inicia con un curso de matemáticas básicas o álgebra.
   - Aprovecha tus habilidades en comunicación para mejorar tus habilidades orales y escritas.

2. **Matemáticas avanzadas**:
   - Si aún no has tomado clases de matemáticas avanzadas, considera tomar un curso de trigonometría o cálculo.
   - Considera también cursos de estadística y probabilidad si es interesante este tema.

3. **Comunicación y redacción**:
   - Continúa trabajando en tu comunicación oral y escrita.
   - Considera cursos de literatura o ciencias sociales para profundizar en esta área.

4. **Social Science**:
   - Envió","Ruta educativa sugerida. Primera opción recomendada: SOCIOLOGÍA, con la mayor probabilidad estimada de ingreso (12.3 %). Alternativas: EDUCACIÓN FÍSICA (11.0 %) y TRABAJO SOCIAL (9.2 %). Tu fortaleza en Comunicación es coherente con estas opciones. Para mejorar tus posibilidades, refuerza Matemática antes del examen. Estas probabilidades son estimaciones orientativas basadas en postulantes con perfiles similares, no una garantía de resultado.","Ruta educativa sugerida. Primera opción recomendada: SOCIOLOGÍA, con la mayor probabilidad estimada de ingreso (0.9 %). Alternativas: CIENCIAS CONTABLES (0.3 %) y TRABAJO SOCIAL (0.3 %). Tu fortaleza en Comunicación es coherente con estas opciones. Para mejorar tus posibilidades, refuerza Matemática antes del examen. Estas probabilidades son estimaciones orientativas basadas en postulantes con perfiles similares, no una garantía de resultado."
Perfil del postulante: procede de un colegio público de área urbana (UGEL PUNO); promedio de secundaria con desempeño satisfactorio; mayor fortaleza en Matemática y menor en Ciencia y Tecnología; postulaciones anteriores: 1; preparación preuniversitaria: academia particular; área de interés: biomédicas. Probabilidades estimadas de ingreso: BIOLOGÍA: PESQUERÍA 46.3 %; BIOLOGÍA: ECOLOGÍA 42.2 %; NUTRICIÓN HUMANA 36.7 %. Genera una ruta educativa personalizada.,"Ruta educativa sugerida. Primera opción recomendada: BIOLOGÍA: PESQUERÍA, con la mayor probabilidad estimada de ingreso (46.3 %). Alternativas: BIOLOGÍA: ECOLOGÍA (42.2 %) y NUTRICIÓN HUMANA (36.7 %). Tu fortaleza en Matemática es coherente con estas opciones. Para mejorar tus posibilidades, refuerza Ciencia y Tecnología antes del examen. Estas probabilidades son estimaciones orientativas basadas en postulantes con perfiles similares, no una garantía de resultado.","Basándome en el perfil proporcionado, puedo generar una ruta educativa para que tu postulante tenga más posibilidades de ingresar a la carrera de Biología - Pescaría en la Universidad Nacional del Altiplano de Puno.

1. **Matemáticas**: Asegúrate de mantener un buen desempeño en matemáticas durante tus años de preparatoria. Esto te ayudará a superar los desafíos que podrían surgir en esta carrera específica.

2. **Ciencias Naturales**: Considera optar por carreras como Química o Física antes de entrar al último año de secundario. Estas materias son fundamentales para entender los procesos biológicos y pueden ser muy útiles en este campo.

3. **Biomatemáticas**: Esta es una opción interesante si consideras profundizar en la aplicación de las matemáticas en la biología. Es una disciplina que","Ruta educativa sugerida. Primera opción recomendada: BIOLOGÍA: ECOLOGÍA, con la mayor probabilidad estimada de ingreso (26.8 %). Alternativas: BIOLOGÍA: PESQUERÍA (26.8 %) y NUTRICIÓN HUMANA (17.6 %). Tu fortaleza en Matemática es coherente con estas opciones. Para mejorar tus posibilidades, refuerza Ciencia y Tecnología antes del examen. Estas probabilidades son estimaciones orientativas basadas en postulantes con perfiles similares, no una garantía de resultado.","Ruta educativa sugerida. Primera opción recomendada: BIOLOGÍA: PESQUERÍA, con la mayor probabilidad estimada de ingreso (46.3 %). Alternativas: BIOLOGÍA: ECOLOGÍA (42.2 %) y NUTRICIÓN HUMANA (36.7 %). Tu fortaleza en Matemática es coherente con estas opciones. Para mejorar tus posibilidades, refuerza Ciencia y Tecnología antes del examen. Estas probabilidades son estimaciones orientativas basadas en postulantes con perfiles similares, no una garantía de resultado."
Perfil del postulante: procede de un colegio público de área urbana (UGEL HUANCANÉ); promedio de secundaria con desempeño satisfactorio; mayor fortaleza en Ciencia y Tecnología y menor en Comunicación; postulaciones anteriores: 0; preparación preuniversitaria: academia particular; área de interés: sociales. Probabilidades estimadas de ingreso: ADMINISTRACIÓN 5.8 %; SOCIOLOGÍA 5.8 %; EDUCACIÓN FÍSICA 5.3 %. Genera una ruta educativa personalizada.,"Ruta educativa sugerida. Primera opción recomendada: ADMINISTRACIÓN, con la mayor probabilidad estimada de ingreso (5.8 %). Alternativas: SOCIOLOGÍA (5.8 %) y EDUCACIÓN FÍSICA (5.3 %). Tu fortaleza en Ciencia y Tecnología es coherente con estas opciones. Para mejorar tus posibilidades, refuerza Comunicación antes del examen. Estas probabilidades son estimaciones orientativas basadas en postulantes con perfiles similares, no una garantía de resultado.","Basándome en el perfil proporcionado, puedo generar una ruta educativa para que tu postulante tenga más posibilidades de ingresar a los campos de estudio elegidos.

1. **Primera Semana**: Inicia con un curso de introducción al sistema universitario y a las matrículas.
2. **Segunda Semana**: Realiza un examen de acceso a la educación superior (EASE) o un examen similar si es necesario.
3. **Tercera Semana**: Comienza su preparación para la matrícula en la Universidad Nacional del Altiplano de Puno. 
4. **Cuarta Semana**: Se inscribirá en la carrera de Educación Física.
5. **Quinta Semana**: Si aún no ha sido admitido, se enfocará en la carrera de Administración.
6. **Seis Semanas**: Finalmente, si aún no ha sido admitido, se","Ruta educativa sugerida. Primera opción recomendada: SOCIOLOGÍA, con la mayor probabilidad estimada de ingreso (17.6 %). Alternativas: TRABAJO SOCIAL (15.2 %) y CIENCIAS CONTABLES (13.2 %). Tu fortaleza en Ciencia y Tecnología es coherente con estas opciones. Para mejorar tus posibilidades, refuerza Comunicación antes del examen. Estas probabilidades son estimaciones orientativas basadas en postulantes con perfiles similares, no una garantía de resultado.","Ruta educativa sugerida. Primera opción recomendada: ADMINISTRACIÓN, con la mayor probabilidad estimada de ingreso (5.8 %). Alternativas: SOCIOLOGÍA (5.8 %) y EDUCACIÓN FÍSICA (5.3 %). Tu fortaleza en Ciencia y Tecnología es coherente con estas opciones. Para mejorar tus posibilidades, refuerza Comunicación antes del examen. Estas probabilidades son estimaciones orientativas basadas en postulantes con perfiles similares, no una garantía de resultado."
"Perfil del postulante: procede de un colegio público de área urbana (UGEL YUNGUYO); promedio de secundaria con desempeño satisfactorio; mayor fortaleza en Comunicación y menor en Inglés; postulaciones anteriores: 0; preparación preuniversitaria: academia particular; área de interés: ingenierías. Probabilidades estimadas de ingreso: INGENIERÍA TOPOGRÁFICA Y AGRIMENSURA 23.4 %; INGENIERÍA AGRONÓMICA 20.2 %; EDUCACIÓN SECUNDARIA DE LA ESPECIALIDAD DE MATEMÁTICA, FÍSICA, COMPUTACIÓN E INFORMÁTICA 18.2 %. Genera una ruta educativa personalizada.","Ruta educativa sugerida. Primera opción recomendada: INGENIERÍA TOPOGRÁFICA Y AGRIMENSURA, con la mayor probabilidad estimada de ingreso (23.4 %). Alternativas: INGENIERÍA AGRONÓMICA (20.2 %) y EDUCACIÓN SECUNDARIA DE LA ESPECIALIDAD DE MATEMÁTICA, FÍSICA, COMPUTACIÓN E INFORMÁTICA (18.2 %). Tu fortaleza en Comunicación es coherente con estas opciones. Para mejorar tus posibilidades, refuerza Inglés antes del examen. Estas probabilidades son estimaciones orientativas basadas en postulantes con perfiles similares, no una garantía de resultado.","Basándome en el perfil proporcionado, puedo generar una ruta educativa para que tu postulante pueda aprovechar sus fortalezas y potencialidades. Aquí te presento algunas sugerencias:

1. **Comunicación**: 
   - Continuar con su fortaleza en este campo.
   - Considerar cursos o actividades relacionados con comunicación en línea, redes sociales, etc.

2. **Inglés**:
   - Si aún no ha alcanzado un nivel aceptable, considerar clases adicionales o tutoriales online.
   - Mantenerse actualizado con recursos en línea para mejorar su habilidad.

3. **Ingles II**:
   - Si ya tiene cierto nivel, considerar cursos avanzados o certificaciones específicas en inglés.

4. **Matemáticas**:
   - Enriquecer su currículum con materias como álgebra, trigonometría, cálculo, estadística e incluso geometría anal","Ruta educativa sugerida. Primera opción recomendada: INGENIERÍA AGRONÓMICA, con la mayor probabilidad estimada de ingreso (17.6 %). Alternativas: INGENIERÍA GEOLÓGICA (15.2 %) y EDUCACIÓN SECUNDARIA DE LA ESPECIALIDAD DE MATEMÁTICA, FÍSICA, COMPUTACIÓN E INFORMÁTICA (13.2 %). Tu fortaleza en Comunicación es coherente con estas opciones. Para mejorar tus posibilidades, refuerza Inglés antes del examen. Estas probabilidades son estimaciones orientativas basadas en postulantes con perfiles similares, no una garantía de resultado.","Ruta educativa sugerida. Primera opción recomendada: INGENIERÍA TOPOGRÁFICA Y AGRIMENSURA, con la mayor probabilidad estimada de ingreso (23.4 %). Alternativas: INGENIERÍA AGRONÓMICA (20.2 %) y EDUCACIÓN SECUNDARIA DE LA ESPECIALIDAD DE MATEMÁTICA, FÍSICA, COMPUTACIÓN E INFORMÁTICA (18.2 %). Tu fortaleza en Comunicación es coherente con estas opciones. Para mejorar tus posibilidades, refuerza Inglés antes del examen. Estas probabilidades son estimaciones orientativas basadas en postulantes con perfiles similares, no una garantía de resultado."
"Perfil del postulante: procede de un colegio público de área rural (UGEL EL COLLAO); promedio de secundaria con desempeño satisfactorio; mayor fortaleza en Comunicación y menor en Matemática; postulaciones anteriores: 0; preparación preuniversitaria: cepreuna; área de interés: ingenierías. Probabilidades estimadas de ingreso: INGENIERÍA TOPOGRÁFICA Y AGRIMENSURA 42.2 %; INGENIERÍA MECÁNICA ELÉCTRICA 42.2 %; EDUCACIÓN SECUNDARIA DE LA ESPECIALIDAD DE MATEMÁTICA, FÍSICA, COMPUTACIÓN E INFORMÁTICA 41.7 %. Genera una ruta educativa personalizada.","Ruta educativa sugerida. Primera opción recomendada: INGENIERÍA TOPOGRÁFICA Y AGRIMENSURA, con la mayor probabilidad estimada de ingreso (42.2 %). Alternativas: INGENIERÍA MECÁNICA ELÉCTRICA (42.2 %) y EDUCACIÓN SECUNDARIA DE LA ESPECIALIDAD DE MATEMÁTICA, FÍSICA, COMPUTACIÓN E INFORMÁTICA (41.7 %). Tu fortaleza en Comunicación es coherente con estas opciones. Para mejorar tus posibilidades, refuerza Matemática antes del examen. Estas probabilidades son estimaciones orientativas basadas en postulantes con perfiles similares, no una garantía de resultado.","Basado en el perfil proporcionado, aquí tienes una ruta educativa personalizada para que tu postulante pueda aprovechar sus fortalezas y potencial:

1. **Preparación Preuniversitaria**: 
   - Continuar con la preparación preuniversitaria existente.
   - Considerar opciones adicionales como matemáticas avanzadas o física para complementar su fortaleza en Matemáticas.

2. **Matemáticas**:
   - Enseñanza Media: Incluir cursos intensivos en Matemáticas.
   - Opciones adicionales: Cálculo, Álgebra Lineal, Geometría Analítica.

3. **Comunicación**:
   - Enseñanza Media: Seleccionar carreras donde se requiera habilidad comunicativa.
   - Opciones adicionales: Ciencias Sociales, Lengua, Filosofía.

4. **Ing. Topográfica y Agrimensura","Ruta educativa sugerida. Primera opción recomendada: INGENIERÍA AGRONÓMICA, con la mayor probabilidad estimada de ingreso (17.6 %). Alternativas: INGENIERÍA GEOLÓGICA (15.2 %) y EDUCACIÓN SECUNDARIA DE LA ESPECIALIDAD DE MATEMÁTICA, FÍSICA, COMPUTACIÓN E INFORMÁTICA (13.2 %). Tu fortaleza en Comunicación es coherente con estas opciones. Para mejorar tus posibilidades, refuerza Matemática antes del examen. Estas probabilidades son estimaciones orientativas basadas en postulantes con perfiles similares, no una garantía de resultado.","Ruta educativa sugerida. Primera opción recomendada: INGENIERÍA TOPOGRÁFICA Y AGRIMENSURA, con la mayor probabilidad estimada de ingreso (42.2 %). Alternativas: INGENIERÍA MECÁNICA ELÉCTRICA (42.2 %) y EDUCACIÓN SECUNDARIA DE LA ESPECIALIDAD DE MATEMÁTICA, FÍSICA, COMPUTACIÓN E INFORMÁTICA (41.7 %). Tu fortaleza en Comunicación es coherente con estas opciones. Para mejorar tus posibilidades, refuerza Matemática antes del examen. Estas probabilidades son estimaciones orientativas basadas en postulantes con perfiles similares, no una garantía de resultado."
Perfil del postulante: procede de un colegio público de área urbana (UGEL SAN ROMÁN); promedio de secundaria con desempeño satisfactorio; mayor fortaleza en Comunicación y menor en Ciencia y Tecnología; postulaciones anteriores: 0; preparación preuniversitaria: cepreuna; área de interés: ingenierías. Probabilidades estimadas de ingreso: INGENIERÍA TOPOGRÁFICA Y AGRIMENSURA 42.2 %; INGENIERÍA AGRONÓMICA 41.7 %; INGENIERÍA MECÁNICA ELÉCTRICA 41.7 %. Genera una ruta educativa personalizada.,"Ruta educativa sugerida. Primera opción recomendada: INGENIERÍA TOPOGRÁFICA Y AGRIMENSURA, con la mayor probabilidad estimada de ingreso (42.2 %). Alternativas: INGENIERÍA AGRONÓMICA (41.7 %) y INGENIERÍA MECÁNICA ELÉCTRICA (41.7 %). Tu fortaleza en Comunicación es coherente con estas opciones. Para mejorar tus posibilidades, refuerza Ciencia y Tecnología antes del examen. Estas probabilidades son estimaciones orientativas basadas en postulantes con perfiles similares, no una garantía de resultado.","Basándome en el perfil y las probabilidades proporcionados, aquí tienes una ruta educativa personalizada para que tu postulante pueda tener más posibilidades de ingresar a las carreras elegidas:

1. **Preparación Preuniversitaria**: 
   - Continuar con la preparación preuniversitaria vigente.
   - Considerar opciones adicionales como matemáticas avanzadas o física, ya que estas materias pueden ser necesarias para algunas de las carreras.

2. **Matemáticas y Física**:
   - Estudiar estos temas intensivamente durante los primeros años universitarios.
   - Si es posible, considerar cursos adicionales en matemáticas avanzadas o física.

3. **Comunicación y Lenguaje**:
   - Mantenerse fuertes en sus habilidades comunicativas.
   - Considerar cursos adicionales en idiomas extranjeros si es necesario para alguna carrera específica","Ruta educativa sugerida. Primera opción recomendada: INGENIERÍA AGRONÓMICA, con la mayor probabilidad estimada de ingreso (17.6 %). Alternativas: INGENIERÍA GEOLÓGICA (15.2 %) y EDUCACIÓN SECUNDARIA DE LA ESPECIALIDAD DE MATEMÁTICA, FÍSICA, COMPUTACIÓN E INFORMÁTICA (13.2 %). Tu fortaleza en Comunicación es coherente con estas opciones. Para mejorar tus posibilidades, refuerza Ciencia y Tecnología antes del examen. Estas probabilidades son estimaciones orientativas basadas en postulantes con perfiles similares, no una garantía de resultado.","Ruta educativa sugerida. Primera opción recomendada: INGENIERÍA TOPOGRÁFICA Y AGRIMENSURA, con la mayor probabilidad estimada de ingreso (42.2 %). Alternativas: INGENIERÍA AGRONÓMICA (41.7 %) y INGENIERÍA MECÁNICA ELÉCTRICA (41.7 %). Tu fortaleza en Comunicación es coherente con estas opciones. Para mejorar tus posibilidades, refuerza Ciencia y Tecnología antes del examen. Estas probabilidades son estimaciones orientativas basadas en postulantes con perfiles similares, no una garantía de resultado."
